id_persona,sexo,salario_mensual_mxn
1,Mujer,8835.21
2,Hombre,7577.81
3,Hombre,11114.6
4,Hombre,15053.63
5,Mujer,5546.31
6,Mujer,5546.38
7,Mujer,13706.46
8,Hombre,11653.46
9,Hombre,6087.37
10,Hombre,10641.52
11,Hombre,6114.62
12,Hombre,6104.22
13,Hombre,9288.83
14,Hombre,1000.0
15,Mujer,1000.0
16,Hombre,5669.71
17,Hombre,3642.26
18,Mujer,8014.11
19,Mujer,2513.89
20,Hombre,1844.63
21,Mujer,13195.42
22,Mujer,5584.01
23,Hombre,8503.88
24,Hombre,1788.63
25,Mujer,4150.28
26,Hombre,8699.15
27,Hombre,3020.53
28,Hombre,9890.64
29,Mujer,3897.13
30,Mujer,5287.38
31,Mujer,3892.32
32,Mujer,14935.25
33,Hombre,8139.26
34,Mujer,1840.3
35,Hombre,11901.45
36,Mujer,1106.2
37,Mujer,7539.89
38,Mujer,1000.0
39,Mujer,1000.0
40,Mujer,7485.88
41,Mujer,9923.1
42,Hombre,8971.16
43,Hombre,7679.58
44,Hombre,6845.03
45,Hombre,1546.65
46,Hombre,4960.7
47,Hombre,6127.13
48,Hombre,12957.05
49,Mujer,8146.28
50,Hombre,1000.0
51,Hombre,9658.38
52,Hombre,6467.13
53,Hombre,5153.85
54,Mujer,9352.54
55,Mujer,11239.5
56,Mujer,10790.76
57,Hombre,4423.52
58,Mujer,5208.54
59,Hombre,9690.69
60,Hombre,12589.95
61,Mujer,4443.72
62,Mujer,5764.53
63,Mujer,1621.49
64,Mujer,1217.07
65,Mujer,10256.37
66,Mujer,12703.08
67,Hombre,7875.95
68,Hombre,12715.9
69,Hombre,9827.36
70,Hombre,5296.96
71,Hombre,9826.28
72,Mujer,13521.16
73,Mujer,6438.78
74,Hombre,15240.9
75,Mujer,1000.0
76,Hombre,11898.56
77,Mujer,6991.71
78,Hombre,6854.47
79,Hombre,8612.92
80,Hombre,1000.0
81,Mujer,5611.48
82,Hombre,9807.01
83,Mujer,13250.52
84,Mujer,4267.78
85,Hombre,4561.78
86,Hombre,5942.09
87,Mujer,10719.31
88,Hombre,9679.38
89,Hombre,5816.08
90,Hombre,10509.7
91,Hombre,8636.85
92,Mujer,10958.9
93,Mujer,3440.76
94,Hombre,6725.52
95,Hombre,6435.51
96,Hombre,1614.18
97,Mujer,7932.54
98,Hombre,9374.75
99,Mujer,6623.01
100,Mujer,5544.36
101,Hombre,1830.83
102,Mujer,4707.1
103,Mujer,5057.78
104,Hombre,4589.75
105,Hombre,7474.21
106,Mujer,8418.23
107,Hombre,16687.84
108,Hombre,8985.6
109,Hombre,9358.98
110,Mujer,6264.99
111,Mujer,1000.0
112,Hombre,8080.69
113,Hombre,8471.04
114,Hombre,19284.59
115,Mujer,5734.38
116,Mujer,7956.96
117,Hombre,8043.8
118,Mujer,1340.95
119,Mujer,11742.7
120,Hombre,11583.7
121,Mujer,10159.64
122,Hombre,4107.76
123,Mujer,12912.57
124,Hombre,1891.67
125,Hombre,10840.86
126,Hombre,18057.05
127,Hombre,3742.59
128,Mujer,4051.66
129,Mujer,7048.43
130,Mujer,4334.36
131,Hombre,1222.01
132,Hombre,8508.53
133,Mujer,1819.63
134,Mujer,8731.17
135,Hombre,4062.59
136,Hombre,15174.7
137,Hombre,4675.36
138,Mujer,5150.72
139,Mujer,10260.83
140,Hombre,2661.11
141,Hombre,9223.57
142,Hombre,14082.14
143,Hombre,1000.0
144,Mujer,7430.85
145,Hombre,9369.47
146,Hombre,11718.2
147,Hombre,2633.72
148,Mujer,1000.0
149,Hombre,10548.74
150,Hombre,9536.43
151,Mujer,7727.22
152,Mujer,8159.02
153,Hombre,5139.89
154,Hombre,9245.14
155,Hombre,9518.83
156,Hombre,4985.42
157,Hombre,16595.99
158,Mujer,8732.25
159,Hombre,2839.13
160,Hombre,11154.49
161,Hombre,3813.93
162,Mujer,10141.88
163,Hombre,13413.68
164,Mujer,2906.93
165,Mujer,10935.19
166,Hombre,10057.51
167,Hombre,11899.27
168,Mujer,15135.57
169,Hombre,7095.75
170,Hombre,4808.19
171,Mujer,2597.19
172,Mujer,2928.85
173,Hombre,7853.04
174,Mujer,8135.18
175,Mujer,7845.11
176,Hombre,11922.32
177,Hombre,8258.51
178,Hombre,14740.9
179,Hombre,7009.04
180,Hombre,20440.76
181,Mujer,9415.5
182,Mujer,2742.79
183,Mujer,1780.98
184,Hombre,10371.13
185,Hombre,7194.42
186,Hombre,11413.0
187,Mujer,8729.57
188,Hombre,7872.27
189,Hombre,4389.43
190,Hombre,1383.19
191,Hombre,6190.68
192,Hombre,12053.79
193,Hombre,9163.42
194,Mujer,1000.0
195,Hombre,8979.31
196,Mujer,8333.93
197,Mujer,2622.64
198,Hombre,8891.76
199,Mujer,6861.94
200,Mujer,1456.63
201,Mujer,8210.04
202,Mujer,9123.53
203,Mujer,11473.73
204,Hombre,12942.11
205,Hombre,2000.49
206,Hombre,3979.79
207,Hombre,10517.66
208,Hombre,10512.04
209,Hombre,10517.71
210,Mujer,23937.29
211,Hombre,10769.01
212,Mujer,11710.05
213,Hombre,12493.01
214,Hombre,11131.26
215,Mujer,5181.29
216,Mujer,10015.36
217,Mujer,3122.29
218,Mujer,5534.32
219,Hombre,6015.86
220,Hombre,8568.43
221,Mujer,17015.96
222,Mujer,1000.0
223,Hombre,11288.17
224,Mujer,1000.0
225,Hombre,6076.31
226,Mujer,11500.28
227,Hombre,8489.26
228,Mujer,1750.15
229,Hombre,4981.13
230,Mujer,9658.19
231,Hombre,4913.35
232,Hombre,9174.06
233,Mujer,6805.07
234,Mujer,3667.8
235,Hombre,17847.75
236,Hombre,11052.64
237,Mujer,1000.0
238,Hombre,9039.04
239,Mujer,3621.96
240,Mujer,10435.95
241,Hombre,4633.66
242,Mujer,6083.69
243,Hombre,10472.44
244,Mujer,10495.9
245,Hombre,2798.67
246,Mujer,5094.74
247,Hombre,6062.75
248,Hombre,5260.02
249,Mujer,14544.54
250,Hombre,10022.42
251,Hombre,2526.02
252,Mujer,10730.38
253,Hombre,17749.7
254,Hombre,12846.09
255,Mujer,1000.0
256,Mujer,4420.95
257,Hombre,13901.1
258,Hombre,5015.49
259,Hombre,10197.19
260,Mujer,10085.85
261,Mujer,2428.81
262,Mujer,6332.14
263,Hombre,1000.0
264,Hombre,3590.26
265,Mujer,5463.44
266,Mujer,1000.0
267,Mujer,13945.85
268,Mujer,1000.0
269,Mujer,4619.8
270,Hombre,8788.33
271,Mujer,13085.73
272,Hombre,1738.62
273,Mujer,11834.24
274,Mujer,6646.05
275,Hombre,3783.21
276,Hombre,10279.47
277,Hombre,9095.77
278,Mujer,3899.02
279,Hombre,8514.11
280,Mujer,4866.09
281,Mujer,7110.83
282,Hombre,11179.59
283,Mujer,13737.08
284,Hombre,2629.83
285,Hombre,17798.65
286,Mujer,1000.0
287,Mujer,5916.97
288,Hombre,10847.43
289,Hombre,9464.46
290,Hombre,5397.85
291,Hombre,7263.45
292,Mujer,4381.5
293,Mujer,3947.86
294,Hombre,12023.21
295,Mujer,8206.57
296,Mujer,3481.91
297,Hombre,12248.2
298,Hombre,9582.85
299,Hombre,11857.88
300,Mujer,9433.33
301,Mujer,2869.52
302,Hombre,5679.19
303,Mujer,9962.82
304,Mujer,9346.67
305,Hombre,8105.94
306,Hombre,8727.97
307,Hombre,13949.49
308,Mujer,3937.93
309,Mujer,9061.94
310,Mujer,5690.13
311,Mujer,5620.43
312,Hombre,13144.5
313,Hombre,11914.37
314,Hombre,11860.79
315,Mujer,12474.65
316,Mujer,6694.52
317,Hombre,11268.79
318,Mujer,5203.8
319,Hombre,9658.75
320,Mujer,6014.36
321,Mujer,7036.48
322,Mujer,9278.21
323,Mujer,2918.01
324,Mujer,16015.74
325,Hombre,3672.92
326,Mujer,1136.15
327,Hombre,13411.5
328,Mujer,10162.48
329,Mujer,9408.54
330,Mujer,9427.55
331,Mujer,6544.89
332,Hombre,4162.36
333,Mujer,6941.12
334,Hombre,5152.77
335,Mujer,10988.04
336,Mujer,5938.24
337,Hombre,4485.26
338,Mujer,5153.76
339,Hombre,10058.19
340,Hombre,5663.24
341,Mujer,2900.01
342,Hombre,9296.59
343,Hombre,9302.35
344,Hombre,5918.76
345,Hombre,6080.33
346,Mujer,7644.22
347,Mujer,1000.0
348,Hombre,1866.41
349,Mujer,3367.0
350,Hombre,7239.49
351,Mujer,7999.08
352,Hombre,14839.1
353,Mujer,10459.47
354,Hombre,7480.28
355,Mujer,6514.43
356,Hombre,3688.62
357,Mujer,6516.69
358,Hombre,6901.04
359,Hombre,9652.23
360,Hombre,4477.46
361,Mujer,8937.06
362,Hombre,15097.33
363,Mujer,6110.58
364,Hombre,10007.7
365,Hombre,11305.65
366,Mujer,4794.51
367,Hombre,9208.42
368,Mujer,6656.67
369,Hombre,8639.54
370,Mujer,3121.46
371,Hombre,8310.3
372,Mujer,8840.99
373,Mujer,13130.15
374,Mujer,10916.72
375,Hombre,17889.32
376,Hombre,4746.94
377,Mujer,10525.44
378,Hombre,9025.04
379,Hombre,18054.11
380,Mujer,2962.66
381,Mujer,2821.25
382,Hombre,5502.73
383,Hombre,1000.0
384,Hombre,5834.1
385,Hombre,4783.9
386,Hombre,8876.77
387,Hombre,9737.9
388,Hombre,16642.77
389,Mujer,10876.91
390,Mujer,4003.93
391,Mujer,2557.13
392,Mujer,8813.64
393,Hombre,2258.95
394,Hombre,16441.56
395,Hombre,13507.48
396,Hombre,6088.71
397,Hombre,1000.0
398,Mujer,12692.43
399,Mujer,6084.57
400,Hombre,13770.17
401,Hombre,1025.08
402,Hombre,5502.81
403,Hombre,8223.6
404,Mujer,6811.41
405,Mujer,4574.71
406,Hombre,11002.82
407,Hombre,3395.71
408,Hombre,7559.29
409,Mujer,7141.33
410,Hombre,10514.97
411,Mujer,9802.27
412,Mujer,1539.11
413,Mujer,1000.0
414,Hombre,13949.55
415,Hombre,9695.41
416,Hombre,4831.81
417,Hombre,15180.18
418,Hombre,8720.54
419,Mujer,11906.84
420,Hombre,8503.83
421,Hombre,17473.37
422,Mujer,14499.03
423,Hombre,7079.66
424,Mujer,10972.07
425,Hombre,11104.19
426,Hombre,14358.84
427,Mujer,2257.84
428,Hombre,11287.23
429,Mujer,11362.91
430,Mujer,1000.0
431,Hombre,2875.34
432,Hombre,1000.0
433,Hombre,6987.67
434,Mujer,9828.94
435,Hombre,14960.61
436,Hombre,8533.43
437,Hombre,15528.77
438,Mujer,1000.0
439,Hombre,1000.0
440,Mujer,6350.04
441,Mujer,8328.29
442,Mujer,6452.87
443,Mujer,1000.0
444,Mujer,6198.96
445,Mujer,1000.0
446,Mujer,9613.53
447,Mujer,8249.69
448,Hombre,3970.54
449,Mujer,4287.6
450,Hombre,3433.54
451,Mujer,6317.94
452,Mujer,10898.14
453,Hombre,3764.23
454,Hombre,10468.21
455,Hombre,5813.84
456,Mujer,3032.07
457,Mujer,6118.36
458,Hombre,3541.41
459,Mujer,4108.58
460,Hombre,2809.55
461,Hombre,17041.26
462,Hombre,8358.69
463,Hombre,5051.24
464,Hombre,9162.91
465,Hombre,7694.52
466,Hombre,7205.64
467,Hombre,10963.75
468,Mujer,10008.78
469,Mujer,4212.74
470,Hombre,5608.82
471,Hombre,6962.27
472,Hombre,1000.0
473,Hombre,1381.64
474,Hombre,14350.93
475,Hombre,15602.35
476,Mujer,5479.34
477,Mujer,9194.51
478,Mujer,8000.63
479,Mujer,20454.96
480,Mujer,11638.09
481,Hombre,7624.37
482,Hombre,3900.07
483,Hombre,1000.0
484,Mujer,7515.59
485,Mujer,3196.42
486,Mujer,1000.0
487,Hombre,5290.42
488,Mujer,1733.03
489,Hombre,15792.14
490,Mujer,10567.38
491,Hombre,8164.12
492,Hombre,14859.75
493,Hombre,8548.16
494,Hombre,4324.22
495,Hombre,15054.06
496,Mujer,9025.1
497,Hombre,3532.39
498,Hombre,7343.48
499,Hombre,4259.72
500,Hombre,1977.4
501,Mujer,10767.8
502,Hombre,16792.37
503,Hombre,1906.45
504,Mujer,9133.36
505,Hombre,5272.11
506,Mujer,4407.94
507,Hombre,5534.23
508,Hombre,4312.04
509,Hombre,8418.35
510,Hombre,4460.72
511,Hombre,9417.06
512,Hombre,7973.93
513,Mujer,5524.73
514,Hombre,4115.96
515,Mujer,4004.53
516,Mujer,9999.26
517,Hombre,10454.13
518,Hombre,3801.0
519,Hombre,8647.0
520,Hombre,11581.24
521,Mujer,1000.0
522,Hombre,10645.12
523,Mujer,3618.19
524,Mujer,9167.69
525,Mujer,3165.33
526,Mujer,1000.0
527,Mujer,1000.0
528,Hombre,8416.38
529,Hombre,9368.75
530,Hombre,4130.58
531,Hombre,11073.67
532,Mujer,1000.0
533,Mujer,6302.64
534,Hombre,2750.43
535,Mujer,3666.74
536,Mujer,6813.29
537,Hombre,4328.14
538,Mujer,4869.5
539,Mujer,11128.32
540,Hombre,5603.99
541,Mujer,10360.61
542,Mujer,1516.32
543,Hombre,10584.12
544,Hombre,14687.06
545,Hombre,1000.0
546,Mujer,3013.97
547,Mujer,9196.82
548,Hombre,7286.3
549,Mujer,8270.16
550,Hombre,5482.07
551,Mujer,6989.65
552,Mujer,5899.45
553,Hombre,13455.02
554,Mujer,7744.89
555,Mujer,8119.21
556,Mujer,4746.55
557,Hombre,6005.77
558,Mujer,4653.49
559,Mujer,8375.03
560,Hombre,6305.57
561,Hombre,9503.99
562,Hombre,17539.3
563,Hombre,12120.06
564,Hombre,6732.89
565,Mujer,12005.46
566,Mujer,4763.66
567,Hombre,1000.0
568,Mujer,2063.61
569,Mujer,1000.0
570,Mujer,5018.19
571,Mujer,6682.88
572,Hombre,15743.97
573,Mujer,8071.17
574,Mujer,5614.05
575,Hombre,11932.33
576,Mujer,1000.0
577,Hombre,9260.27
578,Hombre,11668.89
579,Hombre,1546.36
580,Mujer,11746.89
581,Hombre,9723.23
582,Mujer,4731.2
583,Mujer,9447.52
584,Hombre,18418.12
585,Mujer,7418.4
586,Hombre,9316.99
587,Hombre,6132.88
588,Mujer,2775.7
589,Hombre,11936.51
590,Hombre,4347.62
591,Mujer,6922.05
592,Hombre,6050.54
593,Hombre,10355.41
594,Mujer,8101.48
595,Hombre,12868.93
596,Mujer,4304.93
597,Mujer,5385.56
598,Hombre,3795.56
599,Hombre,6200.68
600,Mujer,8297.85
601,Hombre,11606.45
602,Mujer,2450.26
603,Hombre,12113.23
604,Mujer,12700.37
605,Mujer,8460.46
606,Mujer,15045.58
607,Hombre,4717.95
608,Mujer,1000.0
609,Hombre,1000.0
610,Hombre,14932.2
611,Mujer,9544.65
612,Hombre,7949.87
613,Mujer,7859.86
614,Hombre,3135.3
615,Hombre,19205.88
616,Hombre,8781.5
617,Mujer,7092.28
618,Hombre,11465.95
619,Mujer,8764.54
620,Hombre,9207.48
621,Hombre,4642.86
622,Hombre,10321.61
623,Hombre,16669.11
624,Hombre,14254.39
625,Hombre,15369.34
626,Mujer,4299.53
627,Hombre,3746.78
628,Hombre,7633.96
629,Hombre,8450.76
630,Mujer,11523.86
631,Mujer,1000.0
632,Hombre,15082.98
633,Hombre,7488.96
634,Hombre,6279.04
635,Hombre,3645.53
636,Hombre,1000.0
637,Hombre,11904.27
638,Hombre,8529.93
639,Hombre,2395.18
640,Hombre,2372.15
641,Mujer,5088.97
642,Mujer,14110.6
643,Mujer,5431.84
644,Hombre,1435.86
645,Mujer,5494.16
646,Hombre,6972.74
647,Mujer,1000.0
648,Mujer,6355.67
649,Hombre,7160.79
650,Hombre,11332.93
651,Hombre,16520.3
652,Hombre,13269.54
653,Mujer,5390.0
654,Hombre,3220.63
655,Mujer,18180.12
656,Hombre,8466.48
657,Hombre,8262.68
658,Mujer,6491.44
659,Hombre,9091.38
660,Hombre,7550.38
661,Mujer,4018.52
662,Hombre,5739.13
663,Mujer,6452.61
664,Hombre,5754.59
665,Mujer,3392.19
666,Mujer,7078.94
667,Mujer,5452.6
668,Hombre,14967.97
669,Hombre,1000.0
670,Hombre,13111.78
671,Hombre,13807.38
672,Mujer,1000.0
673,Mujer,5057.91
674,Hombre,6528.52
675,Mujer,1000.0
676,Mujer,3099.82
677,Mujer,1602.41
678,Mujer,14485.22
679,Hombre,12410.55
680,Hombre,13922.0
681,Mujer,9847.52
682,Hombre,3119.27
683,Hombre,5839.66
684,Hombre,10402.19
685,Hombre,2700.42
686,Hombre,11408.49
687,Mujer,5518.54
688,Hombre,6513.31
689,Hombre,11399.32
690,Mujer,8599.18
691,Mujer,4975.65
692,Hombre,13416.98
693,Mujer,1735.22
694,Mujer,9371.71
695,Mujer,9268.96
696,Mujer,5207.04
697,Mujer,8067.6
698,Mujer,1000.0
699,Hombre,12358.12
700,Hombre,7367.94
701,Mujer,4247.75
702,Mujer,11320.54
703,Mujer,3430.45
704,Hombre,1861.92
705,Hombre,1195.17
706,Hombre,10927.04
707,Mujer,1000.0
708,Mujer,14496.57
709,Hombre,1000.0
710,Hombre,15834.05
711,Mujer,7549.58
712,Mujer,6164.79
713,Mujer,4147.86
714,Hombre,9996.11
715,Hombre,8030.64
716,Hombre,13164.86
717,Hombre,8714.02
718,Hombre,8876.36
719,Hombre,6563.75
720,Hombre,7943.74
721,Hombre,9585.11
722,Mujer,1000.0
723,Mujer,1000.0
724,Mujer,9944.69
725,Mujer,7368.89
726,Mujer,5772.07
727,Mujer,6682.95
728,Hombre,9764.12
729,Hombre,5771.08
730,Mujer,3097.63
731,Hombre,9081.3
732,Mujer,2197.32
733,Mujer,8437.14
734,Hombre,1000.0
735,Mujer,11231.2
736,Mujer,8726.69
737,Hombre,9352.13
738,Hombre,12622.11
739,Hombre,15694.64
740,Hombre,12764.67
741,Mujer,1000.0
742,Mujer,1000.0
743,Hombre,5388.32
744,Mujer,6717.41
745,Hombre,10529.47
746,Mujer,3334.15
747,Mujer,7440.45
748,Mujer,3200.78
749,Hombre,5448.17
750,Hombre,1870.03
751,Hombre,4045.45
752,Mujer,1000.0
753,Hombre,3808.57
754,Hombre,12941.39
755,Mujer,2327.71
756,Mujer,18445.72
757,Hombre,10419.93
758,Hombre,9031.76
759,Hombre,4337.39
760,Hombre,11351.39
761,Mujer,4009.63
762,Mujer,7149.04
763,Mujer,18120.38
764,Hombre,7767.73
765,Hombre,13371.73
766,Mujer,3435.71
767,Hombre,8042.55
768,Mujer,14568.6
769,Hombre,5378.65
770,Mujer,14756.02
771,Mujer,9784.88
772,Hombre,5668.9
773,Hombre,11045.83
774,Mujer,10976.5
775,Mujer,9398.14
776,Hombre,1133.99
777,Mujer,3327.88
778,Mujer,5486.17
779,Hombre,7865.05
780,Hombre,10993.02
781,Mujer,7399.65
782,Hombre,2190.95
783,Mujer,8310.89
784,Hombre,10947.64
785,Hombre,10719.06
786,Mujer,11463.51
787,Mujer,10352.65
788,Hombre,10266.31
789,Mujer,6284.25
790,Hombre,1000.0
791,Mujer,8533.28
792,Hombre,9134.59
793,Mujer,7822.1
794,Mujer,1000.0
795,Hombre,3335.25
796,Mujer,11339.19
797,Hombre,8022.0
798,Mujer,9666.75
799,Hombre,8327.43
800,Mujer,6733.9
801,Hombre,12422.28
802,Hombre,5877.8
803,Mujer,7032.54
804,Mujer,4519.76
805,Hombre,6244.77
806,Hombre,6808.73
807,Hombre,9199.6
808,Hombre,6045.63
809,Mujer,12250.9
810,Hombre,4174.27
811,Hombre,7359.08
812,Hombre,6221.21
813,Hombre,14711.4
814,Mujer,7484.5
815,Mujer,11243.3
816,Hombre,1514.98
817,Mujer,7801.73
818,Hombre,12203.34
819,Mujer,6970.28
820,Mujer,11394.66
821,Mujer,4272.2
822,Hombre,14542.06
823,Mujer,16945.04
824,Mujer,4967.23
825,Mujer,4595.24
826,Hombre,14740.23
827,Hombre,15308.07
828,Hombre,5847.13
829,Mujer,4709.16
830,Mujer,5331.97
831,Mujer,1000.0
832,Hombre,4066.07
833,Hombre,3681.37
834,Hombre,4744.91
835,Mujer,6443.92
836,Hombre,9253.97
837,Mujer,13577.25
838,Hombre,3707.41
839,Hombre,12629.45
840,Mujer,5637.05
841,Hombre,7977.41
842,Mujer,9636.69
843,Mujer,1547.75
844,Mujer,8320.84
845,Mujer,7349.03
846,Mujer,8816.03
847,Hombre,9501.26
848,Hombre,19248.85
849,Mujer,3730.17
850,Mujer,4210.51
851,Mujer,3795.87
852,Hombre,5700.35
853,Hombre,5331.76
854,Mujer,11950.57
855,Mujer,12992.27
856,Mujer,4031.64
857,Mujer,2854.4
858,Hombre,10321.37
859,Hombre,5715.0
860,Mujer,9448.19
861,Mujer,7513.15
862,Hombre,1379.15
863,Mujer,13563.77
864,Mujer,14681.45
865,Hombre,5442.45
866,Mujer,4855.34
867,Hombre,9486.39
868,Hombre,9705.06
869,Hombre,11163.45
870,Hombre,17245.92
871,Mujer,5803.74
872,Mujer,3007.66
873,Hombre,1993.06
874,Hombre,4910.81
875,Mujer,6450.93
876,Mujer,14675.51
877,Hombre,5870.75
878,Mujer,7607.05
879,Hombre,8126.1
880,Hombre,13547.77
881,Hombre,19571.2
882,Hombre,5811.09
883,Hombre,5997.52
884,Mujer,11298.72
885,Mujer,9668.51
886,Mujer,14910.18
887,Hombre,10827.68
888,Hombre,6583.19
889,Hombre,10857.95
890,Mujer,11589.17
891,Mujer,10292.17
892,Hombre,10482.73
893,Hombre,13000.04
894,Mujer,11861.83
895,Hombre,14419.72
896,Hombre,11119.19
897,Hombre,7447.97
898,Hombre,8860.21
899,Mujer,12029.29
900,Mujer,2923.79
901,Mujer,8259.03
902,Hombre,6429.98
903,Mujer,6729.35
904,Mujer,12353.03
905,Hombre,9059.95
906,Mujer,6808.96
907,Mujer,1000.0
908,Mujer,9958.14
909,Hombre,11104.68
910,Mujer,16334.65
911,Hombre,6815.0
912,Mujer,7586.18
913,Hombre,9322.23
914,Mujer,13698.54
915,Mujer,6171.17
916,Hombre,9455.6
917,Mujer,9335.53
918,Mujer,7439.74
919,Mujer,4591.05
920,Mujer,7473.4
921,Mujer,11431.34
922,Mujer,1980.68
923,Mujer,7198.36
924,Mujer,3449.46
925,Mujer,11977.71
926,Hombre,1345.66
927,Hombre,5684.85
928,Mujer,8297.45
929,Mujer,13644.86
930,Hombre,7904.12
931,Hombre,5701.6
932,Mujer,15065.21
933,Hombre,1683.94
934,Hombre,1000.0
935,Hombre,10180.07
936,Mujer,4340.76
937,Hombre,3604.45
938,Mujer,9787.6
939,Mujer,7697.1
940,Hombre,5661.65
941,Mujer,1000.0
942,Hombre,12126.06
943,Mujer,9525.91
944,Mujer,6153.71
945,Hombre,16509.87
946,Hombre,3384.62
947,Mujer,1000.0
948,Hombre,5086.41
949,Mujer,6394.86
950,Mujer,7695.03
951,Mujer,5514.44
952,Mujer,8184.25
953,Mujer,1000.0
954,Mujer,13096.94
955,Hombre,7830.32
956,Mujer,11627.83
957,Hombre,9742.26
958,Hombre,10255.39
959,Hombre,10763.95
960,Mujer,8614.69
961,Mujer,9492.25
962,Mujer,12581.19
963,Mujer,7484.35
964,Mujer,9790.52
965,Hombre,7796.19
966,Hombre,14680.53
967,Hombre,5156.23
968,Mujer,14704.23
969,Mujer,6419.29
970,Mujer,1000.0
971,Hombre,8776.47
972,Hombre,5135.27
973,Mujer,10382.9
974,Mujer,3663.19
975,Hombre,6192.17
976,Hombre,1000.0
977,Hombre,6164.62
978,Mujer,1000.0
979,Hombre,1072.44
980,Hombre,11621.87
981,Hombre,11736.1
982,Mujer,8514.56
983,Hombre,3848.61
984,Hombre,7985.3
985,Mujer,6583.79
986,Mujer,1387.36
987,Mujer,13365.29
988,Hombre,12148.13
989,Mujer,5605.66
990,Hombre,8320.99
991,Hombre,9137.72
992,Hombre,1000.0
993,Hombre,7087.7
994,Hombre,5131.07
995,Mujer,2092.71
996,Hombre,6935.05
997,Hombre,16289.59
998,Hombre,11083.79
999,Mujer,4029.69
1000,Mujer,9176.62
1001,Hombre,14497.1
1002,Mujer,10760.85
1003,Hombre,8468.34
1004,Mujer,3688.78
1005,Hombre,11342.0
1006,Hombre,9970.68
1007,Hombre,12228.37
1008,Hombre,11058.27
1009,Mujer,11322.99
1010,Hombre,5791.44
1011,Mujer,12528.27
1012,Mujer,7489.2
1013,Mujer,15938.67
1014,Hombre,5098.65
1015,Mujer,14411.84
1016,Hombre,9090.6
1017,Hombre,5268.62
1018,Mujer,4422.51
1019,Hombre,6758.44
1020,Mujer,8508.75
1021,Hombre,10552.76
1022,Hombre,5618.35
1023,Mujer,6490.4
1024,Hombre,17840.22
1025,Hombre,15973.94
1026,Mujer,8563.46
1027,Hombre,8371.02
1028,Mujer,7140.14
1029,Hombre,10960.83
1030,Hombre,3597.43
1031,Hombre,7041.81
1032,Hombre,1000.0
1033,Mujer,8396.5
1034,Hombre,11112.38
1035,Hombre,6025.66
1036,Mujer,13682.94
1037,Hombre,2684.05
1038,Hombre,1610.31
1039,Hombre,9210.03
1040,Hombre,12911.94
1041,Mujer,14177.67
1042,Hombre,6135.02
1043,Mujer,11454.06
1044,Hombre,8026.71
1045,Mujer,5823.18
1046,Hombre,12176.47
1047,Hombre,11135.45
1048,Hombre,1106.24
1049,Mujer,13244.43
1050,Hombre,14410.41
1051,Mujer,3784.97
1052,Mujer,8381.12
1053,Hombre,10423.14
1054,Hombre,9373.03
1055,Mujer,4123.63
1056,Hombre,5177.69
1057,Hombre,8085.01
1058,Hombre,13477.28
1059,Mujer,9046.2
1060,Hombre,6532.24
1061,Mujer,10072.64
1062,Hombre,1000.0
1063,Hombre,13369.45
1064,Mujer,1000.0
1065,Hombre,6569.02
1066,Hombre,3161.49
1067,Mujer,1000.0
1068,Hombre,13423.72
1069,Hombre,6095.34
1070,Mujer,8159.27
1071,Hombre,7988.86
1072,Hombre,10346.68
1073,Mujer,6945.7
1074,Hombre,2426.53
1075,Mujer,11083.2
1076,Mujer,4378.1
1077,Mujer,1000.0
1078,Mujer,4673.48
1079,Mujer,13353.42
1080,Hombre,12026.0
1081,Hombre,6631.07
1082,Hombre,6628.34
1083,Hombre,6752.64
1084,Hombre,17545.37
1085,Hombre,9918.71
1086,Hombre,10135.19
1087,Hombre,12836.28
1088,Mujer,7674.55
1089,Hombre,7034.31
1090,Hombre,7316.43
1091,Mujer,6277.79
1092,Hombre,8032.5
1093,Mujer,9874.33
1094,Hombre,8433.76
1095,Hombre,11496.88
1096,Mujer,6236.78
1097,Mujer,6953.86
1098,Mujer,1000.0
1099,Mujer,10723.47
1100,Mujer,8159.2
1101,Hombre,12691.05
1102,Hombre,1000.0
1103,Hombre,17597.69
1104,Mujer,5971.85
1105,Mujer,11586.82
1106,Mujer,1920.42
1107,Mujer,9357.48
1108,Mujer,1859.63
1109,Mujer,3793.04
1110,Hombre,16813.14
1111,Mujer,5741.93
1112,Hombre,9178.45
1113,Mujer,10515.3
1114,Hombre,10430.57
1115,Hombre,8876.89
1116,Mujer,8242.32
1117,Hombre,19015.37
1118,Mujer,6340.72
1119,Mujer,7504.95
1120,Mujer,11327.94
1121,Mujer,11574.87
1122,Mujer,11941.64
1123,Mujer,9474.29
1124,Mujer,1456.48
1125,Mujer,13950.44
1126,Hombre,3041.45
1127,Mujer,7961.86
1128,Mujer,3205.76
1129,Hombre,7911.38
1130,Hombre,9679.43
1131,Mujer,8046.11
1132,Hombre,10098.64
1133,Hombre,15461.7
1134,Hombre,10240.9
1135,Mujer,5501.3
1136,Mujer,10938.39
1137,Hombre,13552.62
1138,Hombre,2675.76
1139,Mujer,9288.3
1140,Hombre,11355.28
1141,Mujer,5260.96
1142,Hombre,14390.68
1143,Hombre,7524.75
1144,Hombre,8765.09
1145,Hombre,7421.18
1146,Mujer,6670.11
1147,Mujer,1666.76
1148,Mujer,1000.0
1149,Hombre,15375.27
1150,Hombre,4388.67
1151,Hombre,3738.73
1152,Mujer,1000.0
1153,Mujer,3724.67
1154,Hombre,2246.1
1155,Mujer,13989.07
1156,Hombre,12744.18
1157,Hombre,5103.32
1158,Hombre,18335.96
1159,Mujer,11017.94
1160,Hombre,6738.26
1161,Hombre,1000.0
1162,Hombre,18509.24
1163,Mujer,1000.0
1164,Hombre,1000.0
1165,Mujer,11201.57
1166,Hombre,19178.89
1167,Hombre,14429.23
1168,Mujer,9137.59
1169,Hombre,10876.39
1170,Hombre,12040.37
1171,Hombre,11615.18
1172,Hombre,9465.36
1173,Hombre,8668.9
1174,Hombre,7918.33
1175,Hombre,4807.16
1176,Mujer,5336.96
1177,Hombre,1000.0
1178,Hombre,7757.47
1179,Mujer,2151.34
1180,Hombre,3233.85
1181,Mujer,7409.52
1182,Mujer,12864.01
1183,Hombre,12332.42
1184,Mujer,1000.0
1185,Hombre,3746.67
1186,Hombre,12433.47
1187,Mujer,2178.81
1188,Mujer,5589.15
1189,Mujer,9075.23
1190,Mujer,2242.45
1191,Mujer,7074.19
1192,Hombre,2196.89
1193,Hombre,5493.85
1194,Hombre,9639.02
1195,Hombre,1031.53
1196,Mujer,8582.14
1197,Mujer,6511.63
1198,Mujer,9086.2
1199,Mujer,7607.61
1200,Hombre,14338.63
1201,Mujer,7163.51
1202,Hombre,6267.68
1203,Mujer,7150.34
1204,Hombre,10644.84
1205,Hombre,8419.87
1206,Hombre,8382.66
1207,Hombre,5041.04
1208,Hombre,5216.95
1209,Hombre,1888.28
1210,Hombre,16073.1
1211,Hombre,2602.62
1212,Hombre,5081.93
1213,Mujer,3367.17
1214,Hombre,12227.16
1215,Mujer,5272.73
1216,Mujer,12214.84
1217,Mujer,3569.29
1218,Hombre,9455.47
1219,Hombre,4440.94
1220,Hombre,17853.17
1221,Mujer,1255.81
1222,Mujer,7994.19
1223,Mujer,9452.0
1224,Hombre,10062.1
1225,Mujer,5766.21
1226,Hombre,7615.81
1227,Mujer,6797.15
1228,Mujer,5938.49
1229,Hombre,12537.46
1230,Mujer,16547.35
1231,Mujer,4091.29
1232,Mujer,1000.0
1233,Mujer,6202.73
1234,Mujer,18208.69
1235,Mujer,2983.46
1236,Hombre,15576.03
1237,Hombre,15749.65
1238,Hombre,5708.85
1239,Hombre,10760.42
1240,Hombre,15527.78
1241,Hombre,6493.93
1242,Hombre,7283.89
1243,Hombre,5582.44
1244,Hombre,3633.59
1245,Hombre,5278.25
1246,Mujer,1092.27
1247,Hombre,8353.38
1248,Mujer,3135.12
1249,Mujer,7652.04
1250,Mujer,1000.0
1251,Hombre,9688.96
1252,Hombre,11950.88
1253,Mujer,1000.0
1254,Mujer,8283.25
1255,Mujer,12124.51
1256,Hombre,2756.62
1257,Mujer,14126.58
1258,Mujer,8485.59
1259,Hombre,5027.45
1260,Hombre,7949.04
1261,Hombre,10712.47
1262,Hombre,8542.02
1263,Hombre,10624.4
1264,Mujer,2456.97
1265,Hombre,8962.12
1266,Mujer,1000.0
1267,Hombre,7699.48
1268,Hombre,4132.42
1269,Hombre,4890.12
1270,Hombre,13762.42
1271,Hombre,13110.9
1272,Hombre,10941.12
1273,Hombre,3284.59
1274,Hombre,6776.16
1275,Hombre,13658.94
1276,Hombre,8837.73
1277,Hombre,18636.98
1278,Mujer,8369.93
1279,Mujer,7464.22
1280,Mujer,5208.98
1281,Hombre,8800.93
1282,Hombre,7513.89
1283,Mujer,9786.49
1284,Hombre,12505.16
1285,Mujer,3063.05
1286,Mujer,1000.0
1287,Mujer,1000.0
1288,Mujer,8885.96
1289,Hombre,3234.85
1290,Mujer,1000.0
1291,Hombre,9948.6
1292,Hombre,19418.5
1293,Mujer,6572.68
1294,Mujer,10373.21
1295,Hombre,8568.23
1296,Mujer,6155.0
1297,Mujer,10735.84
1298,Hombre,6893.76
1299,Hombre,9403.27
1300,Mujer,8047.64
1301,Mujer,3593.59
1302,Mujer,11064.19
1303,Mujer,5812.68
1304,Mujer,3199.15
1305,Mujer,9014.29
1306,Hombre,4156.89
1307,Mujer,6726.82
1308,Hombre,8158.96
1309,Hombre,13086.53
1310,Hombre,10336.14
1311,Hombre,8087.38
1312,Hombre,11879.95
1313,Mujer,12855.93
1314,Hombre,10710.15
1315,Hombre,8246.59
1316,Hombre,2296.74
1317,Hombre,3406.99
1318,Mujer,5226.49
1319,Hombre,5457.2
1320,Mujer,5758.63
1321,Mujer,6854.92
1322,Mujer,8983.62
1323,Hombre,7882.76
1324,Hombre,10389.26
1325,Mujer,6890.13
1326,Hombre,1000.0
1327,Hombre,3972.99
1328,Hombre,7551.61
1329,Mujer,1156.37
1330,Mujer,9299.68
1331,Mujer,13488.38
1332,Hombre,13684.43
1333,Hombre,7239.51
1334,Hombre,14908.27
1335,Mujer,7269.0
1336,Hombre,6683.11
1337,Hombre,5439.69
1338,Hombre,6838.89
1339,Mujer,4853.2
1340,Hombre,8966.87
1341,Hombre,8922.58
1342,Hombre,8213.71
1343,Mujer,8566.22
1344,Hombre,13557.91
1345,Mujer,10872.99
1346,Hombre,1517.96
1347,Mujer,1000.0
1348,Mujer,10804.44
1349,Hombre,2049.05
1350,Hombre,7188.56
1351,Hombre,2934.49
1352,Hombre,1000.0
1353,Mujer,9036.58
1354,Mujer,10016.2
1355,Mujer,4005.7
1356,Hombre,1000.0
1357,Hombre,5741.9
1358,Mujer,8363.12
1359,Mujer,1000.0
1360,Mujer,7425.12
1361,Hombre,8131.11
1362,Mujer,9206.81
1363,Mujer,7138.11
1364,Hombre,3821.19
1365,Mujer,11984.57
1366,Hombre,7486.62
1367,Mujer,6477.13
1368,Hombre,4000.29
1369,Hombre,6205.23
1370,Mujer,2618.39
1371,Hombre,7421.74
1372,Hombre,15902.69
1373,Hombre,2026.44
1374,Hombre,1000.0
1375,Hombre,14820.27
1376,Hombre,7258.04
1377,Hombre,5189.17
1378,Mujer,11279.57
1379,Hombre,5474.73
1380,Hombre,16417.04
1381,Mujer,9650.67
1382,Mujer,4404.4
1383,Mujer,16307.89
1384,Mujer,3874.28
1385,Hombre,11539.43
1386,Hombre,9546.82
1387,Mujer,12457.84
1388,Mujer,13626.8
1389,Hombre,8344.02
1390,Mujer,3209.62
1391,Hombre,10269.87
1392,Hombre,5150.28
1393,Hombre,17260.24
1394,Hombre,8814.41
1395,Mujer,4956.05
1396,Hombre,9031.06
1397,Mujer,1000.0
1398,Hombre,3827.74
1399,Hombre,13601.86
1400,Hombre,5243.98
1401,Hombre,3488.9
1402,Hombre,10614.94
1403,Hombre,13535.67
1404,Mujer,9835.29
1405,Hombre,12682.21
1406,Hombre,4794.42
1407,Mujer,1000.0
1408,Mujer,13356.0
1409,Hombre,6747.94
1410,Hombre,7071.25
1411,Hombre,14176.87
1412,Hombre,10703.04
1413,Hombre,10251.49
1414,Mujer,16342.51
1415,Hombre,5304.17
1416,Hombre,12375.28
1417,Mujer,6856.56
1418,Hombre,9408.67
1419,Mujer,13478.11
1420,Hombre,10485.26
1421,Hombre,10622.33
1422,Hombre,13026.28
1423,Mujer,4957.71
1424,Mujer,2823.56
1425,Hombre,3498.36
1426,Hombre,1000.0
1427,Mujer,15852.93
1428,Mujer,1635.56
1429,Hombre,7204.36
1430,Hombre,6954.34
1431,Mujer,7983.33
1432,Hombre,11870.82
1433,Mujer,10472.13
1434,Mujer,3976.15
1435,Mujer,5847.95
1436,Mujer,7871.61
1437,Hombre,7080.89
1438,Hombre,15433.06
1439,Hombre,10409.39
1440,Mujer,9906.95
1441,Hombre,11182.97
1442,Mujer,11880.63
1443,Hombre,9014.6
1444,Mujer,1000.0
1445,Mujer,8398.6
1446,Mujer,3668.89
1447,Hombre,5821.22
1448,Mujer,9238.64
1449,Hombre,13772.27
1450,Hombre,8295.72
1451,Hombre,9589.75
1452,Hombre,15859.97
1453,Hombre,9283.39
1454,Mujer,18307.57
1455,Hombre,10744.79
1456,Mujer,1000.0
1457,Hombre,11590.04
1458,Hombre,9915.21
1459,Mujer,12403.89
1460,Hombre,11229.32
1461,Hombre,7576.95
1462,Mujer,1090.66
1463,Mujer,5659.4
1464,Hombre,4372.66
1465,Hombre,5587.64
1466,Hombre,10848.6
1467,Mujer,14114.57
1468,Mujer,8376.02
1469,Mujer,1218.53
1470,Hombre,10200.71
1471,Mujer,11984.84
1472,Hombre,5455.98
1473,Hombre,7596.92
1474,Mujer,6666.1
1475,Hombre,4667.96
1476,Mujer,9517.26
1477,Mujer,6055.73
1478,Hombre,10087.9
1479,Mujer,2606.29
1480,Mujer,4631.44
1481,Hombre,11450.72
1482,Hombre,6522.25
1483,Hombre,15971.34
1484,Mujer,4801.64
1485,Hombre,9211.08
1486,Mujer,10796.66
1487,Hombre,1817.35
1488,Mujer,1000.0
1489,Hombre,1334.55
1490,Hombre,13881.63
1491,Mujer,4116.64
1492,Hombre,19711.9
1493,Mujer,4060.89
1494,Hombre,9030.48
1495,Mujer,13539.49
1496,Mujer,15627.42
1497,Hombre,17476.77
1498,Mujer,12037.65
1499,Hombre,12808.28
1500,Mujer,9266.37
1501,Mujer,10102.62
1502,Mujer,4119.66
1503,Hombre,4518.11
1504,Mujer,6584.81
1505,Mujer,5834.17
1506,Hombre,6160.47
1507,Hombre,11333.74
1508,Mujer,10898.87
1509,Hombre,8597.83
1510,Hombre,14848.89
1511,Mujer,1462.4
1512,Mujer,5728.53
1513,Mujer,3374.3
1514,Mujer,1000.0
1515,Hombre,7827.94
1516,Mujer,6052.14
1517,Mujer,13410.52
1518,Hombre,11038.65
1519,Hombre,3591.16
1520,Mujer,14943.42
1521,Hombre,13694.65
1522,Hombre,10819.44
1523,Mujer,5580.82
1524,Hombre,3882.52
1525,Hombre,6525.07
1526,Mujer,11499.37
1527,Hombre,16680.64
1528,Hombre,15144.6
1529,Hombre,6000.18
1530,Mujer,1561.72
1531,Hombre,8833.99
1532,Mujer,1000.0
1533,Hombre,9654.25
1534,Hombre,7535.79
1535,Mujer,4502.84
1536,Hombre,1023.84
1537,Mujer,8911.2
1538,Hombre,5802.85
1539,Hombre,2935.37
1540,Mujer,1000.0
1541,Mujer,6476.18
1542,Hombre,16175.13
1543,Hombre,15675.67
1544,Hombre,6143.07
1545,Hombre,5490.05
1546,Mujer,8709.48
1547,Mujer,2107.27
1548,Mujer,7958.06
1549,Mujer,10047.36
1550,Mujer,12121.2
1551,Mujer,6149.31
1552,Hombre,7283.47
1553,Hombre,4249.08
1554,Hombre,4479.04
1555,Hombre,7180.84
1556,Mujer,8253.14
1557,Hombre,12311.13
1558,Mujer,2985.69
1559,Hombre,14917.1
1560,Mujer,5379.94
1561,Mujer,6503.85
1562,Mujer,3237.55
1563,Hombre,1000.0
1564,Hombre,12178.2
1565,Mujer,9915.8
1566,Mujer,5334.03
1567,Hombre,8501.46
1568,Mujer,8921.73
1569,Mujer,1000.0
1570,Hombre,5819.26
1571,Mujer,10174.19
1572,Mujer,1000.0
1573,Hombre,9521.01
1574,Mujer,1000.0
1575,Hombre,10298.93
1576,Mujer,6439.61
1577,Mujer,1000.0
1578,Mujer,11841.33
1579,Hombre,4894.34
1580,Mujer,2953.86
1581,Hombre,9102.56
1582,Mujer,11768.87
1583,Hombre,3628.8
1584,Hombre,8477.56
1585,Hombre,10129.67
1586,Hombre,11318.98
1587,Hombre,8993.99
1588,Mujer,4948.37
1589,Hombre,4475.84
1590,Mujer,6987.65
1591,Mujer,1775.37
1592,Mujer,1000.0
1593,Hombre,10164.52
1594,Mujer,10667.71
1595,Mujer,1000.0
1596,Hombre,3656.21
1597,Hombre,10986.19
1598,Hombre,17458.73
1599,Hombre,8293.57
1600,Hombre,4923.99
1601,Mujer,5776.97
1602,Hombre,14386.94
1603,Mujer,3693.16
1604,Mujer,3003.64
1605,Mujer,4427.65
1606,Mujer,2310.02
1607,Mujer,7152.02
1608,Mujer,13911.05
1609,Hombre,9653.86
1610,Hombre,7064.41
1611,Mujer,5286.85
1612,Mujer,1000.0
1613,Mujer,10573.99
1614,Mujer,6249.73
1615,Hombre,7387.84
1616,Mujer,20968.98
1617,Hombre,9544.39
1618,Mujer,3216.94
1619,Hombre,6281.39
1620,Mujer,11768.01
1621,Hombre,8709.72
1622,Mujer,1000.0
1623,Mujer,10736.53
1624,Hombre,5193.35
1625,Hombre,16629.84
1626,Hombre,13060.22
1627,Hombre,6187.05
1628,Hombre,13964.57
1629,Hombre,8505.35
1630,Mujer,10437.48
1631,Hombre,10381.3
1632,Mujer,2791.4
1633,Mujer,3704.03
1634,Mujer,11234.82
1635,Mujer,5093.51
1636,Hombre,6383.58
1637,Hombre,3901.95
1638,Mujer,8506.2
1639,Hombre,17481.36
1640,Hombre,3396.1
1641,Hombre,8308.99
1642,Hombre,14554.99
1643,Hombre,7841.61
1644,Hombre,10235.67
1645,Hombre,3419.23
1646,Mujer,8527.38
1647,Hombre,7357.85
1648,Mujer,11035.78
1649,Hombre,13543.24
1650,Hombre,19853.04
1651,Mujer,9208.35
1652,Hombre,9666.08
1653,Mujer,7474.73
1654,Hombre,6610.75
1655,Hombre,9723.18
1656,Hombre,6870.69
1657,Hombre,8958.07
1658,Hombre,14129.19
1659,Mujer,2070.56
1660,Hombre,13329.45
1661,Mujer,12527.02
1662,Hombre,7668.69
1663,Hombre,1000.0
1664,Hombre,5464.8
1665,Hombre,14036.48
1666,Mujer,6497.09
1667,Mujer,2103.14
1668,Hombre,5928.51
1669,Hombre,11982.79
1670,Mujer,9060.3
1671,Hombre,7124.81
1672,Mujer,4949.29
1673,Mujer,4837.09
1674,Mujer,2449.15
1675,Hombre,15469.19
1676,Hombre,6749.56
1677,Mujer,12077.21
1678,Hombre,15045.92
1679,Mujer,11092.4
1680,Hombre,6257.71
1681,Hombre,10016.79
1682,Mujer,6491.12
1683,Hombre,4133.34
1684,Mujer,8059.62
1685,Mujer,1294.32
1686,Hombre,13544.56
1687,Mujer,4509.22
1688,Hombre,9105.22
1689,Mujer,7874.8
1690,Hombre,7034.93
1691,Mujer,9240.12
1692,Mujer,4462.93
1693,Hombre,12120.84
1694,Hombre,2143.09
1695,Hombre,8768.71
1696,Hombre,16925.18
1697,Hombre,3698.51
1698,Hombre,5150.15
1699,Hombre,10512.59
1700,Hombre,9008.12
1701,Mujer,8177.84
1702,Hombre,10401.34
1703,Hombre,11056.25
1704,Mujer,11593.65
1705,Hombre,10044.18
1706,Mujer,5514.34
1707,Mujer,9626.58
1708,Hombre,16749.47
1709,Hombre,7603.15
1710,Mujer,2214.62
1711,Hombre,13181.86
1712,Mujer,6058.28
1713,Hombre,1000.0
1714,Mujer,10413.4
1715,Hombre,5791.02
1716,Mujer,6192.6
1717,Mujer,8093.91
1718,Mujer,7457.25
1719,Mujer,9792.53
1720,Mujer,4640.31
1721,Mujer,8908.98
1722,Hombre,7032.04
1723,Hombre,11524.65
1724,Mujer,9369.15
1725,Mujer,2390.53
1726,Mujer,11486.92
1727,Mujer,4188.16
1728,Mujer,10236.26
1729,Mujer,8252.79
1730,Hombre,16471.83
1731,Mujer,5594.4
1732,Mujer,5028.07
1733,Mujer,6512.61
1734,Hombre,6835.69
1735,Mujer,10199.74
1736,Hombre,1000.0
1737,Mujer,1858.43
1738,Hombre,3394.89
1739,Hombre,12476.38
1740,Hombre,15897.76
1741,Hombre,7729.98
1742,Mujer,5840.3
1743,Hombre,8515.23
1744,Mujer,11828.45
1745,Mujer,2426.91
1746,Mujer,7672.66
1747,Mujer,10988.39
1748,Hombre,10454.92
1749,Hombre,9053.12
1750,Hombre,12704.71
1751,Hombre,1000.0
1752,Mujer,9650.44
1753,Hombre,5256.66
1754,Hombre,1000.0
1755,Hombre,10500.41
1756,Mujer,12781.46
1757,Hombre,7581.48
1758,Hombre,12487.94
1759,Mujer,13855.25
1760,Mujer,12517.12
1761,Mujer,13979.84
1762,Mujer,9939.57
1763,Mujer,6939.45
1764,Hombre,1000.0
1765,Hombre,7092.72
1766,Mujer,2805.39
1767,Hombre,17969.24
1768,Mujer,5808.51
1769,Hombre,8754.42
1770,Hombre,10681.68
1771,Hombre,8396.21
1772,Mujer,14227.73
1773,Hombre,5398.08
1774,Hombre,9075.73
1775,Mujer,3258.88
1776,Mujer,1000.0
1777,Hombre,5447.04
1778,Hombre,8033.33
1779,Mujer,4668.14
1780,Hombre,5084.11
1781,Mujer,1000.0
1782,Mujer,6226.02
1783,Mujer,1000.0
1784,Mujer,10020.25
1785,Hombre,8570.98
1786,Hombre,1641.02
1787,Mujer,5208.56
1788,Hombre,4815.3
1789,Hombre,9636.29
1790,Hombre,14232.03
1791,Hombre,1000.0
1792,Hombre,8717.62
1793,Hombre,7479.4
1794,Mujer,9621.03
1795,Mujer,7559.38
1796,Hombre,4816.14
1797,Mujer,5164.26
1798,Mujer,3017.88
1799,Hombre,13042.03
1800,Mujer,6695.9
1801,Hombre,16755.36
1802,Mujer,6327.03
1803,Hombre,5012.17
1804,Hombre,1388.29
1805,Mujer,1000.0
1806,Hombre,1071.39
1807,Mujer,7802.07
1808,Hombre,10489.26
1809,Mujer,1000.0
1810,Mujer,10627.67
1811,Hombre,6026.23
1812,Mujer,7260.57
1813,Mujer,13854.99
1814,Hombre,12235.78
1815,Hombre,6991.61
1816,Mujer,2589.63
1817,Hombre,1000.0
1818,Mujer,3363.81
1819,Mujer,5649.91
1820,Hombre,3757.69
1821,Mujer,6009.34
1822,Hombre,8545.83
1823,Mujer,5588.15
1824,Mujer,3674.99
1825,Mujer,7358.95
1826,Hombre,10188.73
1827,Mujer,1693.2
1828,Hombre,14549.2
1829,Mujer,6156.35
1830,Mujer,6684.82
1831,Hombre,11386.96
1832,Hombre,9249.47
1833,Mujer,10889.11
1834,Mujer,7892.06
1835,Mujer,3844.03
1836,Mujer,8226.77
1837,Hombre,3053.23
1838,Mujer,7088.52
1839,Hombre,8050.47
1840,Mujer,5663.47
1841,Hombre,7621.58
1842,Mujer,1000.0
1843,Hombre,5730.74
1844,Hombre,8617.8
1845,Mujer,7319.35
1846,Mujer,1975.46
1847,Hombre,13895.69
1848,Hombre,4302.21
1849,Hombre,12562.56
1850,Hombre,10122.37
1851,Hombre,5291.98
1852,Hombre,16188.9
1853,Hombre,2828.63
1854,Mujer,10736.19
1855,Mujer,11102.62
1856,Mujer,3582.21
1857,Mujer,12866.09
1858,Hombre,7074.79
1859,Mujer,7899.12
1860,Mujer,7771.45
1861,Mujer,5995.61
1862,Hombre,11848.64
1863,Hombre,11770.7
1864,Mujer,1000.0
1865,Hombre,14069.53
1866,Hombre,1000.0
1867,Hombre,12846.46
1868,Hombre,13270.17
1869,Hombre,3290.65
1870,Hombre,6351.34
1871,Mujer,1624.33
1872,Mujer,5632.86
1873,Hombre,6813.85
1874,Mujer,10108.47
1875,Hombre,14096.39
1876,Mujer,12880.58
1877,Mujer,4070.24
1878,Hombre,7258.5
1879,Hombre,1000.0
1880,Hombre,4573.58
1881,Hombre,12541.83
1882,Hombre,15470.12
1883,Mujer,1045.43
1884,Mujer,3933.91
1885,Hombre,8081.17
1886,Hombre,9460.73
1887,Mujer,2956.78
1888,Hombre,10108.27
1889,Mujer,4467.72
1890,Hombre,8134.96
1891,Hombre,10658.28
1892,Hombre,8228.9
1893,Mujer,4636.26
1894,Mujer,6106.76
1895,Hombre,7802.37
1896,Hombre,6534.95
1897,Hombre,7035.42
1898,Hombre,15393.91
1899,Mujer,9124.14
1900,Hombre,6870.34
1901,Hombre,11336.29
1902,Mujer,5097.81
1903,Mujer,11879.06
1904,Hombre,9863.39
1905,Hombre,7717.14
1906,Mujer,8614.73
1907,Hombre,1131.06
1908,Mujer,1529.55
1909,Hombre,2827.34
1910,Hombre,8843.24
1911,Hombre,15996.32
1912,Mujer,16640.85
1913,Hombre,11071.23
1914,Hombre,10453.8
1915,Hombre,1000.0
1916,Hombre,5757.97
1917,Hombre,4654.97
1918,Mujer,3806.19
1919,Hombre,7443.35
1920,Hombre,6075.59
1921,Mujer,1000.0
1922,Hombre,11565.6
1923,Hombre,3372.66
1924,Hombre,9276.61
1925,Hombre,17533.37
1926,Hombre,4062.77
1927,Mujer,1000.0
1928,Mujer,5312.98
1929,Hombre,13154.32
1930,Mujer,15412.56
1931,Mujer,1067.03
1932,Mujer,8835.15
1933,Hombre,6106.1
1934,Hombre,7723.23
1935,Hombre,20099.55
1936,Mujer,1000.0
1937,Mujer,7741.83
1938,Hombre,10304.62
1939,Mujer,11486.04
1940,Hombre,8640.92
1941,Hombre,9586.23
1942,Mujer,4837.58
1943,Mujer,7811.07
1944,Mujer,5055.63
1945,Mujer,9397.07
1946,Hombre,6536.75
1947,Mujer,8296.95
1948,Hombre,8068.32
1949,Mujer,11667.23
1950,Mujer,6368.73
1951,Hombre,1000.0
1952,Mujer,12278.65
1953,Mujer,2524.2
1954,Hombre,5258.05
1955,Mujer,3919.52
1956,Hombre,14384.97
1957,Hombre,1000.0
1958,Hombre,22319.87
1959,Hombre,12952.26
1960,Mujer,7604.58
1961,Hombre,7952.98
1962,Hombre,9484.99
1963,Hombre,10545.05
1964,Hombre,11103.47
1965,Mujer,9100.22
1966,Hombre,8603.11
1967,Hombre,7311.98
1968,Mujer,5919.27
1969,Hombre,7322.91
1970,Hombre,13301.97
1971,Hombre,10871.01
1972,Mujer,1000.0
1973,Mujer,9551.55
1974,Hombre,9076.31
1975,Mujer,6515.81
1976,Hombre,6451.67
1977,Mujer,11658.51
1978,Mujer,10863.87
1979,Hombre,4722.05
1980,Hombre,10031.74
1981,Hombre,3827.54
1982,Hombre,1991.72
1983,Mujer,3779.77
1984,Mujer,10480.77
1985,Hombre,12489.06
1986,Mujer,8908.88
1987,Hombre,11462.93
1988,Hombre,10522.8
1989,Hombre,5313.33
1990,Mujer,8543.65
1991,Hombre,11801.84
1992,Hombre,11594.31
1993,Hombre,13550.11
1994,Mujer,9787.37
1995,Mujer,8181.52
1996,Hombre,13015.68
1997,Mujer,6480.65
1998,Mujer,2631.56
1999,Hombre,7466.2
2000,Hombre,4847.94
2001,Hombre,5161.7
2002,Mujer,5949.67
2003,Hombre,4634.11
2004,Hombre,6814.17
2005,Hombre,1000.0
2006,Mujer,7559.82
2007,Mujer,6605.42
2008,Mujer,2923.1
2009,Mujer,9566.61
2010,Hombre,12419.07
2011,Hombre,1000.0
2012,Mujer,3167.74
2013,Mujer,3138.86
2014,Mujer,2370.44
2015,Mujer,10332.64
2016,Hombre,7327.78
2017,Hombre,7009.68
2018,Hombre,1000.0
2019,Hombre,11059.38
2020,Mujer,1023.34
2021,Hombre,8469.7
2022,Mujer,7848.2
2023,Hombre,14322.96
2024,Mujer,1000.0
2025,Mujer,1000.0
2026,Mujer,7427.32
2027,Mujer,14702.3
2028,Mujer,12175.26
2029,Mujer,7543.47
2030,Hombre,5987.64
2031,Hombre,11832.05
2032,Hombre,3819.04
2033,Mujer,8743.61
2034,Mujer,8874.62
2035,Mujer,11370.94
2036,Hombre,20618.47
2037,Mujer,8365.87
2038,Hombre,5909.66
2039,Hombre,8084.92
2040,Mujer,1000.0
2041,Mujer,3473.79
2042,Mujer,4758.23
2043,Hombre,5841.6
2044,Mujer,7285.6
2045,Mujer,2899.11
2046,Mujer,11644.64
2047,Hombre,8200.93
2048,Mujer,6558.15
2049,Hombre,6724.47
2050,Mujer,7298.36
2051,Hombre,11912.94
2052,Mujer,2697.91
2053,Mujer,3638.48
2054,Hombre,6833.23
2055,Mujer,1000.0
2056,Hombre,4513.34
2057,Hombre,6057.01
2058,Mujer,10534.75
2059,Hombre,9381.53
2060,Mujer,7471.15
2061,Mujer,10429.04
2062,Mujer,5981.83
2063,Hombre,9957.09
2064,Hombre,7735.5
2065,Hombre,9394.13
2066,Hombre,5577.59
2067,Hombre,1000.0
2068,Hombre,7595.74
2069,Hombre,14602.37
2070,Mujer,10767.97
2071,Hombre,12544.29
2072,Mujer,12162.59
2073,Mujer,6998.96
2074,Hombre,9087.92
2075,Hombre,5420.57
2076,Mujer,5177.67
2077,Hombre,10970.97
2078,Hombre,13617.48
2079,Hombre,7572.49
2080,Mujer,4574.15
2081,Mujer,6602.38
2082,Hombre,10905.43
2083,Hombre,1702.65
2084,Hombre,1000.0
2085,Hombre,5722.58
2086,Mujer,1106.79
2087,Hombre,5913.37
2088,Mujer,5934.99
2089,Mujer,4560.38
2090,Hombre,14736.1
2091,Mujer,8070.35
2092,Mujer,7952.13
2093,Mujer,9399.93
2094,Hombre,3075.25
2095,Hombre,12876.0
2096,Mujer,6259.06
2097,Hombre,11217.16
2098,Mujer,1776.64
2099,Hombre,1208.09
2100,Mujer,10280.5
2101,Hombre,9893.84
2102,Mujer,2540.77
2103,Hombre,4286.52
2104,Hombre,13264.46
2105,Mujer,1247.65
2106,Mujer,13992.03
2107,Mujer,2547.21
2108,Mujer,9472.76
2109,Hombre,6721.22
2110,Mujer,9314.34
2111,Hombre,5751.49
2112,Mujer,5867.43
2113,Hombre,8384.14
2114,Hombre,3690.16
2115,Hombre,11533.71
2116,Mujer,4290.54
2117,Mujer,5571.3
2118,Mujer,2125.43
2119,Hombre,1000.0
2120,Hombre,7340.38
2121,Hombre,19056.77
2122,Mujer,10130.72
2123,Hombre,8113.33
2124,Hombre,7016.99
2125,Hombre,8301.1
2126,Mujer,9062.04
2127,Hombre,2886.34
2128,Mujer,11614.45
2129,Mujer,9819.22
2130,Mujer,9831.84
2131,Mujer,8573.14
2132,Hombre,8288.27
2133,Hombre,11227.88
2134,Hombre,10863.16
2135,Hombre,6606.82
2136,Hombre,5618.79
2137,Mujer,7058.35
2138,Hombre,15170.59
2139,Hombre,2624.02
2140,Hombre,1596.14
2141,Hombre,8941.42
2142,Mujer,6828.99
2143,Mujer,7380.04
2144,Hombre,9297.79
2145,Mujer,5595.59
2146,Mujer,13304.39
2147,Mujer,1000.0
2148,Mujer,2871.76
2149,Mujer,6135.35
2150,Hombre,1000.0
2151,Hombre,7408.66
2152,Mujer,14076.62
2153,Hombre,8293.99
2154,Hombre,9238.15
2155,Hombre,2529.26
2156,Hombre,5426.37
2157,Hombre,6511.62
2158,Mujer,5170.28
2159,Mujer,12367.4
2160,Mujer,9109.61
2161,Hombre,3198.44
2162,Hombre,9309.27
2163,Hombre,10442.0
2164,Hombre,13330.67
2165,Mujer,13712.43
2166,Mujer,2032.08
2167,Hombre,4551.14
2168,Hombre,2540.9
2169,Hombre,7146.91
2170,Mujer,8698.61
2171,Mujer,11043.01
2172,Mujer,6258.22
2173,Hombre,6760.69
2174,Mujer,7282.91
2175,Hombre,4441.86
2176,Mujer,16002.92
2177,Mujer,1000.0
2178,Mujer,7431.33
2179,Mujer,15706.23
2180,Hombre,8230.6
2181,Hombre,7344.82
2182,Hombre,6591.5
2183,Hombre,7388.24
2184,Mujer,12777.82
2185,Hombre,1000.0
2186,Mujer,13500.45
2187,Hombre,1792.19
2188,Mujer,5400.06
2189,Hombre,6268.4
2190,Mujer,9248.49
2191,Mujer,1000.0
2192,Hombre,10279.78
2193,Mujer,15709.39
2194,Hombre,2065.72
2195,Hombre,9053.68
2196,Mujer,3621.08
2197,Hombre,10116.49
2198,Mujer,6686.16
2199,Mujer,3713.31
2200,Hombre,10395.43
2201,Mujer,14719.57
2202,Hombre,7340.93
2203,Hombre,11438.91
2204,Mujer,1000.0
2205,Hombre,3896.04
2206,Hombre,10325.83
2207,Mujer,13278.52
2208,Hombre,9800.26
2209,Mujer,5191.24
2210,Mujer,6596.81
2211,Hombre,2573.17
2212,Mujer,9320.32
2213,Mujer,10570.5
2214,Mujer,4565.59
2215,Hombre,6084.81
2216,Hombre,9396.45
2217,Mujer,4634.76
2218,Mujer,6302.4
2219,Mujer,16048.75
2220,Hombre,7088.38
2221,Hombre,6587.47
2222,Hombre,5286.06
2223,Hombre,11548.86
2224,Hombre,7384.49
2225,Hombre,5277.82
2226,Hombre,14145.87
2227,Hombre,14588.21
2228,Hombre,5498.09
2229,Mujer,1000.0
2230,Hombre,12733.81
2231,Hombre,5119.17
2232,Hombre,11757.82
2233,Hombre,1000.0
2234,Mujer,10616.69
2235,Hombre,2749.73
2236,Hombre,11488.44
2237,Hombre,8264.23
2238,Hombre,3907.27
2239,Hombre,6368.34
2240,Mujer,9688.43
2241,Mujer,7076.53
2242,Mujer,9229.86
2243,Mujer,15493.98
2244,Hombre,1160.91
2245,Hombre,15477.46
2246,Hombre,8669.6
2247,Hombre,4155.47
2248,Hombre,2213.59
2249,Hombre,7348.96
2250,Hombre,12347.43
2251,Hombre,7626.03
2252,Hombre,15000.2
2253,Hombre,1669.71
2254,Hombre,8145.6
2255,Hombre,2564.23
2256,Mujer,8236.34
2257,Mujer,10590.99
2258,Hombre,6306.57
2259,Hombre,1000.0
2260,Hombre,9095.27
2261,Mujer,8565.32
2262,Hombre,10019.33
2263,Mujer,12161.02
2264,Mujer,1780.26
2265,Hombre,11260.97
2266,Hombre,13566.28
2267,Mujer,1000.0
2268,Mujer,8038.43
2269,Mujer,4331.19
2270,Hombre,7833.15
2271,Hombre,9764.54
2272,Mujer,4407.47
2273,Hombre,5159.31
2274,Hombre,8353.69
2275,Mujer,1707.39
2276,Mujer,1713.79
2277,Hombre,11257.18
2278,Mujer,1430.43
2279,Hombre,11198.41
2280,Mujer,8681.66
2281,Hombre,1000.0
2282,Hombre,5150.96
2283,Mujer,11973.49
2284,Hombre,3784.76
2285,Hombre,6110.18
2286,Mujer,8679.27
2287,Mujer,10125.26
2288,Hombre,7068.08
2289,Mujer,3911.2
2290,Mujer,13000.66
2291,Mujer,14425.05
2292,Hombre,12604.86
2293,Mujer,6983.93
2294,Hombre,4562.8
2295,Hombre,4463.0
2296,Mujer,8951.31
2297,Mujer,8482.79
2298,Mujer,12907.19
2299,Hombre,11127.03
2300,Hombre,1436.14
2301,Mujer,11333.76
2302,Hombre,3708.73
2303,Mujer,4872.13
2304,Mujer,7725.9
2305,Mujer,15580.5
2306,Hombre,22194.63
2307,Mujer,9330.25
2308,Hombre,7375.62
2309,Hombre,10605.28
2310,Hombre,12194.45
2311,Mujer,5157.0
2312,Mujer,14678.45
2313,Hombre,9235.32
2314,Mujer,8839.84
2315,Hombre,11196.66
2316,Mujer,8497.14
2317,Hombre,11975.23
2318,Mujer,3822.36
2319,Hombre,5687.64
2320,Mujer,1649.31
2321,Mujer,8577.76
2322,Hombre,11705.21
2323,Mujer,8659.98
2324,Hombre,15735.22
2325,Mujer,6574.82
2326,Mujer,9609.34
2327,Hombre,3287.35
2328,Mujer,4858.05
2329,Mujer,9729.92
2330,Hombre,12020.96
2331,Hombre,6877.15
2332,Hombre,7877.8
2333,Hombre,1369.57
2334,Hombre,6593.37
2335,Mujer,10606.72
2336,Mujer,9188.42
2337,Hombre,10453.0
2338,Hombre,8423.98
2339,Mujer,6631.78
2340,Mujer,3628.55
2341,Hombre,11344.73
2342,Hombre,10094.38
2343,Hombre,10414.08
2344,Hombre,5832.84
2345,Hombre,1000.0
2346,Mujer,11537.19
2347,Hombre,6045.23
2348,Mujer,2717.51
2349,Hombre,11320.66
2350,Hombre,6435.94
2351,Hombre,12969.71
2352,Hombre,10976.53
2353,Hombre,11276.06
2354,Hombre,2053.2
2355,Hombre,13653.75
2356,Mujer,7775.63
2357,Hombre,6538.25
2358,Hombre,8845.25
2359,Mujer,1000.0
2360,Hombre,10038.94
2361,Mujer,1967.83
2362,Mujer,1000.0
2363,Mujer,1000.0
2364,Hombre,13207.1
2365,Mujer,3768.31
2366,Hombre,15101.77
2367,Hombre,5788.89
2368,Hombre,1000.0
2369,Mujer,1575.64
2370,Mujer,12161.15
2371,Hombre,7498.46
2372,Hombre,5732.71
2373,Hombre,8920.08
2374,Mujer,8858.02
2375,Hombre,13228.29
2376,Hombre,14718.25
2377,Mujer,4981.04
2378,Hombre,2232.79
2379,Mujer,4739.41
2380,Hombre,9371.26
2381,Mujer,2263.08
2382,Hombre,3892.82
2383,Mujer,8147.05
2384,Mujer,6381.06
2385,Hombre,8347.59
2386,Hombre,4786.77
2387,Mujer,5563.2
2388,Hombre,4040.95
2389,Hombre,12205.89
2390,Hombre,12858.62
2391,Hombre,1000.0
2392,Mujer,2417.2
2393,Hombre,1465.62
2394,Mujer,3674.89
2395,Mujer,6224.53
2396,Mujer,1000.0
2397,Mujer,2451.63
2398,Hombre,3682.19
2399,Mujer,7532.7
2400,Mujer,6912.05
2401,Mujer,3352.18
2402,Mujer,7395.69
2403,Hombre,5739.94
2404,Mujer,5377.55
2405,Hombre,15730.53
2406,Hombre,14232.07
2407,Hombre,2351.88
2408,Hombre,11933.8
2409,Hombre,11851.28
2410,Mujer,1432.82
2411,Hombre,11884.5
2412,Hombre,15120.69
2413,Hombre,3148.55
2414,Hombre,4071.24
2415,Hombre,12779.48
2416,Mujer,7821.73
2417,Mujer,9081.64
2418,Mujer,8132.65
2419,Mujer,8358.13
2420,Mujer,1000.0
2421,Hombre,12912.93
2422,Hombre,13463.15
2423,Hombre,7167.74
2424,Hombre,8004.35
2425,Hombre,1310.02
2426,Hombre,10514.15
2427,Hombre,10774.26
2428,Hombre,7920.14
2429,Mujer,11659.59
2430,Mujer,5096.65
2431,Hombre,10740.73
2432,Hombre,3611.51
2433,Mujer,6494.02
2434,Hombre,7415.41
2435,Mujer,7613.89
2436,Hombre,6537.13
2437,Hombre,7608.37
2438,Hombre,11917.21
2439,Mujer,4634.56
2440,Hombre,1000.0
2441,Hombre,16073.13
2442,Hombre,14416.54
2443,Hombre,2384.82
2444,Hombre,11303.69
2445,Mujer,4336.61
2446,Mujer,7785.69
2447,Hombre,9524.01
2448,Hombre,7145.16
2449,Hombre,4673.05
2450,Mujer,3492.57
2451,Mujer,2477.14
2452,Hombre,4456.8
2453,Mujer,6297.7
2454,Hombre,4979.08
2455,Mujer,9669.23
2456,Hombre,14892.61
2457,Mujer,3989.76
2458,Hombre,9277.32
2459,Mujer,8848.58
2460,Mujer,8724.01
2461,Hombre,8541.8
2462,Mujer,9942.07
2463,Hombre,10370.12
2464,Hombre,2630.52
2465,Mujer,10511.2
2466,Hombre,12192.81
2467,Mujer,3165.21
2468,Mujer,6770.72
2469,Hombre,11274.98
2470,Mujer,5658.09
2471,Mujer,11428.4
2472,Hombre,18837.43
2473,Mujer,3063.06
2474,Mujer,1000.0
2475,Hombre,9567.18
2476,Hombre,11447.03
2477,Hombre,7161.1
2478,Hombre,14739.67
2479,Hombre,2176.27
2480,Hombre,11318.13
2481,Hombre,5473.63
2482,Hombre,15937.2
2483,Hombre,17166.32
2484,Mujer,3150.05
2485,Hombre,5726.99
2486,Hombre,12068.15
2487,Mujer,4857.91
2488,Mujer,6395.65
2489,Mujer,6714.25
2490,Hombre,1000.0
2491,Mujer,6537.73
2492,Mujer,3496.23
2493,Mujer,4380.95
2494,Mujer,13096.34
2495,Mujer,1000.0
2496,Hombre,11859.42
2497,Mujer,5344.67
2498,Hombre,6941.08
2499,Mujer,10156.67
2500,Mujer,8130.23
2501,Mujer,9167.76
2502,Mujer,10956.83
2503,Hombre,6709.11
2504,Mujer,3844.93
2505,Hombre,3316.82
2506,Hombre,4485.65
2507,Hombre,21470.92
2508,Mujer,12201.06
2509,Mujer,1000.0
2510,Hombre,2248.94
2511,Hombre,10368.4
2512,Hombre,10662.69
2513,Mujer,9069.98
2514,Hombre,7052.7
2515,Mujer,6035.46
2516,Hombre,9675.46
2517,Hombre,8586.52
2518,Mujer,1000.0
2519,Mujer,5565.9
2520,Mujer,2768.67
2521,Hombre,8988.45
2522,Mujer,20033.67
2523,Hombre,9853.67
2524,Hombre,6789.12
2525,Hombre,12348.11
2526,Hombre,10372.1
2527,Hombre,10090.43
2528,Hombre,10930.83
2529,Hombre,17454.45
2530,Mujer,1511.0
2531,Hombre,10331.34
2532,Mujer,2431.28
2533,Mujer,9099.81
2534,Hombre,4065.91
2535,Hombre,6321.85
2536,Mujer,5272.1
2537,Hombre,12591.18
2538,Hombre,12333.04
2539,Mujer,1000.0
2540,Hombre,8447.2
2541,Hombre,5006.89
2542,Mujer,1000.0
2543,Hombre,7223.42
2544,Hombre,6811.83
2545,Mujer,17520.22
2546,Hombre,10148.32
2547,Mujer,1000.0
2548,Hombre,5658.52
2549,Mujer,11196.22
2550,Hombre,17597.99
2551,Mujer,1000.0
2552,Hombre,1000.0
2553,Mujer,15019.34
2554,Hombre,9953.26
2555,Hombre,4292.68
2556,Mujer,9005.83
2557,Hombre,1000.0
2558,Hombre,8215.19
2559,Hombre,9675.2
2560,Mujer,10759.22
2561,Hombre,3637.47
2562,Mujer,6985.59
2563,Mujer,2435.59
2564,Hombre,9349.23
2565,Hombre,4170.94
2566,Hombre,6363.55
2567,Hombre,3718.83
2568,Mujer,9530.11
2569,Hombre,12063.03
2570,Mujer,5544.21
2571,Mujer,6772.07
2572,Mujer,1000.0
2573,Hombre,6851.46
2574,Hombre,7974.08
2575,Hombre,19993.57
2576,Hombre,3196.15
2577,Mujer,13188.8
2578,Hombre,12685.86
2579,Hombre,9462.86
2580,Mujer,14513.79
2581,Hombre,9874.47
2582,Mujer,8351.22
2583,Mujer,6360.96
2584,Hombre,13706.06
2585,Mujer,11534.11
2586,Hombre,5384.45
2587,Hombre,2263.39
2588,Hombre,7286.59
2589,Mujer,2999.83
2590,Hombre,7914.14
2591,Mujer,12168.47
2592,Mujer,4542.14
2593,Hombre,8007.29
2594,Hombre,8461.1
2595,Mujer,10417.94
2596,Mujer,1000.0
2597,Hombre,5469.85
2598,Hombre,9150.78
2599,Mujer,12000.36
2600,Mujer,4386.44
2601,Hombre,1000.0
2602,Mujer,9388.7
2603,Hombre,5340.87
2604,Hombre,2846.5
2605,Hombre,5390.45
2606,Hombre,7369.64
2607,Mujer,3878.65
2608,Mujer,1000.0
2609,Mujer,10636.8
2610,Mujer,12336.94
2611,Mujer,9531.85
2612,Mujer,1480.41
2613,Mujer,5693.29
2614,Hombre,8170.65
2615,Hombre,10894.57
2616,Hombre,11207.53
2617,Mujer,3296.22
2618,Hombre,8568.98
2619,Hombre,10257.76
2620,Mujer,13151.2
2621,Mujer,9770.28
2622,Hombre,11750.76
2623,Hombre,8577.22
2624,Hombre,14547.07
2625,Mujer,8443.93
2626,Hombre,4325.1
2627,Mujer,12915.16
2628,Mujer,9740.56
2629,Mujer,4606.3
2630,Hombre,6042.28
2631,Mujer,7934.59
2632,Mujer,8684.33
2633,Hombre,9087.82
2634,Mujer,8000.89
2635,Mujer,14249.81
2636,Mujer,11421.94
2637,Mujer,7457.86
2638,Hombre,12435.9
2639,Hombre,3553.64
2640,Hombre,9990.67
2641,Hombre,16341.88
2642,Hombre,7218.79
2643,Mujer,2785.65
2644,Hombre,5265.6
2645,Mujer,1696.65
2646,Hombre,4668.57
2647,Hombre,6532.71
2648,Mujer,1000.0
2649,Hombre,8270.28
2650,Hombre,12260.25
2651,Mujer,2515.1
2652,Hombre,15036.78
2653,Hombre,10498.56
2654,Hombre,12837.61
2655,Hombre,5239.74
2656,Mujer,10445.36
2657,Hombre,3286.3
2658,Hombre,12206.11
2659,Mujer,7373.28
2660,Mujer,9089.63
2661,Mujer,1309.82
2662,Hombre,4172.19
2663,Mujer,9287.53
2664,Mujer,2332.43
2665,Mujer,8684.43
2666,Hombre,2047.88
2667,Hombre,12016.78
2668,Hombre,2653.65
2669,Hombre,10685.35
2670,Mujer,9415.34
2671,Hombre,5064.53
2672,Mujer,9219.12
2673,Mujer,7771.99
2674,Hombre,5775.21
2675,Mujer,2061.5
2676,Mujer,1000.0
2677,Hombre,9773.43
2678,Mujer,1000.0
2679,Hombre,8629.05
2680,Mujer,5414.48
2681,Mujer,9656.14
2682,Hombre,6840.8
2683,Hombre,6717.48
2684,Mujer,9893.42
2685,Hombre,9707.76
2686,Mujer,8022.7
2687,Mujer,8711.7
2688,Hombre,1289.93
2689,Mujer,10005.55
2690,Hombre,10956.11
2691,Hombre,3624.93
2692,Mujer,5501.64
2693,Mujer,6423.12
2694,Hombre,7594.76
2695,Hombre,9702.37
2696,Hombre,14641.15
2697,Hombre,13067.95
2698,Mujer,1000.0
2699,Hombre,10999.31
2700,Hombre,14180.2
2701,Hombre,9940.64
2702,Mujer,11509.41
2703,Mujer,15655.22
2704,Hombre,12806.69
2705,Hombre,9321.89
2706,Hombre,12902.9
2707,Mujer,7252.0
2708,Hombre,8307.56
2709,Hombre,6618.64
2710,Hombre,15235.36
2711,Hombre,4517.07
2712,Mujer,13495.65
2713,Mujer,8849.39
2714,Mujer,1000.0
2715,Mujer,8254.42
2716,Mujer,1000.0
2717,Hombre,11014.79
2718,Hombre,12183.54
2719,Hombre,5534.4
2720,Mujer,7155.96
2721,Hombre,16993.71
2722,Hombre,5924.14
2723,Hombre,3434.92
2724,Hombre,14867.49
2725,Mujer,15431.64
2726,Hombre,8216.63
2727,Mujer,11151.58
2728,Mujer,12636.64
2729,Mujer,3258.82
2730,Hombre,6016.12
2731,Hombre,13738.94
2732,Hombre,15782.56
2733,Mujer,9132.96
2734,Hombre,4240.84
2735,Mujer,15541.78
2736,Hombre,5810.63
2737,Hombre,6691.88
2738,Mujer,8140.52
2739,Hombre,15193.72
2740,Mujer,10442.89
2741,Hombre,10066.89
2742,Mujer,8684.8
2743,Hombre,8395.82
2744,Mujer,9111.63
2745,Hombre,1000.0
2746,Mujer,5265.27
2747,Mujer,7685.95
2748,Hombre,3020.44
2749,Hombre,9938.45
2750,Hombre,7279.88
2751,Hombre,16099.64
2752,Hombre,15278.59
2753,Mujer,4503.87
2754,Mujer,5921.23
2755,Mujer,6267.24
2756,Hombre,6167.53
2757,Mujer,7477.61
2758,Mujer,3187.73
2759,Mujer,1512.23
2760,Hombre,11002.2
2761,Hombre,11032.88
2762,Hombre,4580.58
2763,Hombre,12229.1
2764,Hombre,5357.9
2765,Mujer,7739.24
2766,Mujer,10291.55
2767,Hombre,8048.74
2768,Mujer,8646.33
2769,Mujer,4276.07
2770,Hombre,7315.9
2771,Mujer,5673.63
2772,Hombre,4840.4
2773,Mujer,5804.52
2774,Hombre,1231.22
2775,Hombre,5989.81
2776,Hombre,6918.06
2777,Mujer,5447.19
2778,Hombre,7113.26
2779,Mujer,6322.06
2780,Hombre,10357.49
2781,Mujer,10535.33
2782,Hombre,5276.06
2783,Hombre,2785.6
2784,Hombre,3510.8
2785,Mujer,4407.59
2786,Mujer,5016.35
2787,Mujer,3135.02
2788,Hombre,2367.48
2789,Hombre,6147.46
2790,Hombre,9016.42
2791,Hombre,10877.63
2792,Mujer,4091.6
2793,Mujer,4741.51
2794,Hombre,4029.86
2795,Hombre,8058.52
2796,Hombre,4382.07
2797,Hombre,10779.08
2798,Hombre,1000.0
2799,Mujer,4981.67
2800,Hombre,9554.98
2801,Hombre,9027.26
2802,Hombre,20318.65
2803,Hombre,9774.1
2804,Hombre,3681.75
2805,Mujer,6170.41
2806,Mujer,1000.0
2807,Mujer,6237.3
2808,Hombre,4451.25
2809,Mujer,10719.26
2810,Hombre,5727.07
2811,Hombre,7674.55
2812,Hombre,5339.99
2813,Hombre,16024.83
2814,Hombre,6754.41
2815,Mujer,14846.51
2816,Hombre,11863.68
2817,Mujer,8769.3
2818,Hombre,9859.3
2819,Hombre,9972.09
2820,Hombre,1000.0
2821,Mujer,5345.02
2822,Hombre,12003.21
2823,Hombre,7979.96
2824,Mujer,1000.0
2825,Hombre,7964.18
2826,Hombre,15868.47
2827,Mujer,12211.01
2828,Mujer,6320.98
2829,Hombre,12481.52
2830,Mujer,4950.72
2831,Hombre,1000.0
2832,Mujer,2439.9
2833,Mujer,13633.0
2834,Mujer,5367.03
2835,Hombre,7104.77
2836,Mujer,5250.73
2837,Hombre,16768.61
2838,Hombre,15516.82
2839,Mujer,16584.51
2840,Hombre,7484.3
2841,Hombre,9530.31
2842,Mujer,1000.0
2843,Mujer,13246.2
2844,Hombre,2944.99
2845,Hombre,9175.49
2846,Hombre,3262.14
2847,Hombre,5550.1
2848,Mujer,2832.32
2849,Mujer,3864.56
2850,Hombre,5773.95
2851,Hombre,5732.79
2852,Mujer,10350.0
2853,Hombre,3228.12
2854,Hombre,9192.44
2855,Hombre,13680.82
2856,Hombre,5890.62
2857,Mujer,3369.36
2858,Hombre,7162.64
2859,Mujer,11908.76
2860,Hombre,9073.48
2861,Hombre,5809.54
2862,Hombre,10377.44
2863,Mujer,1639.69
2864,Hombre,11266.12
2865,Hombre,10038.73
2866,Hombre,6814.86
2867,Hombre,4426.36
2868,Mujer,2609.94
2869,Hombre,10606.68
2870,Mujer,12130.41
2871,Mujer,3732.12
2872,Mujer,8662.74
2873,Mujer,1000.0
2874,Mujer,3969.22
2875,Hombre,8060.23
2876,Hombre,4106.42
2877,Hombre,3985.72
2878,Mujer,3594.99
2879,Hombre,9514.87
2880,Hombre,7357.02
2881,Hombre,1000.0
2882,Hombre,1000.0
2883,Hombre,5469.11
2884,Mujer,8659.59
2885,Mujer,1000.0
2886,Hombre,5951.21
2887,Mujer,4231.88
2888,Hombre,14447.52
2889,Mujer,4867.4
2890,Mujer,8323.45
2891,Mujer,7235.66
2892,Hombre,1000.0
2893,Mujer,10056.93
2894,Hombre,9169.28
2895,Mujer,8887.21
2896,Mujer,24268.07
2897,Hombre,1000.0
2898,Mujer,14361.13
2899,Hombre,6906.49
2900,Mujer,7892.98
2901,Mujer,6395.19
2902,Hombre,6290.94
2903,Mujer,4035.75
2904,Mujer,8082.79
2905,Hombre,1372.72
2906,Mujer,9977.61
2907,Mujer,4727.13
2908,Mujer,1514.69
2909,Mujer,4574.94
2910,Hombre,13857.17
2911,Mujer,4190.99
2912,Mujer,8213.04
2913,Mujer,3310.7
2914,Mujer,10010.65
2915,Hombre,11284.78
2916,Mujer,14918.74
2917,Mujer,5809.96
2918,Hombre,11208.95
2919,Hombre,8641.3
2920,Hombre,14031.42
2921,Hombre,4965.25
2922,Hombre,11552.52
2923,Hombre,7323.86
2924,Hombre,7911.15
2925,Hombre,8612.89
2926,Mujer,7735.08
2927,Hombre,7676.97
2928,Hombre,9166.21
2929,Mujer,13701.53
2930,Mujer,11034.52
2931,Mujer,10511.2
2932,Hombre,6150.07
2933,Hombre,4198.42
2934,Mujer,10898.85
2935,Mujer,10542.21
2936,Mujer,13227.02
2937,Mujer,3882.09
2938,Mujer,5567.03
2939,Mujer,1000.0
2940,Hombre,6433.88
2941,Mujer,11084.57
2942,Hombre,6100.77
2943,Hombre,11082.16
2944,Hombre,7342.74
2945,Hombre,9658.26
2946,Hombre,3035.39
2947,Mujer,6983.44
2948,Mujer,1000.0
2949,Mujer,5758.97
2950,Mujer,1000.0
2951,Hombre,13626.98
2952,Mujer,10098.33
2953,Mujer,8700.02
2954,Mujer,13444.53
2955,Mujer,2329.88
2956,Hombre,16063.13
2957,Mujer,10794.86
2958,Hombre,7135.5
2959,Hombre,13310.29
2960,Mujer,1621.68
2961,Hombre,4489.69
2962,Mujer,3861.35
2963,Mujer,4219.6
2964,Mujer,1845.49
2965,Hombre,13703.87
2966,Mujer,5435.16
2967,Mujer,8186.27
2968,Hombre,5633.42
2969,Mujer,1000.0
2970,Mujer,7815.26
2971,Mujer,1000.0
2972,Hombre,7891.15
2973,Mujer,1000.0
2974,Mujer,15542.74
2975,Hombre,12301.13
2976,Mujer,7075.89
2977,Hombre,13886.68
2978,Mujer,2791.58
2979,Hombre,10645.66
2980,Mujer,7499.15
2981,Hombre,9388.09
2982,Mujer,12325.59
2983,Mujer,9896.21
2984,Mujer,7899.26
2985,Hombre,1000.0
2986,Hombre,3879.79
2987,Hombre,7647.81
2988,Hombre,8620.18
2989,Hombre,3114.08
2990,Hombre,19052.55
2991,Hombre,15023.77
2992,Hombre,10909.53
2993,Mujer,6924.17
2994,Mujer,5645.06
2995,Mujer,2316.37
2996,Hombre,8548.66
2997,Hombre,9359.89
2998,Hombre,2612.08
2999,Hombre,9703.79
3000,Hombre,7501.33
3001,Mujer,1000.0
3002,Mujer,2728.27
3003,Mujer,4738.78
3004,Hombre,16694.59
3005,Hombre,10704.49
3006,Mujer,1000.0
3007,Hombre,10387.16
3008,Hombre,1237.13
3009,Mujer,11472.11
3010,Hombre,6079.94
3011,Hombre,7778.64
3012,Hombre,14166.08
3013,Mujer,1000.0
3014,Hombre,1912.97
3015,Mujer,3973.8
3016,Hombre,12872.7
3017,Mujer,1000.0
3018,Mujer,1000.0
3019,Hombre,6169.79
3020,Hombre,10682.83
3021,Mujer,12001.18
3022,Hombre,6115.77
3023,Mujer,4748.58
3024,Hombre,13392.55
3025,Hombre,1000.0
3026,Hombre,6451.66
3027,Hombre,9056.91
3028,Mujer,8621.48
3029,Mujer,4305.87
3030,Mujer,6754.98
3031,Hombre,1000.0
3032,Hombre,5237.88
3033,Hombre,10240.79
3034,Hombre,3779.68
3035,Mujer,6865.43
3036,Mujer,8610.93
3037,Hombre,6658.53
3038,Hombre,8967.09
3039,Hombre,3867.7
3040,Hombre,7270.25
3041,Mujer,9345.97
3042,Mujer,7306.38
3043,Hombre,5560.61
3044,Hombre,9208.97
3045,Hombre,11415.74
3046,Hombre,1000.0
3047,Hombre,13415.83
3048,Mujer,5086.85
3049,Hombre,10114.7
3050,Hombre,13587.61
3051,Hombre,2027.47
3052,Mujer,3407.52
3053,Hombre,6901.53
3054,Hombre,4673.11
3055,Hombre,16007.21
3056,Mujer,2744.53
3057,Hombre,5700.04
3058,Hombre,9119.75
3059,Hombre,2790.33
3060,Hombre,6419.44
3061,Hombre,9628.54
3062,Hombre,6702.13
3063,Hombre,7779.76
3064,Mujer,4218.01
3065,Mujer,1000.0
3066,Hombre,9647.17
3067,Hombre,16097.2
3068,Hombre,8282.81
3069,Mujer,7613.69
3070,Mujer,9717.25
3071,Mujer,1000.0
3072,Mujer,14261.32
3073,Mujer,7510.48
3074,Hombre,15543.36
3075,Hombre,4901.35
3076,Mujer,14781.28
3077,Hombre,11688.2
3078,Mujer,9088.68
3079,Hombre,9253.11
3080,Hombre,7081.62
3081,Mujer,12002.39
3082,Mujer,7231.62
3083,Hombre,1000.0
3084,Mujer,1572.66
3085,Mujer,5763.69
3086,Mujer,7995.0
3087,Mujer,6345.35
3088,Hombre,13685.37
3089,Mujer,1000.0
3090,Hombre,8846.15
3091,Mujer,1000.0
3092,Mujer,10018.71
3093,Mujer,6174.94
3094,Hombre,10088.24
3095,Hombre,4312.53
3096,Mujer,12357.59
3097,Hombre,12887.76
3098,Mujer,9225.95
3099,Mujer,6017.17
3100,Mujer,9209.36
3101,Hombre,5018.98
3102,Mujer,10450.0
3103,Mujer,14022.66
3104,Hombre,13017.75
3105,Hombre,4916.79
3106,Hombre,9826.38
3107,Hombre,2380.86
3108,Hombre,10775.76
3109,Hombre,10227.72
3110,Mujer,1000.0
3111,Mujer,1371.97
3112,Mujer,5325.87
3113,Hombre,6846.13
3114,Hombre,2757.35
3115,Hombre,9950.4
3116,Hombre,9331.63
3117,Mujer,5725.79
3118,Mujer,3198.94
3119,Mujer,11319.18
3120,Mujer,14049.33
3121,Mujer,4423.97
3122,Hombre,5445.25
3123,Hombre,10410.43
3124,Hombre,6588.87
3125,Hombre,7572.71
3126,Hombre,11528.44
3127,Hombre,1000.0
3128,Hombre,14132.36
3129,Mujer,6927.06
3130,Hombre,6348.28
3131,Hombre,7798.45
3132,Hombre,8030.93
3133,Mujer,1000.0
3134,Mujer,13327.22
3135,Hombre,8385.97
3136,Mujer,8593.51
3137,Hombre,12481.97
3138,Hombre,3604.77
3139,Mujer,8730.62
3140,Mujer,5395.62
3141,Mujer,10410.47
3142,Hombre,1000.0
3143,Mujer,6154.08
3144,Hombre,5487.31
3145,Hombre,10145.18
3146,Hombre,10315.2
3147,Mujer,3415.68
3148,Hombre,4995.22
3149,Mujer,6102.01
3150,Hombre,4165.11
3151,Mujer,10388.93
3152,Hombre,6538.57
3153,Mujer,1000.0
3154,Hombre,6513.3
3155,Hombre,3526.55
3156,Mujer,1000.0
3157,Hombre,2631.58
3158,Hombre,8692.34
3159,Mujer,12578.88
3160,Mujer,8009.33
3161,Mujer,3870.73
3162,Mujer,8651.57
3163,Mujer,4534.09
3164,Hombre,5074.3
3165,Hombre,3005.37
3166,Hombre,1000.0
3167,Hombre,6445.34
3168,Hombre,8911.24
3169,Mujer,6165.19
3170,Mujer,4728.15
3171,Hombre,3944.14
3172,Hombre,10937.11
3173,Mujer,1000.0
3174,Mujer,10092.13
3175,Hombre,3690.02
3176,Hombre,4814.04
3177,Mujer,1000.0
3178,Mujer,4343.69
3179,Hombre,12588.91
3180,Mujer,8920.33
3181,Hombre,12602.9
3182,Mujer,8949.64
3183,Hombre,3233.49
3184,Hombre,6711.45
3185,Hombre,4689.1
3186,Mujer,12587.59
3187,Hombre,2814.45
3188,Mujer,10621.64
3189,Mujer,10618.29
3190,Hombre,16433.29
3191,Hombre,6356.41
3192,Mujer,9805.45
3193,Mujer,16867.43
3194,Mujer,3820.61
3195,Hombre,1292.32
3196,Hombre,1000.0
3197,Hombre,11407.2
3198,Mujer,1000.0
3199,Mujer,4924.56
3200,Mujer,8567.91
3201,Mujer,7433.29
3202,Mujer,8514.5
3203,Hombre,9200.3
3204,Hombre,13954.9
3205,Hombre,3914.58
3206,Mujer,3553.52
3207,Mujer,3123.03
3208,Hombre,11935.86
3209,Mujer,10651.79
3210,Mujer,8630.51
3211,Mujer,11925.72
3212,Hombre,2898.82
3213,Hombre,15702.51
3214,Mujer,13454.57
3215,Hombre,11510.3
3216,Mujer,14618.1
3217,Mujer,1000.0
3218,Hombre,5839.98
3219,Hombre,4891.13
3220,Hombre,11446.66
3221,Hombre,3474.37
3222,Hombre,11608.73
3223,Mujer,12767.41
3224,Mujer,9728.41
3225,Hombre,9476.88
3226,Hombre,3754.57
3227,Hombre,4389.17
3228,Mujer,12223.29
3229,Mujer,10107.07
3230,Hombre,8024.41
3231,Mujer,4719.41
3232,Mujer,1000.0
3233,Hombre,3381.16
3234,Hombre,16801.39
3235,Hombre,2437.95
3236,Mujer,7452.66
3237,Mujer,11133.5
3238,Mujer,1000.0
3239,Hombre,9031.2
3240,Mujer,10820.62
3241,Mujer,6656.25
3242,Hombre,21107.81
3243,Hombre,1000.0
3244,Mujer,11364.28
3245,Mujer,5822.39
3246,Mujer,10073.64
3247,Mujer,8585.88
3248,Mujer,3300.8
3249,Mujer,7630.48
3250,Mujer,1000.0
3251,Mujer,9314.61
3252,Mujer,7941.71
3253,Mujer,9473.97
3254,Hombre,12961.53
3255,Hombre,9854.29
3256,Hombre,8866.4
3257,Hombre,4235.19
3258,Mujer,3395.01
3259,Mujer,11940.31
3260,Hombre,14663.51
3261,Mujer,5528.5
3262,Hombre,8407.01
3263,Hombre,4129.24
3264,Mujer,11877.41
3265,Mujer,9594.38
3266,Mujer,15335.48
3267,Hombre,4247.55
3268,Mujer,4898.96
3269,Mujer,7641.51
3270,Mujer,9509.2
3271,Hombre,7229.5
3272,Hombre,4271.68
3273,Hombre,12166.33
3274,Hombre,11445.11
3275,Mujer,2476.77
3276,Mujer,12699.49
3277,Hombre,13465.89
3278,Mujer,7204.33
3279,Hombre,8558.19
3280,Hombre,10693.26
3281,Hombre,4322.34
3282,Mujer,6735.14
3283,Hombre,1000.0
3284,Mujer,10544.05
3285,Hombre,1173.28
3286,Hombre,14965.39
3287,Hombre,6714.46
3288,Mujer,5647.5
3289,Hombre,5375.2
3290,Mujer,5303.83
3291,Mujer,12983.39
3292,Mujer,1000.0
3293,Hombre,13946.34
3294,Mujer,8121.11
3295,Hombre,2768.4
3296,Mujer,1761.09
3297,Hombre,15743.77
3298,Hombre,3945.22
3299,Hombre,3009.92
3300,Mujer,11717.92
3301,Hombre,9723.49
3302,Hombre,3979.33
3303,Hombre,9174.81
3304,Mujer,1984.11
3305,Mujer,11553.7
3306,Hombre,12976.17
3307,Hombre,10594.03
3308,Mujer,8227.47
3309,Mujer,14525.35
3310,Hombre,8198.59
3311,Mujer,1281.57
3312,Hombre,10222.63
3313,Mujer,15987.21
3314,Hombre,3633.58
3315,Hombre,6573.42
3316,Mujer,8474.01
3317,Hombre,7957.43
3318,Mujer,2179.63
3319,Hombre,13248.36
3320,Mujer,17040.18
3321,Hombre,9082.59
3322,Mujer,2531.69
3323,Mujer,1000.0
3324,Hombre,9360.89
3325,Mujer,11567.45
3326,Hombre,10338.25
3327,Hombre,8189.18
3328,Hombre,5548.28
3329,Hombre,3285.26
3330,Hombre,11956.38
3331,Hombre,12311.97
3332,Mujer,1000.0
3333,Hombre,15354.28
3334,Mujer,9183.32
3335,Mujer,12898.18
3336,Hombre,2160.43
3337,Mujer,1000.0
3338,Hombre,7529.64
3339,Hombre,10462.53
3340,Hombre,16283.62
3341,Mujer,9777.36
3342,Hombre,7107.93
3343,Mujer,1981.34
3344,Hombre,13735.0
3345,Hombre,3858.83
3346,Mujer,13928.11
3347,Mujer,5320.27
3348,Hombre,15357.62
3349,Mujer,9655.19
3350,Mujer,5983.52
3351,Hombre,5862.72
3352,Mujer,5065.91
3353,Hombre,10127.43
3354,Hombre,8547.2
3355,Mujer,3927.85
3356,Mujer,5854.66
3357,Hombre,8553.6
3358,Hombre,1000.0
3359,Mujer,8661.76
3360,Hombre,3791.25
3361,Mujer,1410.0
3362,Mujer,1000.0
3363,Hombre,1000.0
3364,Hombre,2100.49
3365,Mujer,3409.41
3366,Hombre,16989.67
3367,Mujer,4233.54
3368,Hombre,8999.88
3369,Hombre,10002.17
3370,Hombre,8789.79
3371,Mujer,6251.5
3372,Mujer,1221.18
3373,Mujer,13129.17
3374,Hombre,16332.38
3375,Mujer,1000.0
3376,Hombre,3591.87
3377,Hombre,6940.85
3378,Hombre,3859.58
3379,Hombre,10476.84
3380,Hombre,4922.78
3381,Mujer,16342.75
3382,Mujer,11957.47
3383,Hombre,9156.58
3384,Mujer,11221.44
3385,Mujer,11576.55
3386,Hombre,5662.24
3387,Mujer,2927.02
3388,Hombre,8551.64
3389,Mujer,10477.36
3390,Hombre,8825.77
3391,Mujer,1000.0
3392,Hombre,4587.29
3393,Hombre,7867.12
3394,Hombre,7859.5
3395,Hombre,17076.44
3396,Hombre,1963.05
3397,Hombre,10475.15
3398,Hombre,14901.01
3399,Hombre,18421.52
3400,Mujer,4780.21
3401,Hombre,10411.43
3402,Hombre,10763.92
3403,Hombre,9079.67
3404,Hombre,7755.2
3405,Mujer,8561.89
3406,Hombre,1000.0
3407,Hombre,11269.31
3408,Mujer,7167.8
3409,Mujer,5598.86
3410,Mujer,15810.88
3411,Mujer,3562.8
3412,Hombre,6386.16
3413,Hombre,17161.99
3414,Hombre,4455.72
3415,Mujer,4124.48
3416,Hombre,7538.39
3417,Hombre,11983.31
3418,Hombre,9135.11
3419,Mujer,1000.0
3420,Hombre,5805.24
3421,Hombre,5466.91
3422,Hombre,7852.51
3423,Hombre,10116.3
3424,Hombre,10081.93
3425,Hombre,1000.0
3426,Mujer,11387.73
3427,Hombre,9336.56
3428,Mujer,12830.39
3429,Hombre,10198.89
3430,Mujer,11555.95
3431,Hombre,10299.45
3432,Mujer,12658.02
3433,Mujer,8950.13
3434,Hombre,7759.38
3435,Hombre,18425.96
3436,Hombre,12200.67
3437,Mujer,9181.85
3438,Mujer,1000.0
3439,Hombre,2402.62
3440,Mujer,7917.22
3441,Hombre,8854.85
3442,Hombre,5436.45
3443,Mujer,7234.42
3444,Hombre,15348.82
3445,Hombre,11329.31
3446,Mujer,1465.46
3447,Mujer,6098.21
3448,Mujer,2977.65
3449,Mujer,4855.35
3450,Hombre,6338.73
3451,Mujer,4450.59
3452,Hombre,2551.89
3453,Mujer,6025.55
3454,Hombre,5677.27
3455,Hombre,1000.0
3456,Mujer,15838.37
3457,Mujer,11499.46
3458,Mujer,4906.65
3459,Hombre,8284.69
3460,Hombre,2927.56
3461,Hombre,15830.75
3462,Hombre,16737.8
3463,Mujer,7305.12
3464,Mujer,11205.89
3465,Mujer,7388.79
3466,Hombre,2184.74
3467,Mujer,4746.79
3468,Hombre,8793.68
3469,Hombre,6154.54
3470,Hombre,7216.06
3471,Hombre,7788.7
3472,Hombre,7836.05
3473,Mujer,6835.16
3474,Mujer,1827.28
3475,Mujer,3373.43
3476,Mujer,1000.0
3477,Mujer,11000.17
3478,Mujer,1000.0
3479,Mujer,11791.16
3480,Hombre,14438.57
3481,Hombre,6840.19
3482,Mujer,1000.0
3483,Hombre,6574.1
3484,Mujer,6311.17
3485,Hombre,3652.31
3486,Hombre,5881.52
3487,Mujer,13485.88
3488,Hombre,11192.17
3489,Mujer,2439.46
3490,Mujer,1000.0
3491,Mujer,5128.42
3492,Hombre,7239.44
3493,Mujer,8832.9
3494,Hombre,5791.07
3495,Mujer,8901.75
3496,Mujer,15308.19
3497,Mujer,10269.75
3498,Hombre,7983.6
3499,Hombre,7375.82
3500,Hombre,6594.97
3501,Mujer,11912.88
3502,Hombre,5377.09
3503,Hombre,8403.5
3504,Mujer,6830.39
3505,Hombre,5941.97
3506,Hombre,2023.91
3507,Hombre,9653.39
3508,Mujer,6325.48
3509,Hombre,10451.08
3510,Mujer,4198.8
3511,Hombre,13693.7
3512,Hombre,4254.52
3513,Hombre,15904.18
3514,Mujer,1000.0
3515,Hombre,10156.47
3516,Hombre,10339.44
3517,Mujer,3019.99
3518,Hombre,10109.77
3519,Hombre,13957.83
3520,Mujer,1000.0
3521,Mujer,8862.35
3522,Hombre,1000.0
3523,Hombre,3854.51
3524,Hombre,15531.25
3525,Mujer,3981.98
3526,Mujer,1317.54
3527,Hombre,7309.28
3528,Hombre,17505.58
3529,Hombre,1000.0
3530,Hombre,3469.11
3531,Mujer,13338.44
3532,Mujer,14959.66
3533,Hombre,7734.56
3534,Mujer,1024.26
3535,Mujer,16031.3
3536,Hombre,15374.99
3537,Mujer,9655.26
3538,Hombre,4544.19
3539,Hombre,7979.37
3540,Mujer,5878.38
3541,Mujer,8088.83
3542,Hombre,14729.51
3543,Hombre,12157.38
3544,Mujer,1751.81
3545,Hombre,14394.23
3546,Hombre,9609.09
3547,Hombre,11291.8
3548,Mujer,13199.43
3549,Mujer,1597.89
3550,Hombre,8038.78
3551,Mujer,4208.45
3552,Hombre,1144.63
3553,Mujer,8160.19
3554,Hombre,19502.0
3555,Hombre,1000.0
3556,Mujer,6454.74
3557,Mujer,9482.44
3558,Hombre,8753.85
3559,Hombre,7690.92
3560,Mujer,1000.0
3561,Mujer,7647.54
3562,Mujer,3194.56
3563,Mujer,1000.0
3564,Hombre,13575.66
3565,Mujer,10912.74
3566,Mujer,6832.47
3567,Hombre,9230.84
3568,Hombre,13034.43
3569,Hombre,9209.53
3570,Hombre,12268.08
3571,Mujer,5261.33
3572,Mujer,12503.93
3573,Hombre,9643.54
3574,Hombre,9073.23
3575,Mujer,1000.0
3576,Hombre,9491.3
3577,Mujer,2856.2
3578,Mujer,3727.73
3579,Hombre,4530.81
3580,Hombre,3401.94
3581,Mujer,16161.47
3582,Mujer,12591.03
3583,Hombre,16841.65
3584,Hombre,2696.97
3585,Mujer,6920.64
3586,Mujer,1000.0
3587,Mujer,3469.37
3588,Hombre,4068.43
3589,Mujer,12178.13
3590,Mujer,4816.97
3591,Hombre,13007.71
3592,Hombre,10918.54
3593,Hombre,18566.37
3594,Mujer,1000.0
3595,Mujer,12266.55
3596,Hombre,13358.98
3597,Mujer,2219.8
3598,Mujer,11132.1
3599,Mujer,8112.65
3600,Mujer,5576.36
3601,Mujer,2892.29
3602,Hombre,4964.01
3603,Mujer,15824.15
3604,Hombre,8203.07
3605,Hombre,11719.59
3606,Mujer,3040.95
3607,Mujer,3090.66
3608,Mujer,11468.93
3609,Mujer,1000.0
3610,Hombre,6331.54
3611,Mujer,6753.12
3612,Hombre,8701.18
3613,Hombre,7394.08
3614,Hombre,9981.19
3615,Hombre,11317.85
3616,Mujer,9905.87
3617,Mujer,2163.88
3618,Hombre,6921.3
3619,Mujer,11976.43
3620,Mujer,10625.91
3621,Hombre,2022.13
3622,Mujer,8181.66
3623,Mujer,1000.0
3624,Hombre,8411.21
3625,Hombre,16739.95
3626,Hombre,3934.48
3627,Mujer,2845.55
3628,Hombre,11638.13
3629,Mujer,1000.0
3630,Hombre,5352.6
3631,Hombre,10883.99
3632,Hombre,5345.71
3633,Mujer,5538.14
3634,Mujer,9948.84
3635,Hombre,10096.96
3636,Mujer,7800.68
3637,Hombre,6673.95
3638,Mujer,8265.28
3639,Hombre,7643.2
3640,Mujer,8660.13
3641,Mujer,4363.81
3642,Mujer,5778.44
3643,Mujer,2145.19
3644,Mujer,6442.47
3645,Hombre,4550.5
3646,Mujer,1586.79
3647,Mujer,7763.98
3648,Hombre,9157.33
3649,Mujer,10122.93
3650,Mujer,4659.93
3651,Hombre,10036.24
3652,Mujer,9078.59
3653,Mujer,8601.48
3654,Hombre,4484.56
3655,Mujer,7272.14
3656,Hombre,9838.63
3657,Hombre,8232.3
3658,Mujer,1000.0
3659,Mujer,7322.2
3660,Mujer,16556.39
3661,Mujer,4979.82
3662,Mujer,3323.65
3663,Mujer,8280.07
3664,Mujer,8005.7
3665,Mujer,11967.31
3666,Hombre,2539.59
3667,Mujer,9891.21
3668,Mujer,9256.9
3669,Mujer,5960.34
3670,Hombre,9724.09
3671,Hombre,12832.56
3672,Mujer,10525.42
3673,Hombre,3056.41
3674,Hombre,11890.71
3675,Hombre,7908.9
3676,Hombre,8527.93
3677,Hombre,8529.39
3678,Mujer,5923.91
3679,Hombre,13562.68
3680,Mujer,6223.27
3681,Hombre,3162.04
3682,Hombre,6429.12
3683,Mujer,7404.13
3684,Hombre,13731.47
3685,Hombre,10913.93
3686,Hombre,4372.59
3687,Hombre,19383.35
3688,Mujer,7791.49
3689,Mujer,12339.26
3690,Mujer,5917.29
3691,Hombre,10600.12
3692,Mujer,10377.61
3693,Hombre,13681.88
3694,Mujer,11358.16
3695,Hombre,12124.89
3696,Hombre,6782.11
3697,Hombre,5627.14
3698,Hombre,9696.73
3699,Hombre,12399.08
3700,Hombre,7197.76
3701,Hombre,12993.27
3702,Hombre,14736.78
3703,Hombre,4076.56
3704,Hombre,4433.86
3705,Hombre,7568.31
3706,Hombre,9584.26
3707,Hombre,5839.45
3708,Mujer,12684.91
3709,Hombre,10108.3
3710,Mujer,6777.51
3711,Mujer,1000.0
3712,Mujer,1000.0
3713,Hombre,9464.54
3714,Mujer,1000.0
3715,Hombre,12756.87
3716,Mujer,5888.31
3717,Mujer,21193.92
3718,Mujer,16985.62
3719,Mujer,5783.48
3720,Mujer,6121.48
3721,Hombre,12680.12
3722,Mujer,14264.28
3723,Mujer,1000.0
3724,Hombre,1000.0
3725,Hombre,5400.84
3726,Hombre,10822.32
3727,Mujer,8835.93
3728,Mujer,11413.97
3729,Hombre,2801.36
3730,Mujer,1000.0
3731,Hombre,12061.06
3732,Hombre,4473.12
3733,Mujer,1000.0
3734,Hombre,8852.79
3735,Hombre,11769.29
3736,Mujer,6050.74
3737,Hombre,6139.68
3738,Mujer,5882.87
3739,Hombre,6532.38
3740,Hombre,2133.79
3741,Hombre,4983.94
3742,Mujer,8945.76
3743,Mujer,8047.55
3744,Mujer,7356.27
3745,Hombre,3721.83
3746,Hombre,7383.24
3747,Hombre,1000.0
3748,Mujer,7403.14
3749,Mujer,13029.86
3750,Mujer,1000.0
3751,Mujer,3963.33
3752,Mujer,8080.98
3753,Mujer,12237.79
3754,Hombre,6182.99
3755,Hombre,5084.87
3756,Hombre,1000.0
3757,Hombre,8665.47
3758,Hombre,17389.34
3759,Mujer,7848.11
3760,Mujer,6499.74
3761,Mujer,8049.37
3762,Hombre,8150.09
3763,Hombre,4541.44
3764,Hombre,11904.76
3765,Mujer,7615.93
3766,Hombre,8279.26
3767,Hombre,3810.85
3768,Mujer,12465.79
3769,Hombre,11191.16
3770,Mujer,4111.86
3771,Mujer,11108.21
3772,Mujer,4360.93
3773,Mujer,3080.98
3774,Mujer,3181.34
3775,Hombre,1000.0
3776,Mujer,8721.94
3777,Hombre,1000.0
3778,Mujer,1072.0
3779,Hombre,1000.0
3780,Hombre,7812.69
3781,Mujer,5923.56
3782,Hombre,6729.87
3783,Hombre,3508.4
3784,Mujer,1324.95
3785,Hombre,10289.66
3786,Hombre,5722.52
3787,Hombre,9623.61
3788,Hombre,4216.38
3789,Mujer,7414.78
3790,Hombre,14064.75
3791,Mujer,9237.75
3792,Hombre,6344.14
3793,Mujer,7757.4
3794,Mujer,5517.01
3795,Mujer,6635.46
3796,Mujer,5134.75
3797,Hombre,7460.49
3798,Mujer,7554.42
3799,Mujer,2129.89
3800,Mujer,2028.55
3801,Hombre,1951.56
3802,Hombre,1000.0
3803,Mujer,1122.23
3804,Hombre,8917.58
3805,Mujer,2582.46
3806,Hombre,10511.27
3807,Mujer,6756.21
3808,Mujer,1000.0
3809,Hombre,11147.39
3810,Hombre,11848.59
3811,Mujer,2127.62
3812,Hombre,10090.86
3813,Hombre,4345.76
3814,Hombre,8639.52
3815,Mujer,1000.0
3816,Hombre,1000.0
3817,Hombre,6477.32
3818,Mujer,6043.22
3819,Mujer,4810.44
3820,Mujer,1271.86
3821,Mujer,4800.45
3822,Mujer,7811.83
3823,Hombre,7997.98
3824,Hombre,9021.25
3825,Hombre,5184.48
3826,Hombre,13472.73
3827,Hombre,2907.22
3828,Mujer,8794.02
3829,Hombre,13518.51
3830,Hombre,10364.09
3831,Hombre,7288.64
3832,Mujer,4222.66
3833,Hombre,12862.39
3834,Mujer,1000.0
3835,Mujer,2234.44
3836,Hombre,6410.99
3837,Hombre,13769.44
3838,Mujer,8308.95
3839,Hombre,3843.79
3840,Mujer,5203.62
3841,Mujer,3835.55
3842,Hombre,5005.95
3843,Hombre,12605.0
3844,Hombre,2027.16
3845,Hombre,15439.51
3846,Hombre,11927.03
3847,Hombre,13108.88
3848,Mujer,4516.77
3849,Hombre,7525.27
3850,Mujer,1000.0
3851,Hombre,5839.02
3852,Mujer,8821.45
3853,Mujer,12432.28
3854,Hombre,3217.79
3855,Hombre,6555.22
3856,Hombre,7519.15
3857,Mujer,1000.0
3858,Hombre,10861.07
3859,Mujer,3342.04
3860,Mujer,5720.74
3861,Mujer,4566.23
3862,Hombre,4647.98
3863,Hombre,8168.3
3864,Hombre,7229.76
3865,Mujer,4926.64
3866,Hombre,4921.92
3867,Hombre,9637.86
3868,Hombre,15641.28
3869,Hombre,8829.49
3870,Hombre,12682.53
3871,Mujer,1000.0
3872,Hombre,8909.93
3873,Mujer,1661.84
3874,Mujer,1000.0
3875,Mujer,3272.83
3876,Hombre,13563.55
3877,Mujer,10875.07
3878,Hombre,9293.52
3879,Mujer,1000.0
3880,Hombre,7316.74
3881,Hombre,9557.65
3882,Mujer,7389.91
3883,Mujer,1000.0
3884,Hombre,4193.57
3885,Hombre,7911.65
3886,Hombre,10613.31
3887,Hombre,1000.0
3888,Hombre,7470.44
3889,Mujer,7243.72
3890,Mujer,10423.25
3891,Mujer,9717.86
3892,Mujer,9221.57
3893,Hombre,4600.27
3894,Hombre,1000.0
3895,Hombre,6431.26
3896,Hombre,12707.34
3897,Mujer,12870.55
3898,Mujer,9797.47
3899,Mujer,8532.03
3900,Mujer,8308.38
3901,Hombre,5697.47
3902,Hombre,7614.73
3903,Hombre,15710.81
3904,Hombre,3958.49
3905,Hombre,15466.5
3906,Hombre,6750.87
3907,Hombre,14164.44
3908,Hombre,1869.33
3909,Mujer,9236.57
3910,Hombre,4884.53
3911,Hombre,1831.3
3912,Hombre,9183.4
3913,Hombre,12742.62
3914,Mujer,2797.76
3915,Hombre,1454.43
3916,Mujer,6186.7
3917,Hombre,7806.54
3918,Mujer,9067.44
3919,Mujer,10873.18
3920,Hombre,7932.63
3921,Hombre,16549.76
3922,Hombre,9209.06
3923,Mujer,5041.08
3924,Hombre,1000.0
3925,Mujer,5418.03
3926,Mujer,5086.26
3927,Hombre,12521.37
3928,Hombre,10281.18
3929,Mujer,1292.84
3930,Hombre,8975.14
3931,Hombre,11221.89
3932,Mujer,13476.14
3933,Hombre,12193.77
3934,Hombre,11623.81
3935,Mujer,6870.39
3936,Hombre,9947.4
3937,Hombre,13822.77
3938,Hombre,2202.5
3939,Hombre,6627.52
3940,Mujer,3123.44
3941,Hombre,9906.19
3942,Hombre,13736.0
3943,Hombre,5513.62
3944,Mujer,1000.0
3945,Hombre,6345.01
3946,Hombre,12310.63
3947,Mujer,9019.33
3948,Mujer,8526.84
3949,Hombre,6940.03
3950,Hombre,2444.36
3951,Hombre,10518.82
3952,Hombre,4445.73
3953,Mujer,16428.44
3954,Hombre,10767.28
3955,Hombre,5587.08
3956,Mujer,3848.77
3957,Hombre,7781.75
3958,Mujer,5522.24
3959,Hombre,13225.75
3960,Mujer,7438.87
3961,Hombre,4907.66
3962,Hombre,16706.98
3963,Hombre,8421.89
3964,Mujer,10059.78
3965,Mujer,3862.98
3966,Mujer,8234.02
3967,Hombre,9599.99
3968,Mujer,1000.0
3969,Mujer,15668.74
3970,Hombre,14007.9
3971,Hombre,6412.62
3972,Hombre,3239.79
3973,Mujer,8164.03
3974,Mujer,6990.14
3975,Hombre,9800.51
3976,Mujer,7462.1
3977,Mujer,8878.08
3978,Mujer,13112.88
3979,Mujer,9156.46
3980,Hombre,3476.55
3981,Mujer,12731.53
3982,Hombre,15582.77
3983,Mujer,20784.26
3984,Hombre,3144.28
3985,Hombre,9292.97
3986,Mujer,1000.0
3987,Hombre,10689.17
3988,Hombre,5733.1
3989,Hombre,16855.51
3990,Hombre,4714.23
3991,Mujer,1000.0
3992,Hombre,6079.31
3993,Hombre,1000.0
3994,Hombre,11579.95
3995,Hombre,1000.0
3996,Hombre,8328.06
3997,Mujer,1000.0
3998,Hombre,6758.66
3999,Mujer,13995.2
4000,Hombre,9822.92
4001,Hombre,4314.28
4002,Hombre,8059.58
4003,Hombre,8281.08
4004,Mujer,8726.84
4005,Mujer,1000.0
4006,Mujer,9266.55
4007,Mujer,1000.0
4008,Mujer,3765.52
4009,Hombre,6002.77
4010,Hombre,11049.97
4011,Hombre,8301.84
4012,Hombre,1874.97
4013,Hombre,3767.53
4014,Mujer,7494.06
4015,Mujer,6244.2
4016,Hombre,5593.94
4017,Mujer,4436.25
4018,Mujer,9732.76
4019,Mujer,4270.38
4020,Mujer,6203.59
4021,Hombre,17964.71
4022,Hombre,1793.43
4023,Hombre,1000.0
4024,Hombre,11726.15
4025,Mujer,3546.11
4026,Hombre,6767.93
4027,Mujer,3084.8
4028,Hombre,7030.9
4029,Hombre,15393.42
4030,Mujer,10209.58
4031,Mujer,10480.01
4032,Mujer,1000.0
4033,Hombre,3019.81
4034,Hombre,1000.0
4035,Mujer,2957.79
4036,Mujer,10905.16
4037,Hombre,10526.26
4038,Hombre,7203.19
4039,Hombre,8099.65
4040,Mujer,3500.02
4041,Hombre,9121.41
4042,Mujer,10046.45
4043,Hombre,1000.0
4044,Hombre,9548.41
4045,Hombre,12395.96
4046,Mujer,4732.05
4047,Mujer,9753.15
4048,Hombre,20865.95
4049,Mujer,6130.46
4050,Hombre,9969.88
4051,Hombre,4878.74
4052,Mujer,7415.63
4053,Hombre,10271.22
4054,Hombre,9076.79
4055,Hombre,3611.37
4056,Mujer,7528.63
4057,Mujer,13179.88
4058,Mujer,8618.86
4059,Mujer,10928.94
4060,Mujer,5533.45
4061,Hombre,11574.55
4062,Mujer,7856.71
4063,Hombre,3920.9
4064,Hombre,9633.34
4065,Hombre,3737.37
4066,Hombre,5352.04
4067,Mujer,7451.98
4068,Mujer,7937.6
4069,Mujer,1248.45
4070,Hombre,12942.94
4071,Mujer,9174.03
4072,Hombre,5028.72
4073,Hombre,1280.87
4074,Hombre,7547.93
4075,Mujer,4593.25
4076,Hombre,8709.13
4077,Hombre,6565.98
4078,Hombre,1000.0
4079,Hombre,6452.44
4080,Hombre,6824.71
4081,Hombre,11051.47
4082,Mujer,3458.1
4083,Mujer,14154.04
4084,Hombre,1000.0
4085,Mujer,12500.25
4086,Mujer,5590.56
4087,Mujer,10468.13
4088,Mujer,6959.11
4089,Mujer,11728.0
4090,Hombre,6456.87
4091,Hombre,3256.21
4092,Mujer,12992.27
4093,Mujer,6089.34
4094,Hombre,9197.01
4095,Hombre,13756.38
4096,Mujer,1956.2
4097,Hombre,10879.71
4098,Hombre,5545.47
4099,Hombre,7605.24
4100,Hombre,8525.26
4101,Hombre,1449.0
4102,Hombre,4695.23
4103,Hombre,14279.83
4104,Mujer,10587.86
4105,Mujer,6318.12
4106,Hombre,9294.06
4107,Hombre,6875.91
4108,Mujer,12704.63
4109,Hombre,7298.41
4110,Mujer,7643.29
4111,Hombre,13357.14
4112,Hombre,4701.83
4113,Hombre,15214.55
4114,Mujer,1000.0
4115,Mujer,13933.39
4116,Hombre,6522.96
4117,Mujer,5507.86
4118,Hombre,1000.0
4119,Mujer,4553.42
4120,Hombre,3520.87
4121,Mujer,3865.59
4122,Mujer,5982.1
4123,Hombre,12510.06
4124,Hombre,9134.22
4125,Hombre,9584.54
4126,Hombre,3270.16
4127,Hombre,4236.61
4128,Mujer,14694.26
4129,Mujer,3291.6
4130,Mujer,14052.94
4131,Mujer,5506.22
4132,Mujer,6610.3
4133,Mujer,11416.64
4134,Mujer,12323.52
4135,Mujer,6101.34
4136,Mujer,4852.91
4137,Mujer,6348.36
4138,Mujer,8120.81
4139,Mujer,10610.87
4140,Hombre,8219.03
4141,Hombre,10984.99
4142,Mujer,13972.62
4143,Hombre,9915.89
4144,Hombre,9602.44
4145,Hombre,1364.9
4146,Mujer,1000.0
4147,Mujer,8347.69
4148,Mujer,6173.29
4149,Hombre,5883.48
4150,Hombre,9295.89
4151,Mujer,6328.18
4152,Hombre,13275.01
4153,Hombre,8587.5
4154,Mujer,3238.85
4155,Hombre,12655.75
4156,Hombre,7222.91
4157,Mujer,8969.42
4158,Mujer,4451.65
4159,Hombre,5275.78
4160,Mujer,6978.76
4161,Hombre,8257.73
4162,Hombre,10359.22
4163,Mujer,5391.09
4164,Hombre,1000.0
4165,Mujer,4652.52
4166,Mujer,10172.18
4167,Mujer,5261.81
4168,Hombre,7091.27
4169,Hombre,12638.69
4170,Mujer,3396.12
4171,Mujer,1000.0
4172,Hombre,7477.16
4173,Hombre,6021.22
4174,Hombre,3851.89
4175,Mujer,5810.8
4176,Hombre,10411.78
4177,Hombre,8158.2
4178,Mujer,7981.41
4179,Mujer,14760.33
4180,Mujer,5057.05
4181,Mujer,7852.57
4182,Mujer,4308.54
4183,Hombre,4391.38
4184,Hombre,5567.92
4185,Hombre,6045.59
4186,Mujer,8217.64
4187,Hombre,18770.84
4188,Mujer,3377.8
4189,Mujer,4725.19
4190,Mujer,6315.95
4191,Hombre,9981.09
4192,Mujer,7785.98
4193,Mujer,12378.43
4194,Hombre,1000.0
4195,Hombre,1000.0
4196,Mujer,4368.55
4197,Hombre,13137.85
4198,Mujer,1000.0
4199,Hombre,1000.0
4200,Hombre,10770.31
4201,Hombre,9296.46
4202,Hombre,3294.06
4203,Mujer,2165.07
4204,Hombre,3836.15
4205,Mujer,7097.41
4206,Mujer,3781.58
4207,Hombre,10423.29
4208,Mujer,1000.0
4209,Hombre,4344.17
4210,Hombre,3132.76
4211,Mujer,5446.47
4212,Hombre,5778.79
4213,Mujer,10190.3
4214,Hombre,1000.0
4215,Hombre,8404.71
4216,Hombre,10712.51
4217,Hombre,16554.91
4218,Mujer,4432.05
4219,Hombre,9660.06
4220,Hombre,1000.0
4221,Hombre,1000.0
4222,Mujer,10401.48
4223,Hombre,8174.98
4224,Mujer,11903.31
4225,Hombre,2019.69
4226,Hombre,10539.56
4227,Hombre,16609.68
4228,Mujer,8488.68
4229,Hombre,9444.62
4230,Hombre,8238.5
4231,Hombre,1131.03
4232,Hombre,14300.08
4233,Hombre,5451.14
4234,Hombre,10470.17
4235,Hombre,1166.35
4236,Mujer,1292.43
4237,Hombre,14657.89
4238,Mujer,5037.14
4239,Hombre,14739.74
4240,Hombre,7847.96
4241,Mujer,1000.0
4242,Mujer,10614.3
4243,Hombre,5545.48
4244,Mujer,9744.1
4245,Mujer,6713.45
4246,Hombre,1255.97
4247,Mujer,7339.33
4248,Mujer,16483.0
4249,Hombre,10418.44
4250,Mujer,6341.17
4251,Hombre,13039.05
4252,Mujer,7548.01
4253,Hombre,9142.9
4254,Mujer,1687.69
4255,Hombre,9252.32
4256,Hombre,12859.5
4257,Hombre,4437.72
4258,Mujer,13010.23
4259,Mujer,6187.32
4260,Hombre,4205.04
4261,Hombre,12689.34
4262,Hombre,6909.43
4263,Mujer,10017.82
4264,Mujer,5287.09
4265,Hombre,7930.78
4266,Mujer,8821.02
4267,Mujer,7909.04
4268,Hombre,1000.0
4269,Mujer,1554.4
4270,Hombre,12382.34
4271,Mujer,6005.39
4272,Hombre,5843.21
4273,Mujer,1000.0
4274,Mujer,1741.19
4275,Hombre,1000.0
4276,Hombre,7744.24
4277,Mujer,3907.03
4278,Hombre,3850.35
4279,Hombre,7893.44
4280,Mujer,8237.87
4281,Hombre,17619.39
4282,Mujer,1000.0
4283,Mujer,11817.21
4284,Mujer,10978.96
4285,Hombre,4694.08
4286,Hombre,9114.56
4287,Hombre,6140.65
4288,Hombre,9035.6
4289,Hombre,14991.09
4290,Hombre,10925.23
4291,Mujer,8888.74
4292,Hombre,6263.61
4293,Hombre,1521.75
4294,Mujer,5661.89
4295,Hombre,13629.74
4296,Mujer,1000.0
4297,Mujer,1852.1
4298,Hombre,8768.2
4299,Hombre,3769.05
4300,Hombre,4633.64
4301,Mujer,4693.81
4302,Mujer,1000.0
4303,Mujer,2216.45
4304,Mujer,9765.43
4305,Hombre,2316.84
4306,Hombre,1009.58
4307,Hombre,5364.89
4308,Hombre,11493.8
4309,Mujer,5713.85
4310,Hombre,6109.39
4311,Hombre,8399.61
4312,Hombre,1000.0
4313,Mujer,8826.18
4314,Hombre,9925.46
4315,Hombre,6358.11
4316,Hombre,12726.66
4317,Mujer,1526.27
4318,Mujer,11675.59
4319,Hombre,8895.22
4320,Hombre,6685.51
4321,Hombre,8110.57
4322,Mujer,6117.31
4323,Hombre,13691.27
4324,Mujer,1754.94
4325,Hombre,4768.66
4326,Mujer,11263.36
4327,Mujer,3920.09
4328,Hombre,12252.4
4329,Hombre,15847.46
4330,Mujer,4791.92
4331,Hombre,11266.13
4332,Hombre,3008.38
4333,Hombre,11596.3
4334,Mujer,7497.41
4335,Mujer,8728.67
4336,Hombre,5294.93
4337,Mujer,1000.0
4338,Mujer,8864.63
4339,Mujer,1000.0
4340,Mujer,5171.92
4341,Hombre,12435.32
4342,Mujer,7463.54
4343,Hombre,16967.54
4344,Hombre,12812.99
4345,Hombre,5257.46
4346,Mujer,6722.91
4347,Hombre,7986.83
4348,Hombre,1080.2
4349,Hombre,3968.2
4350,Hombre,5676.58
4351,Hombre,1000.0
4352,Mujer,6813.72
4353,Mujer,5479.18
4354,Hombre,1000.0
4355,Hombre,10018.96
4356,Hombre,11421.43
4357,Mujer,7621.66
4358,Mujer,5141.69
4359,Hombre,10861.49
4360,Hombre,11260.99
4361,Hombre,9583.32
4362,Hombre,4489.24
4363,Hombre,9444.7
4364,Hombre,13579.66
4365,Hombre,5515.17
4366,Hombre,17640.73
4367,Mujer,4234.66
4368,Hombre,8345.83
4369,Hombre,5173.81
4370,Mujer,7604.72
4371,Hombre,1000.0
4372,Hombre,5742.81
4373,Hombre,3285.45
4374,Hombre,8809.02
4375,Hombre,12675.01
4376,Mujer,9507.03
4377,Mujer,1000.0
4378,Mujer,15789.31
4379,Mujer,7928.76
4380,Hombre,4705.75
4381,Mujer,7307.08
4382,Mujer,7392.85
4383,Hombre,5199.18
4384,Mujer,7490.63
4385,Hombre,5466.37
4386,Hombre,6380.37
4387,Mujer,3511.74
4388,Mujer,1000.0
4389,Hombre,8856.26
4390,Mujer,9233.85
4391,Hombre,10516.98
4392,Hombre,11889.66
4393,Hombre,9659.53
4394,Hombre,5802.74
4395,Hombre,11978.49
4396,Hombre,2091.17
4397,Hombre,4146.98
4398,Mujer,2261.1
4399,Mujer,11460.25
4400,Hombre,12442.55
4401,Hombre,10392.87
4402,Hombre,13023.68
4403,Hombre,4243.23
4404,Hombre,9768.68
4405,Mujer,6036.72
4406,Mujer,10410.97
4407,Hombre,7681.49
4408,Mujer,4867.76
4409,Hombre,10634.09
4410,Mujer,10542.76
4411,Mujer,3592.45
4412,Hombre,7925.16
4413,Mujer,1837.02
4414,Hombre,1000.0
4415,Hombre,9102.07
4416,Hombre,10940.07
4417,Mujer,7779.3
4418,Mujer,1000.0
4419,Mujer,5021.18
4420,Hombre,1000.0
4421,Mujer,12763.65
4422,Hombre,3312.75
4423,Mujer,12249.32
4424,Hombre,12456.41
4425,Mujer,2547.34
4426,Hombre,3102.47
4427,Hombre,9776.67
4428,Mujer,2800.54
4429,Hombre,8661.18
4430,Mujer,4427.28
4431,Hombre,1000.0
4432,Mujer,1000.0
4433,Hombre,9220.08
4434,Hombre,5672.99
4435,Mujer,4111.1
4436,Hombre,11331.39
4437,Mujer,11880.49
4438,Hombre,6973.55
4439,Hombre,6667.31
4440,Mujer,8850.64
4441,Hombre,2093.79
4442,Mujer,7604.19
4443,Mujer,9083.49
4444,Hombre,11261.04
4445,Hombre,1000.0
4446,Mujer,3173.9
4447,Hombre,4247.82
4448,Hombre,8649.49
4449,Hombre,10363.35
4450,Hombre,14935.2
4451,Mujer,4372.66
4452,Hombre,5960.92
4453,Hombre,13373.52
4454,Mujer,7934.6
4455,Hombre,13904.43
4456,Mujer,7899.28
4457,Hombre,2992.98
4458,Hombre,2200.92
4459,Hombre,1218.19
4460,Hombre,11179.23
4461,Mujer,11948.69
4462,Mujer,14922.13
4463,Mujer,10393.97
4464,Mujer,11832.77
4465,Hombre,5589.93
4466,Mujer,1396.13
4467,Mujer,10425.36
4468,Mujer,8479.56
4469,Hombre,8683.5
4470,Hombre,9943.17
4471,Mujer,8054.33
4472,Mujer,12377.18
4473,Mujer,12427.44
4474,Mujer,9048.99
4475,Hombre,12006.11
4476,Hombre,10513.28
4477,Mujer,4524.74
4478,Hombre,11604.54
4479,Hombre,1924.77
4480,Mujer,11342.51
4481,Hombre,2824.65
4482,Hombre,9486.11
4483,Hombre,4396.81
4484,Mujer,9090.25
4485,Hombre,8047.34
4486,Hombre,1023.6
4487,Hombre,10093.15
4488,Mujer,3999.36
4489,Hombre,12165.16
4490,Mujer,6605.97
4491,Mujer,8379.39
4492,Mujer,2290.94
4493,Hombre,5548.0
4494,Hombre,6136.13
4495,Hombre,12055.16
4496,Hombre,15748.2
4497,Hombre,4576.73
4498,Hombre,13045.82
4499,Mujer,1000.0
4500,Hombre,2826.15
4501,Hombre,3885.5
4502,Hombre,2113.71
4503,Mujer,1000.0
4504,Mujer,8458.5
4505,Hombre,7236.7
4506,Mujer,8307.32
4507,Mujer,9707.13
4508,Hombre,9395.28
4509,Hombre,11159.93
4510,Hombre,7887.1
4511,Hombre,2858.53
4512,Mujer,11360.16
4513,Mujer,3949.0
4514,Hombre,3989.82
4515,Mujer,5799.37
4516,Hombre,4092.35
4517,Hombre,6321.56
4518,Hombre,9748.24
4519,Mujer,8167.54
4520,Hombre,4159.76
4521,Mujer,4405.33
4522,Hombre,13034.5
4523,Hombre,10433.8
4524,Hombre,17537.79
4525,Mujer,11910.58
4526,Mujer,11749.32
4527,Mujer,1000.0
4528,Hombre,11637.37
4529,Mujer,6361.02
4530,Hombre,5720.58
4531,Hombre,8956.07
4532,Mujer,10853.45
4533,Hombre,10453.74
4534,Mujer,2646.87
4535,Hombre,11541.07
4536,Hombre,5330.86
4537,Mujer,7575.07
4538,Hombre,6834.92
4539,Mujer,5615.1
4540,Hombre,11648.09
4541,Mujer,1919.13
4542,Mujer,15353.38
4543,Hombre,1000.0
4544,Hombre,5510.5
4545,Mujer,8265.95
4546,Mujer,9229.41
4547,Hombre,7747.86
4548,Hombre,7941.74
4549,Hombre,10047.48
4550,Hombre,7160.19
4551,Mujer,12869.32
4552,Mujer,10377.07
4553,Hombre,12127.71
4554,Mujer,2252.29
4555,Hombre,7842.75
4556,Hombre,6847.9
4557,Hombre,3674.79
4558,Hombre,9820.74
4559,Mujer,4180.59
4560,Hombre,11149.32
4561,Mujer,1784.14
4562,Hombre,15935.68
4563,Hombre,4166.5
4564,Mujer,7586.86
4565,Hombre,11763.37
4566,Hombre,5632.12
4567,Mujer,10436.11
4568,Mujer,1068.67
4569,Hombre,14734.53
4570,Hombre,8263.67
4571,Hombre,5516.15
4572,Hombre,6853.68
4573,Hombre,11840.14
4574,Mujer,3969.95
4575,Hombre,4827.89
4576,Hombre,7203.09
4577,Hombre,2903.67
4578,Mujer,14792.45
4579,Hombre,5651.22
4580,Hombre,11942.28
4581,Mujer,7542.62
4582,Hombre,3769.6
4583,Mujer,6573.2
4584,Mujer,10128.01
4585,Mujer,5752.82
4586,Hombre,13569.01
4587,Mujer,11196.82
4588,Mujer,10735.12
4589,Hombre,6131.54
4590,Mujer,1740.71
4591,Hombre,5438.86
4592,Hombre,9083.08
4593,Mujer,9056.04
4594,Mujer,1000.0
4595,Mujer,6563.49
4596,Hombre,8911.4
4597,Mujer,5351.05
4598,Hombre,14010.73
4599,Hombre,10098.01
4600,Hombre,14095.86
4601,Mujer,5628.18
4602,Hombre,12418.65
4603,Mujer,13957.8
4604,Mujer,12502.62
4605,Hombre,3285.36
4606,Mujer,5458.46
4607,Mujer,5046.76
4608,Mujer,8801.65
4609,Hombre,11288.59
4610,Hombre,4424.98
4611,Hombre,8505.27
4612,Hombre,1000.0
4613,Hombre,14688.75
4614,Mujer,4294.32
4615,Hombre,8451.39
4616,Mujer,5206.58
4617,Hombre,13357.12
4618,Hombre,1000.0
4619,Mujer,6525.25
4620,Mujer,6123.82
4621,Mujer,4558.64
4622,Mujer,14368.02
4623,Hombre,4207.02
4624,Mujer,10073.08
4625,Mujer,8203.14
4626,Mujer,12276.84
4627,Mujer,3597.65
4628,Mujer,3301.64
4629,Hombre,13132.31
4630,Mujer,8513.95
4631,Mujer,1000.0
4632,Hombre,5773.13
4633,Hombre,9938.72
4634,Mujer,10369.94
4635,Hombre,5143.46
4636,Mujer,1000.0
4637,Hombre,10554.5
4638,Mujer,1108.56
4639,Mujer,1000.0
4640,Hombre,1000.0
4641,Mujer,10262.91
4642,Mujer,7178.78
4643,Hombre,7184.55
4644,Mujer,12850.61
4645,Hombre,11067.96
4646,Hombre,15473.35
4647,Hombre,1932.69
4648,Hombre,8044.52
4649,Hombre,1000.0
4650,Hombre,7167.78
4651,Hombre,7081.23
4652,Hombre,11019.76
4653,Mujer,6805.04
4654,Hombre,11005.33
4655,Hombre,11365.48
4656,Mujer,16297.18
4657,Hombre,6781.17
4658,Hombre,3965.4
4659,Hombre,9307.38
4660,Hombre,4589.74
4661,Hombre,14868.82
4662,Hombre,6925.52
4663,Mujer,4054.91
4664,Hombre,6079.08
4665,Hombre,11432.88
4666,Hombre,7490.14
4667,Hombre,5312.5
4668,Mujer,14094.08
4669,Hombre,4347.24
4670,Hombre,8360.05
4671,Mujer,9535.38
4672,Hombre,1000.0
4673,Mujer,8761.17
4674,Hombre,3452.02
4675,Mujer,10302.52
4676,Mujer,2268.07
4677,Hombre,11317.46
4678,Hombre,13176.25
4679,Mujer,10476.46
4680,Hombre,9330.92
4681,Mujer,5559.15
4682,Hombre,5606.11
4683,Mujer,13219.66
4684,Hombre,5052.27
4685,Hombre,3533.2
4686,Hombre,11194.16
4687,Mujer,3017.38
4688,Hombre,3924.71
4689,Hombre,1703.78
4690,Mujer,4426.91
4691,Mujer,6227.78
4692,Mujer,7693.91
4693,Hombre,12480.88
4694,Hombre,10571.04
4695,Hombre,7341.08
4696,Mujer,5708.12
4697,Hombre,10495.71
4698,Hombre,13926.57
4699,Mujer,7168.41
4700,Mujer,4488.91
4701,Hombre,3732.1
4702,Hombre,1696.58
4703,Mujer,9598.21
4704,Mujer,9200.9
4705,Mujer,9198.14
4706,Mujer,6021.03
4707,Hombre,14531.21
4708,Mujer,4421.47
4709,Hombre,12498.71
4710,Hombre,8025.66
4711,Hombre,5462.42
4712,Hombre,10866.39
4713,Hombre,10043.36
4714,Hombre,9806.38
4715,Hombre,8565.75
4716,Hombre,8029.48
4717,Hombre,18947.67
4718,Mujer,11929.15
4719,Hombre,11452.72
4720,Mujer,7103.1
4721,Hombre,12732.21
4722,Mujer,8930.98
4723,Mujer,6717.92
4724,Hombre,6833.96
4725,Hombre,7835.87
4726,Hombre,1000.0
4727,Mujer,7547.7
4728,Mujer,4401.86
4729,Hombre,15367.01
4730,Mujer,6687.05
4731,Hombre,2849.66
4732,Hombre,7975.54
4733,Hombre,3492.46
4734,Mujer,8730.33
4735,Mujer,7909.26
4736,Mujer,10910.28
4737,Hombre,4641.03
4738,Mujer,6753.04
4739,Mujer,1000.0
4740,Hombre,11356.73
4741,Hombre,10534.92
4742,Mujer,8831.12
4743,Hombre,8207.29
4744,Hombre,10066.48
4745,Mujer,13819.53
4746,Hombre,6917.08
4747,Hombre,8823.9
4748,Hombre,3312.43
4749,Hombre,4292.83
4750,Mujer,7040.16
4751,Hombre,13167.7
4752,Hombre,7046.74
4753,Hombre,7138.38
4754,Hombre,6369.02
4755,Hombre,5793.59
4756,Hombre,9527.37
4757,Hombre,1462.34
4758,Hombre,13964.23
4759,Mujer,3605.6
4760,Hombre,11448.57
4761,Mujer,1000.0
4762,Hombre,11209.78
4763,Mujer,9623.75
4764,Mujer,8328.91
4765,Mujer,2125.07
4766,Mujer,7722.97
4767,Mujer,1276.25
4768,Hombre,7062.57
4769,Mujer,11232.36
4770,Hombre,11785.16
4771,Hombre,8268.32
4772,Mujer,2213.37
4773,Mujer,9505.14
4774,Hombre,8287.22
4775,Hombre,1000.0
4776,Mujer,10121.83
4777,Mujer,6490.95
4778,Mujer,12011.03
4779,Hombre,3271.28
4780,Hombre,1000.0
4781,Hombre,9455.88
4782,Mujer,7912.04
4783,Mujer,1000.0
4784,Hombre,3796.75
4785,Hombre,20598.48
4786,Hombre,6824.75
4787,Hombre,11489.32
4788,Hombre,5272.03
4789,Mujer,1000.0
4790,Mujer,5833.84
4791,Hombre,7004.78
4792,Mujer,4800.55
4793,Hombre,7684.12
4794,Hombre,9389.21
4795,Mujer,5924.47
4796,Mujer,1000.0
4797,Hombre,10387.83
4798,Mujer,1000.0
4799,Mujer,1000.0
4800,Hombre,11526.31
4801,Mujer,8881.59
4802,Mujer,6341.72
4803,Hombre,1920.48
4804,Hombre,5014.4
4805,Mujer,5417.64
4806,Mujer,1000.0
4807,Mujer,3274.37
4808,Mujer,9535.49
4809,Hombre,14622.87
4810,Hombre,6312.54
4811,Hombre,11604.2
4812,Mujer,1000.0
4813,Mujer,9567.53
4814,Mujer,2982.23
4815,Hombre,9583.06
4816,Mujer,5485.11
4817,Hombre,14141.86
4818,Hombre,4265.04
4819,Mujer,9424.23
4820,Mujer,5342.22
4821,Hombre,7487.63
4822,Mujer,5772.66
4823,Hombre,4394.47
4824,Hombre,8136.55
4825,Mujer,6318.08
4826,Hombre,9285.58
4827,Mujer,6980.27
4828,Hombre,11790.98
4829,Hombre,12355.79
4830,Mujer,1872.2
4831,Mujer,10509.48
4832,Hombre,2861.49
4833,Mujer,9245.35
4834,Hombre,10988.82
4835,Hombre,1000.0
4836,Hombre,8618.41
4837,Hombre,6091.77
4838,Mujer,3185.56
4839,Hombre,14278.84
4840,Hombre,5258.44
4841,Hombre,4571.3
4842,Mujer,6940.63
4843,Mujer,9685.15
4844,Mujer,5962.58
4845,Hombre,13448.67
4846,Mujer,8989.39
4847,Mujer,1000.0
4848,Mujer,4217.4
4849,Hombre,5671.71
4850,Hombre,10357.12
4851,Hombre,1000.0
4852,Hombre,19670.54
4853,Hombre,10589.62
4854,Hombre,8869.95
4855,Mujer,11917.05
4856,Hombre,18746.44
4857,Hombre,12118.36
4858,Mujer,10869.66
4859,Mujer,7188.11
4860,Mujer,5963.13
4861,Hombre,6058.92
4862,Mujer,2882.5
4863,Mujer,3508.44
4864,Hombre,2122.5
4865,Hombre,7858.58
4866,Mujer,1000.0
4867,Hombre,9059.12
4868,Mujer,6436.51
4869,Hombre,8861.21
4870,Hombre,5850.41
4871,Mujer,20445.87
4872,Mujer,12720.52
4873,Hombre,2599.56
4874,Mujer,7647.91
4875,Hombre,5463.97
4876,Hombre,3634.84
4877,Hombre,2169.68
4878,Hombre,10144.98
4879,Mujer,3533.79
4880,Hombre,12555.22
4881,Hombre,12672.02
4882,Mujer,12782.61
4883,Hombre,4364.26
4884,Hombre,10339.15
4885,Hombre,11046.04
4886,Mujer,4466.2
4887,Hombre,4727.03
4888,Mujer,13842.84
4889,Hombre,9223.73
4890,Mujer,9461.85
4891,Mujer,2900.66
4892,Mujer,1113.22
4893,Hombre,5637.48
4894,Hombre,7641.9
4895,Hombre,3411.01
4896,Hombre,8155.7
4897,Mujer,1000.0
4898,Mujer,1559.79
4899,Hombre,11219.1
4900,Hombre,10917.06
4901,Hombre,6436.55
4902,Mujer,2020.06
4903,Mujer,1976.68
4904,Mujer,4920.29
4905,Mujer,9500.33
4906,Hombre,12377.11
4907,Hombre,5965.61
4908,Hombre,3009.28
4909,Hombre,9405.3
4910,Hombre,4494.09
4911,Hombre,5867.86
4912,Mujer,12563.74
4913,Hombre,11922.02
4914,Mujer,7310.88
4915,Hombre,2476.36
4916,Hombre,9151.28
4917,Mujer,11381.96
4918,Mujer,4909.65
4919,Mujer,12680.01
4920,Mujer,12417.35
4921,Hombre,15686.8
4922,Mujer,7973.59
4923,Hombre,10843.26
4924,Mujer,12963.84
4925,Hombre,10213.27
4926,Hombre,5944.45
4927,Mujer,4581.56
4928,Hombre,9273.5
4929,Mujer,1000.0
4930,Hombre,7555.33
4931,Hombre,13134.46
4932,Hombre,1000.0
4933,Mujer,13505.17
4934,Hombre,13250.68
4935,Hombre,6131.06
4936,Mujer,9045.26
4937,Hombre,8214.16
4938,Hombre,13734.96
4939,Mujer,11022.07
4940,Hombre,1899.68
4941,Mujer,9242.68
4942,Hombre,7274.67
4943,Hombre,8572.75
4944,Hombre,4923.23
4945,Mujer,14466.62
4946,Hombre,12880.28
4947,Hombre,4871.03
4948,Mujer,1000.0
4949,Mujer,4864.47
4950,Mujer,8555.26
4951,Hombre,9280.93
4952,Hombre,13839.1
4953,Mujer,10154.64
4954,Hombre,12563.06
4955,Mujer,8070.85
4956,Mujer,1000.0
4957,Mujer,5719.36
4958,Hombre,12970.4
4959,Mujer,6368.15
4960,Hombre,10463.91
4961,Hombre,6765.63
4962,Hombre,3565.85
4963,Mujer,6044.95
4964,Mujer,7990.71
4965,Mujer,3649.41
4966,Mujer,5539.3
4967,Mujer,2372.42
4968,Hombre,13236.6
4969,Hombre,6874.95
4970,Mujer,13137.4
4971,Mujer,13479.37
4972,Hombre,7835.29
4973,Hombre,3661.98
4974,Hombre,1000.0
4975,Hombre,1575.83
4976,Hombre,2017.74
4977,Hombre,14403.11
4978,Mujer,7121.21
4979,Hombre,9953.22
4980,Hombre,1000.0
4981,Mujer,1209.15
4982,Hombre,12191.86
4983,Hombre,9490.48
4984,Hombre,7537.58
4985,Mujer,9141.79
4986,Mujer,13961.09
4987,Hombre,7205.31
4988,Mujer,6912.16
4989,Mujer,7466.69
4990,Mujer,17364.49
4991,Hombre,1000.0
4992,Mujer,9674.5
4993,Mujer,6083.39
4994,Mujer,9150.47
4995,Hombre,5241.82
4996,Mujer,6379.66
4997,Hombre,11401.35
4998,Hombre,22208.1
4999,Mujer,10236.16
5000,Hombre,4383.7
5001,Hombre,6293.08
5002,Mujer,4559.64
5003,Hombre,1000.0
5004,Mujer,5114.59
5005,Hombre,11497.73
5006,Hombre,2465.96
5007,Mujer,11318.17
5008,Mujer,8794.99
5009,Mujer,3295.95
5010,Hombre,7563.12
5011,Hombre,15392.45
5012,Mujer,9900.97
5013,Hombre,8239.53
5014,Mujer,5530.43
5015,Mujer,6944.74
5016,Mujer,4297.06
5017,Hombre,1000.0
5018,Hombre,17389.8
5019,Mujer,7298.96
5020,Mujer,8391.66
5021,Hombre,7939.42
5022,Hombre,4891.97
5023,Hombre,7363.34
5024,Mujer,1000.0
5025,Hombre,18446.89
5026,Hombre,2644.7
5027,Hombre,3556.15
5028,Hombre,6218.83
5029,Mujer,12396.34
5030,Hombre,8265.29
5031,Mujer,1037.39
5032,Mujer,12244.52
5033,Hombre,11489.5
5034,Hombre,10622.96
5035,Hombre,11420.8
5036,Hombre,18974.63
5037,Mujer,16432.93
5038,Mujer,3509.78
5039,Mujer,13907.48
5040,Mujer,8324.26
5041,Hombre,10445.93
5042,Mujer,1000.0
5043,Mujer,5833.26
5044,Hombre,4542.29
5045,Hombre,11926.26
5046,Mujer,11419.86
5047,Hombre,1000.0
5048,Mujer,6500.84
5049,Mujer,11648.38
5050,Hombre,7359.94
5051,Mujer,9880.79
5052,Hombre,9780.24
5053,Hombre,9737.47
5054,Hombre,6979.08
5055,Mujer,1125.39
5056,Mujer,1553.11
5057,Mujer,9792.09
5058,Hombre,8287.56
5059,Mujer,5976.69
5060,Hombre,6292.49
5061,Hombre,6826.65
5062,Mujer,11311.1
5063,Mujer,5091.4
5064,Mujer,1000.0
5065,Mujer,9946.43
5066,Hombre,7278.06
5067,Mujer,6741.28
5068,Mujer,13834.1
5069,Mujer,6507.48
5070,Mujer,7901.33
5071,Hombre,2894.84
5072,Hombre,7211.49
5073,Hombre,10942.87
5074,Hombre,1200.82
5075,Hombre,9103.8
5076,Hombre,8653.56
5077,Mujer,6785.79
5078,Hombre,12867.22
5079,Hombre,9704.97
5080,Hombre,14851.32
5081,Mujer,2128.85
5082,Mujer,7211.66
5083,Mujer,6980.1
5084,Hombre,3388.35
5085,Hombre,12503.33
5086,Hombre,18661.03
5087,Hombre,8123.47
5088,Hombre,10472.59
5089,Mujer,6980.33
5090,Mujer,3388.87
5091,Hombre,1000.0
5092,Mujer,3424.02
5093,Hombre,1936.19
5094,Mujer,14268.46
5095,Mujer,6082.01
5096,Mujer,5043.36
5097,Mujer,10601.19
5098,Hombre,3152.12
5099,Mujer,3149.11
5100,Hombre,8506.33
5101,Mujer,11229.46
5102,Hombre,10457.58
5103,Hombre,9317.46
5104,Mujer,6951.53
5105,Mujer,8401.06
5106,Mujer,7507.44
5107,Hombre,3565.12
5108,Hombre,8407.36
5109,Hombre,3368.4
5110,Hombre,8564.87
5111,Mujer,4437.08
5112,Hombre,19627.22
5113,Mujer,6420.48
5114,Hombre,1880.92
5115,Mujer,5996.19
5116,Hombre,10537.11
5117,Hombre,15730.14
5118,Hombre,5547.46
5119,Hombre,1079.07
5120,Hombre,11875.77
5121,Hombre,1987.31
5122,Hombre,6237.3
5123,Hombre,7040.71
5124,Hombre,7886.65
5125,Mujer,9701.24
5126,Hombre,5123.65
5127,Hombre,6968.22
5128,Hombre,8135.78
5129,Hombre,8873.19
5130,Hombre,8640.22
5131,Mujer,8562.03
5132,Hombre,11997.28
5133,Hombre,9966.85
5134,Hombre,10241.13
5135,Mujer,1000.0
5136,Hombre,8426.02
5137,Hombre,10357.78
5138,Hombre,11480.24
5139,Hombre,5084.42
5140,Mujer,3634.32
5141,Hombre,5616.55
5142,Hombre,10613.86
5143,Hombre,12852.46
5144,Hombre,6366.43
5145,Mujer,10685.83
5146,Mujer,7155.66
5147,Mujer,6040.71
5148,Mujer,5648.77
5149,Mujer,9959.75
5150,Hombre,9665.1
5151,Mujer,16841.21
5152,Mujer,2764.99
5153,Mujer,8931.46
5154,Hombre,5818.6
5155,Mujer,2688.21
5156,Mujer,6551.1
5157,Hombre,8818.09
5158,Hombre,21331.78
5159,Mujer,5771.34
5160,Mujer,1514.2
5161,Hombre,9428.55
5162,Hombre,1000.0
5163,Mujer,6186.19
5164,Mujer,6672.11
5165,Hombre,11775.7
5166,Hombre,12581.3
5167,Hombre,5933.94
5168,Mujer,5922.24
5169,Mujer,3152.46
5170,Mujer,1523.72
5171,Hombre,9594.53
5172,Mujer,1000.0
5173,Mujer,4734.18
5174,Mujer,2121.72
5175,Mujer,9073.57
5176,Hombre,16306.44
5177,Hombre,2342.85
5178,Hombre,1000.0
5179,Hombre,7638.01
5180,Hombre,8270.64
5181,Hombre,9183.97
5182,Mujer,4591.56
5183,Mujer,5697.12
5184,Hombre,9853.8
5185,Hombre,12881.94
5186,Mujer,1000.0
5187,Mujer,4939.77
5188,Hombre,9162.14
5189,Mujer,2469.11
5190,Mujer,14390.26
5191,Hombre,5340.66
5192,Hombre,8014.18
5193,Hombre,10702.1
5194,Mujer,3939.22
5195,Hombre,1000.0
5196,Mujer,4671.05
5197,Hombre,12832.48
5198,Hombre,6683.97
5199,Mujer,2791.05
5200,Mujer,10765.52
5201,Mujer,5111.51
5202,Hombre,5904.28
5203,Mujer,7272.55
5204,Hombre,11668.38
5205,Hombre,18917.71
5206,Mujer,10322.56
5207,Hombre,13419.28
5208,Mujer,4323.15
5209,Mujer,1983.59
5210,Hombre,8480.49
5211,Mujer,7082.26
5212,Hombre,3346.69
5213,Mujer,5811.17
5214,Mujer,8396.93
5215,Hombre,9821.77
5216,Mujer,8869.3
5217,Hombre,9509.34
5218,Hombre,5918.46
5219,Mujer,4287.45
5220,Mujer,1204.72
5221,Hombre,16231.49
5222,Hombre,8260.53
5223,Mujer,5588.16
5224,Hombre,4020.44
5225,Mujer,19810.46
5226,Mujer,1770.02
5227,Mujer,4670.18
5228,Mujer,8471.27
5229,Hombre,10900.96
5230,Hombre,12510.69
5231,Hombre,16334.24
5232,Hombre,10477.71
5233,Hombre,3447.86
5234,Mujer,5443.75
5235,Hombre,9585.25
5236,Mujer,15907.02
5237,Hombre,1909.88
5238,Mujer,12011.59
5239,Mujer,7409.61
5240,Hombre,11970.24
5241,Mujer,6141.02
5242,Hombre,4409.05
5243,Mujer,9978.93
5244,Hombre,11144.94
5245,Hombre,12574.26
5246,Hombre,8140.13
5247,Mujer,3900.8
5248,Hombre,1185.46
5249,Hombre,11887.18
5250,Hombre,10107.5
5251,Hombre,3853.98
5252,Hombre,5776.42
5253,Hombre,6099.59
5254,Mujer,1000.0
5255,Mujer,2920.43
5256,Hombre,3097.76
5257,Mujer,4743.84
5258,Mujer,3275.86
5259,Hombre,1000.0
5260,Mujer,15701.66
5261,Hombre,13836.43
5262,Hombre,4694.41
5263,Hombre,9425.9
5264,Hombre,10078.59
5265,Hombre,13559.89
5266,Mujer,2916.28
5267,Hombre,13114.48
5268,Hombre,5734.43
5269,Hombre,2188.62
5270,Mujer,9858.61
5271,Mujer,12408.41
5272,Hombre,19845.59
5273,Mujer,1201.24
5274,Mujer,9745.14
5275,Hombre,6355.89
5276,Hombre,11725.11
5277,Hombre,1582.8
5278,Mujer,1000.0
5279,Hombre,4708.56
5280,Hombre,8555.34
5281,Mujer,3715.13
5282,Hombre,11165.74
5283,Mujer,11221.03
5284,Hombre,10898.1
5285,Hombre,15484.54
5286,Mujer,8471.22
5287,Mujer,1123.96
5288,Hombre,14335.19
5289,Hombre,5476.8
5290,Hombre,12296.88
5291,Mujer,13681.8
5292,Hombre,10255.1
5293,Hombre,1467.29
5294,Hombre,4068.05
5295,Mujer,12552.35
5296,Mujer,5838.95
5297,Mujer,6958.08
5298,Hombre,11614.71
5299,Hombre,11333.45
5300,Hombre,9454.6
5301,Hombre,7260.99
5302,Hombre,6792.99
5303,Mujer,10460.54
5304,Mujer,9091.06
5305,Mujer,5442.15
5306,Hombre,13069.51
5307,Hombre,7619.35
5308,Mujer,2767.52
5309,Hombre,4784.63
5310,Mujer,2195.67
5311,Mujer,5374.15
5312,Mujer,12151.76
5313,Mujer,2977.07
5314,Hombre,9048.14
5315,Hombre,5244.9
5316,Mujer,5428.61
5317,Hombre,1404.81
5318,Hombre,7207.58
5319,Mujer,5728.33
5320,Mujer,9031.3
5321,Hombre,9204.76
5322,Mujer,1207.24
5323,Mujer,11478.89
5324,Hombre,9146.36
5325,Hombre,9092.77
5326,Hombre,8158.68
5327,Mujer,4270.09
5328,Hombre,9180.11
5329,Hombre,10340.15
5330,Hombre,1000.0
5331,Mujer,4175.58
5332,Hombre,7052.74
5333,Mujer,7752.77
5334,Mujer,11969.9
5335,Hombre,4727.17
5336,Hombre,5959.17
5337,Mujer,4293.6
5338,Mujer,2993.13
5339,Mujer,5037.66
5340,Mujer,10068.61
5341,Hombre,3457.74
5342,Hombre,10125.16
5343,Hombre,1000.0
5344,Hombre,5673.98
5345,Mujer,5117.3
5346,Mujer,14136.87
5347,Mujer,5363.39
5348,Hombre,1000.0
5349,Hombre,1000.0
5350,Hombre,8353.13
5351,Mujer,9361.97
5352,Hombre,9889.55
5353,Hombre,8954.07
5354,Hombre,13430.17
5355,Mujer,4171.84
5356,Hombre,12227.1
5357,Hombre,1000.0
5358,Hombre,4127.73
5359,Mujer,1000.0
5360,Hombre,6963.2
5361,Hombre,7991.82
5362,Mujer,7113.46
5363,Hombre,8478.48
5364,Mujer,2426.01
5365,Hombre,7343.92
5366,Mujer,1000.0
5367,Mujer,12734.53
5368,Hombre,6833.68
5369,Hombre,6000.01
5370,Hombre,15350.23
5371,Mujer,1009.89
5372,Hombre,3134.86
5373,Hombre,3267.01
5374,Mujer,6294.58
5375,Mujer,8542.34
5376,Hombre,11528.54
5377,Hombre,19773.98
5378,Mujer,1000.0
5379,Hombre,10939.31
5380,Mujer,4092.91
5381,Hombre,5561.13
5382,Mujer,3811.03
5383,Mujer,2510.54
5384,Hombre,15780.36
5385,Hombre,11990.34
5386,Hombre,8304.38
5387,Hombre,14279.57
5388,Mujer,1000.0
5389,Mujer,1000.0
5390,Hombre,1000.0
5391,Hombre,5052.63
5392,Mujer,7327.64
5393,Hombre,8662.86
5394,Hombre,8872.04
5395,Mujer,1000.0
5396,Hombre,11814.2
5397,Mujer,7678.32
5398,Hombre,11498.74
5399,Mujer,1000.0
5400,Mujer,8001.71
5401,Mujer,1255.06
5402,Hombre,6412.05
5403,Mujer,9004.64
5404,Mujer,7009.92
5405,Mujer,2768.07
5406,Hombre,8228.23
5407,Mujer,1000.0
5408,Mujer,11776.2
5409,Hombre,7276.22
5410,Hombre,13233.47
5411,Hombre,5830.61
5412,Mujer,4243.91
5413,Hombre,4761.16
5414,Mujer,10542.78
5415,Mujer,3407.56
5416,Mujer,9500.68
5417,Mujer,4878.96
5418,Hombre,1000.0
5419,Hombre,5633.59
5420,Mujer,1294.01
5421,Hombre,8352.56
5422,Hombre,2843.17
5423,Mujer,10766.89
5424,Mujer,6190.16
5425,Hombre,7400.82
5426,Hombre,11151.51
5427,Hombre,12537.58
5428,Hombre,8109.56
5429,Hombre,4729.6
5430,Hombre,1000.0
5431,Hombre,5112.78
5432,Hombre,5422.54
5433,Hombre,8681.76
5434,Mujer,5046.84
5435,Mujer,9695.7
5436,Mujer,3841.58
5437,Mujer,6343.31
5438,Mujer,11927.94
5439,Mujer,8138.21
5440,Hombre,7929.83
5441,Mujer,3891.25
5442,Hombre,5350.46
5443,Mujer,2772.24
5444,Mujer,4165.47
5445,Mujer,10000.5
5446,Mujer,5601.5
5447,Mujer,1000.0
5448,Mujer,14556.76
5449,Hombre,9639.84
5450,Hombre,1868.75
5451,Mujer,4611.68
5452,Mujer,7098.99
5453,Mujer,14270.66
5454,Hombre,3213.49
5455,Hombre,12592.18
5456,Mujer,12897.69
5457,Mujer,3771.06
5458,Hombre,6951.19
5459,Hombre,3536.61
5460,Hombre,7284.42
5461,Mujer,6435.35
5462,Hombre,11168.42
5463,Hombre,13105.83
5464,Hombre,4833.57
5465,Mujer,1000.0
5466,Hombre,8104.4
5467,Hombre,9520.92
5468,Hombre,9322.38
5469,Mujer,5129.97
5470,Mujer,7161.38
5471,Hombre,15019.5
5472,Hombre,9917.8
5473,Hombre,6519.84
5474,Mujer,4349.11
5475,Hombre,7435.66
5476,Mujer,13965.33
5477,Mujer,5775.15
5478,Mujer,6510.93
5479,Hombre,6029.59
5480,Hombre,13145.43
5481,Mujer,15419.27
5482,Hombre,10227.76
5483,Hombre,8572.48
5484,Mujer,6765.52
5485,Hombre,1000.0
5486,Mujer,9953.18
5487,Mujer,7203.75
5488,Mujer,8527.54
5489,Hombre,4998.42
5490,Mujer,4869.94
5491,Mujer,4750.39
5492,Mujer,11197.3
5493,Hombre,6495.58
5494,Mujer,15971.97
5495,Hombre,10138.88
5496,Hombre,2459.43
5497,Mujer,6021.54
5498,Mujer,3667.46
5499,Mujer,1000.0
5500,Hombre,15397.62
5501,Hombre,11364.14
5502,Mujer,8999.43
5503,Mujer,7344.32
5504,Hombre,1980.92
5505,Mujer,4423.72
5506,Mujer,10388.01
5507,Hombre,3469.51
5508,Mujer,1000.0
5509,Hombre,7178.02
5510,Mujer,5962.09
5511,Mujer,7210.04
5512,Hombre,11478.33
5513,Hombre,11069.23
5514,Mujer,7764.46
5515,Hombre,13579.89
5516,Hombre,1364.64
5517,Mujer,8870.62
5518,Mujer,9419.42
5519,Hombre,2621.97
5520,Hombre,1437.08
5521,Hombre,4843.26
5522,Hombre,5223.06
5523,Mujer,9990.39
5524,Mujer,3834.58
5525,Mujer,2746.43
5526,Hombre,5447.65
5527,Hombre,13233.85
5528,Mujer,6658.7
5529,Mujer,5793.37
5530,Hombre,7704.98
5531,Hombre,14014.27
5532,Mujer,3228.73
5533,Mujer,12519.79
5534,Hombre,9147.23
5535,Hombre,7478.11
5536,Hombre,19454.05
5537,Hombre,3449.62
5538,Hombre,6608.41
5539,Mujer,1054.06
5540,Hombre,12486.08
5541,Mujer,14201.35
5542,Hombre,15714.65
5543,Hombre,13707.77
5544,Mujer,5710.71
5545,Hombre,6556.42
5546,Hombre,1000.0
5547,Mujer,15761.43
5548,Mujer,8710.4
5549,Hombre,5986.19
5550,Mujer,12576.26
5551,Mujer,2222.56
5552,Hombre,10029.8
5553,Mujer,5823.17
5554,Mujer,9474.05
5555,Hombre,7913.92
5556,Hombre,1670.82
5557,Mujer,6940.09
5558,Hombre,12919.89
5559,Mujer,6468.53
5560,Hombre,11688.02
5561,Mujer,1895.12
5562,Hombre,8081.83
5563,Hombre,5389.7
5564,Hombre,11561.41
5565,Hombre,8341.71
5566,Mujer,9705.33
5567,Hombre,13094.7
5568,Hombre,11312.28
5569,Mujer,7829.03
5570,Mujer,2108.04
5571,Hombre,8187.46
5572,Hombre,5801.09
5573,Mujer,5051.71
5574,Hombre,6514.6
5575,Mujer,2190.33
5576,Hombre,1000.0
5577,Mujer,3593.36
5578,Mujer,7470.21
5579,Mujer,1000.0
5580,Hombre,8270.57
5581,Mujer,15151.21
5582,Mujer,11203.75
5583,Hombre,15595.94
5584,Mujer,8360.08
5585,Mujer,11853.79
5586,Mujer,3342.16
5587,Mujer,3700.47
5588,Hombre,1000.0
5589,Hombre,13537.65
5590,Hombre,15131.46
5591,Hombre,5710.7
5592,Mujer,5457.22
5593,Mujer,3207.62
5594,Hombre,9921.94
5595,Mujer,11662.2
5596,Hombre,1000.0
5597,Hombre,10042.47
5598,Mujer,5354.98
5599,Mujer,7110.27
5600,Mujer,8665.47
5601,Hombre,7353.09
5602,Hombre,7733.86
5603,Hombre,7237.56
5604,Hombre,12566.42
5605,Hombre,10084.42
5606,Mujer,7592.63
5607,Mujer,1000.0
5608,Hombre,6496.39
5609,Mujer,10644.01
5610,Mujer,6769.63
5611,Mujer,9567.89
5612,Hombre,16149.3
5613,Mujer,11273.73
5614,Hombre,8619.21
5615,Hombre,5900.55
5616,Mujer,1000.0
5617,Mujer,5842.27
5618,Hombre,6732.94
5619,Hombre,9956.65
5620,Hombre,7507.43
5621,Mujer,5158.27
5622,Mujer,1000.0
5623,Mujer,2370.14
5624,Hombre,10344.93
5625,Hombre,15921.58
5626,Hombre,7761.14
5627,Hombre,9675.15
5628,Hombre,12486.15
5629,Hombre,4550.98
5630,Hombre,9850.66
5631,Mujer,3267.79
5632,Hombre,12091.71
5633,Hombre,8881.31
5634,Mujer,7943.03
5635,Mujer,3078.31
5636,Hombre,11381.65
5637,Hombre,17581.21
5638,Mujer,2064.4
5639,Mujer,5071.08
5640,Mujer,7642.23
5641,Hombre,11738.83
5642,Hombre,5682.04
5643,Mujer,1000.0
5644,Hombre,14316.35
5645,Mujer,10022.28
5646,Hombre,1000.0
5647,Hombre,5465.94
5648,Hombre,15256.82
5649,Mujer,13115.08
5650,Mujer,10823.88
5651,Hombre,7407.49
5652,Mujer,6973.44
5653,Mujer,6010.83
5654,Hombre,13277.08
5655,Mujer,2658.71
5656,Hombre,4573.9
5657,Hombre,12746.24
5658,Mujer,6400.37
5659,Mujer,12803.1
5660,Mujer,3578.2
5661,Hombre,7953.5
5662,Hombre,4049.14
5663,Mujer,6633.13
5664,Hombre,1546.54
5665,Mujer,4405.65
5666,Hombre,1736.86
5667,Hombre,11322.65
5668,Mujer,9824.65
5669,Mujer,1000.0
5670,Hombre,14202.49
5671,Hombre,19438.37
5672,Hombre,8407.03
5673,Hombre,5314.99
5674,Mujer,19309.49
5675,Hombre,2264.64
5676,Mujer,6690.48
5677,Hombre,9008.3
5678,Hombre,14253.16
5679,Hombre,9818.83
5680,Mujer,4356.15
5681,Mujer,2319.67
5682,Mujer,5061.8
5683,Hombre,3668.83
5684,Hombre,8415.21
5685,Mujer,4061.12
5686,Hombre,1476.83
5687,Hombre,13848.16
5688,Mujer,4360.47
5689,Hombre,2493.38
5690,Hombre,7442.83
5691,Hombre,8507.67
5692,Mujer,1000.0
5693,Mujer,8092.41
5694,Mujer,1887.79
5695,Mujer,14299.63
5696,Mujer,8957.82
5697,Hombre,6400.45
5698,Mujer,3246.75
5699,Mujer,6127.65
5700,Hombre,10957.56
5701,Mujer,6485.28
5702,Hombre,7222.79
5703,Mujer,6862.67
5704,Mujer,3882.63
5705,Mujer,5055.57
5706,Hombre,1000.0
5707,Mujer,10981.77
5708,Mujer,7944.59
5709,Hombre,4719.45
5710,Hombre,16744.31
5711,Mujer,6991.57
5712,Mujer,1937.35
5713,Mujer,10455.32
5714,Hombre,9991.22
5715,Mujer,8375.61
5716,Hombre,6284.1
5717,Mujer,8627.23
5718,Hombre,7022.09
5719,Hombre,10701.74
5720,Mujer,1000.0
5721,Hombre,6247.57
5722,Hombre,15949.7
5723,Hombre,4748.2
5724,Mujer,3882.73
5725,Mujer,4584.17
5726,Hombre,2733.37
5727,Hombre,1000.0
5728,Mujer,5562.36
5729,Hombre,8811.37
5730,Mujer,6363.73
5731,Mujer,5948.05
5732,Hombre,8393.68
5733,Hombre,12802.79
5734,Mujer,5742.99
5735,Hombre,5616.63
5736,Hombre,6934.94
5737,Hombre,10807.06
5738,Mujer,12954.12
5739,Mujer,3773.35
5740,Mujer,7045.2
5741,Hombre,9722.61
5742,Hombre,3733.4
5743,Mujer,6691.88
5744,Mujer,1000.0
5745,Hombre,1000.0
5746,Mujer,8250.36
5747,Hombre,6472.56
5748,Hombre,9110.26
5749,Mujer,6519.47
5750,Mujer,2206.2
5751,Hombre,7996.36
5752,Mujer,1051.04
5753,Hombre,14459.38
5754,Hombre,2098.13
5755,Hombre,7318.97
5756,Hombre,3509.78
5757,Mujer,9166.9
5758,Hombre,6708.56
5759,Mujer,4266.0
5760,Mujer,10439.41
5761,Hombre,8332.44
5762,Mujer,8924.9
5763,Mujer,2184.03
5764,Hombre,1878.32
5765,Mujer,7082.44
5766,Mujer,5165.19
5767,Mujer,9418.96
5768,Hombre,7840.41
5769,Hombre,9122.84
5770,Mujer,1000.0
5771,Hombre,16697.97
5772,Hombre,7460.91
5773,Mujer,9739.14
5774,Hombre,4437.59
5775,Mujer,7986.04
5776,Hombre,2337.2
5777,Mujer,8634.31
5778,Hombre,6598.12
5779,Hombre,8331.36
5780,Hombre,11340.88
5781,Mujer,1053.57
5782,Mujer,3519.79
5783,Mujer,8657.96
5784,Hombre,17642.0
5785,Mujer,5978.63
5786,Hombre,10860.11
5787,Hombre,7718.63
5788,Hombre,16940.11
5789,Mujer,1000.0
5790,Hombre,8625.79
5791,Hombre,1000.0
5792,Hombre,1000.0
5793,Hombre,9538.58
5794,Hombre,8827.74
5795,Hombre,6918.23
5796,Mujer,6122.13
5797,Mujer,20542.35
5798,Hombre,7038.21
5799,Hombre,10495.56
5800,Mujer,3677.86
5801,Mujer,7928.55
5802,Mujer,5527.95
5803,Mujer,4752.67
5804,Mujer,14785.04
5805,Hombre,13497.33
5806,Mujer,7215.36
5807,Hombre,1000.0
5808,Hombre,6575.46
5809,Mujer,18763.62
5810,Hombre,7162.02
5811,Mujer,11564.48
5812,Hombre,14688.74
5813,Hombre,9185.34
5814,Mujer,2811.8
5815,Hombre,1000.0
5816,Mujer,9678.73
5817,Hombre,4533.6
5818,Mujer,7392.68
5819,Hombre,2575.81
5820,Mujer,5406.43
5821,Hombre,8351.74
5822,Hombre,9408.67
5823,Hombre,3183.3
5824,Hombre,13586.1
5825,Mujer,3913.97
5826,Hombre,1000.0
5827,Hombre,7709.39
5828,Mujer,6754.69
5829,Hombre,8922.65
5830,Mujer,12729.6
5831,Mujer,5535.98
5832,Hombre,7661.71
5833,Hombre,3235.67
5834,Mujer,10292.49
5835,Hombre,9029.39
5836,Mujer,4709.88
5837,Mujer,1000.0
5838,Mujer,13099.85
5839,Hombre,2675.44
5840,Hombre,5539.25
5841,Hombre,9812.55
5842,Mujer,1215.49
5843,Hombre,1479.21
5844,Hombre,1000.0
5845,Hombre,11444.49
5846,Mujer,4146.66
5847,Mujer,19772.72
5848,Hombre,3725.4
5849,Hombre,4053.47
5850,Hombre,5655.73
5851,Hombre,9294.11
5852,Mujer,4484.08
5853,Mujer,9355.49
5854,Hombre,3796.35
5855,Mujer,1000.0
5856,Mujer,1000.0
5857,Mujer,1000.0
5858,Mujer,4268.69
5859,Hombre,6845.59
5860,Hombre,5358.53
5861,Hombre,13795.33
5862,Hombre,13726.14
5863,Hombre,6693.39
5864,Hombre,1000.0
5865,Hombre,5649.83
5866,Mujer,3900.8
5867,Hombre,5242.89
5868,Hombre,5060.26
5869,Hombre,5259.42
5870,Hombre,6460.56
5871,Hombre,5340.07
5872,Hombre,9137.45
5873,Hombre,9821.66
5874,Mujer,2502.1
5875,Hombre,13919.79
5876,Hombre,3789.72
5877,Hombre,1000.0
5878,Hombre,9913.5
5879,Hombre,4521.66
5880,Hombre,9645.81
5881,Mujer,1000.0
5882,Mujer,12866.05
5883,Hombre,11225.32
5884,Mujer,1000.0
5885,Hombre,1545.5
5886,Hombre,15725.2
5887,Mujer,3281.79
5888,Mujer,2846.17
5889,Mujer,1000.0
5890,Hombre,6621.5
5891,Mujer,5575.26
5892,Mujer,9819.72
5893,Hombre,1904.15
5894,Mujer,1000.0
5895,Mujer,8629.33
5896,Mujer,11130.29
5897,Hombre,1129.81
5898,Mujer,11466.81
5899,Hombre,8368.94
5900,Hombre,13113.12
5901,Mujer,6284.01
5902,Hombre,1000.0
5903,Hombre,7516.15
5904,Hombre,12970.65
5905,Mujer,2578.14
5906,Mujer,4854.16
5907,Hombre,7407.4
5908,Mujer,1000.0
5909,Hombre,15721.06
5910,Hombre,4143.81
5911,Hombre,10475.81
5912,Hombre,7809.84
5913,Mujer,12259.29
5914,Hombre,10027.25
5915,Hombre,7142.84
5916,Hombre,4179.18
5917,Hombre,11790.33
5918,Mujer,1000.0
5919,Mujer,9506.51
5920,Mujer,1654.3
5921,Hombre,13835.28
5922,Hombre,8925.85
5923,Mujer,9498.56
5924,Hombre,8568.95
5925,Hombre,1000.0
5926,Hombre,4326.72
5927,Hombre,11225.75
5928,Mujer,7349.95
5929,Mujer,11914.45
5930,Hombre,10014.74
5931,Mujer,2249.84
5932,Hombre,4617.71
5933,Mujer,7063.13
5934,Mujer,1000.0
5935,Hombre,15730.49
5936,Mujer,8587.86
5937,Mujer,12121.66
5938,Hombre,1087.28
5939,Mujer,12200.54
5940,Hombre,18241.75
5941,Mujer,1000.0
5942,Hombre,11671.31
5943,Hombre,8204.99
5944,Hombre,1250.05
5945,Mujer,8817.98
5946,Mujer,10351.21
5947,Hombre,5494.93
5948,Mujer,11846.62
5949,Mujer,1000.0
5950,Hombre,1473.6
5951,Hombre,8814.69
5952,Mujer,6714.23
5953,Hombre,4975.42
5954,Mujer,10243.17
5955,Mujer,8989.02
5956,Mujer,10461.63
5957,Hombre,7645.89
5958,Hombre,10911.61
5959,Hombre,6194.57
5960,Mujer,15842.18
5961,Hombre,4543.54
5962,Mujer,16073.84
5963,Mujer,6757.0
5964,Hombre,2010.2
5965,Mujer,12756.36
5966,Hombre,8766.56
5967,Hombre,12030.06
5968,Hombre,13707.35
5969,Hombre,9720.8
5970,Mujer,3934.92
5971,Mujer,10990.71
5972,Hombre,8203.4
5973,Mujer,9686.36
5974,Mujer,1000.0
5975,Hombre,10211.42
5976,Hombre,5326.36
5977,Mujer,14039.89
5978,Hombre,11003.89
5979,Hombre,9279.36
5980,Hombre,10388.39
5981,Mujer,2107.02
5982,Hombre,15504.66
5983,Mujer,15561.17
5984,Mujer,8368.11
5985,Mujer,13756.82
5986,Mujer,4038.83
5987,Mujer,3012.99
5988,Hombre,8384.16
5989,Mujer,8557.23
5990,Hombre,6427.06
5991,Hombre,10619.96
5992,Mujer,7978.75
5993,Mujer,2107.62
5994,Hombre,10534.57
5995,Hombre,12085.88
5996,Hombre,8971.61
5997,Mujer,11786.92
5998,Hombre,2721.68
5999,Hombre,10305.78
6000,Hombre,2933.74
6001,Hombre,3186.63
6002,Mujer,3760.81
6003,Hombre,3960.73
6004,Hombre,5734.02
6005,Hombre,7236.32
6006,Mujer,10367.2
6007,Hombre,6754.78
6008,Mujer,1000.0
6009,Hombre,13330.31
6010,Hombre,4433.09
6011,Mujer,6335.76
6012,Hombre,10209.41
6013,Mujer,7498.25
6014,Mujer,11523.81
6015,Mujer,8755.51
6016,Hombre,4324.11
6017,Mujer,16403.53
6018,Mujer,7474.5
6019,Hombre,7536.97
6020,Mujer,10937.66
6021,Mujer,7722.53
6022,Hombre,9996.53
6023,Hombre,19414.83
6024,Hombre,6961.95
6025,Hombre,6770.08
6026,Hombre,8724.6
6027,Mujer,11421.82
6028,Hombre,1420.6
6029,Hombre,1000.0
6030,Hombre,5557.98
6031,Hombre,1000.0
6032,Mujer,4688.26
6033,Mujer,8861.25
6034,Mujer,2591.63
6035,Hombre,1779.28
6036,Hombre,8512.02
6037,Mujer,10481.45
6038,Mujer,1000.0
6039,Hombre,11891.05
6040,Hombre,11877.88
6041,Hombre,12493.38
6042,Mujer,12083.16
6043,Mujer,16509.06
6044,Hombre,6597.59
6045,Hombre,8693.07
6046,Hombre,6326.03
6047,Mujer,6608.9
6048,Mujer,13497.93
6049,Mujer,1000.0
6050,Mujer,2725.28
6051,Hombre,14397.31
6052,Mujer,11190.16
6053,Hombre,6565.91
6054,Mujer,10444.81
6055,Hombre,9735.47
6056,Mujer,13351.24
6057,Hombre,8535.29
6058,Hombre,12815.34
6059,Hombre,20089.05
6060,Hombre,10891.45
6061,Hombre,8421.98
6062,Mujer,9851.01
6063,Mujer,4956.24
6064,Hombre,18945.85
6065,Mujer,7410.32
6066,Mujer,5371.8
6067,Hombre,4439.4
6068,Hombre,13137.49
6069,Mujer,10502.34
6070,Hombre,5961.91
6071,Hombre,10794.03
6072,Hombre,1411.5
6073,Hombre,9032.37
6074,Hombre,10237.4
6075,Mujer,14282.98
6076,Mujer,3131.32
6077,Mujer,1000.0
6078,Mujer,2570.57
6079,Hombre,2185.44
6080,Mujer,12614.96
6081,Hombre,15168.88
6082,Hombre,9640.97
6083,Hombre,13695.83
6084,Mujer,7202.81
6085,Mujer,6172.0
6086,Mujer,5101.33
6087,Hombre,6803.24
6088,Hombre,1234.89
6089,Hombre,9389.15
6090,Mujer,6418.5
6091,Hombre,11554.12
6092,Mujer,7020.86
6093,Hombre,7467.83
6094,Mujer,2679.63
6095,Hombre,8524.69
6096,Hombre,11522.07
6097,Hombre,3054.97
6098,Hombre,8593.63
6099,Mujer,7648.69
6100,Hombre,4968.71
6101,Mujer,3954.65
6102,Hombre,9237.75
6103,Hombre,3099.61
6104,Hombre,9774.66
6105,Mujer,2570.91
6106,Hombre,12982.84
6107,Mujer,17120.22
6108,Hombre,4326.59
6109,Mujer,9003.94
6110,Hombre,4929.66
6111,Hombre,12884.29
6112,Hombre,2506.34
6113,Hombre,10362.64
6114,Hombre,4271.55
6115,Hombre,7268.57
6116,Mujer,1960.39
6117,Hombre,11900.58
6118,Hombre,4433.59
6119,Hombre,10683.84
6120,Mujer,5051.56
6121,Mujer,6084.87
6122,Mujer,7264.9
6123,Hombre,4771.79
6124,Hombre,9146.65
6125,Hombre,15086.51
6126,Hombre,4698.57
6127,Mujer,11873.15
6128,Hombre,14941.44
6129,Mujer,2927.3
6130,Hombre,1652.25
6131,Mujer,7958.82
6132,Hombre,5736.67
6133,Mujer,15008.71
6134,Hombre,8356.63
6135,Hombre,4590.1
6136,Mujer,1437.78
6137,Hombre,13104.57
6138,Mujer,4029.67
6139,Hombre,8397.23
6140,Mujer,10901.11
6141,Hombre,6020.84
6142,Hombre,7993.32
6143,Hombre,8125.44
6144,Mujer,9674.96
6145,Hombre,10858.35
6146,Hombre,7209.49
6147,Hombre,8486.42
6148,Mujer,4926.99
6149,Hombre,1550.74
6150,Mujer,7759.2
6151,Mujer,15114.86
6152,Hombre,4223.26
6153,Mujer,3121.37
6154,Hombre,4281.73
6155,Mujer,9860.66
6156,Mujer,8618.18
6157,Hombre,7486.58
6158,Mujer,2468.91
6159,Mujer,7015.7
6160,Hombre,1159.2
6161,Mujer,7245.42
6162,Mujer,10521.86
6163,Hombre,2569.6
6164,Mujer,1000.0
6165,Mujer,13707.47
6166,Hombre,5447.08
6167,Hombre,13311.77
6168,Mujer,5907.01
6169,Hombre,7471.2
6170,Hombre,10172.86
6171,Hombre,4222.01
6172,Mujer,7196.24
6173,Hombre,6483.3
6174,Hombre,2257.78
6175,Hombre,9718.67
6176,Mujer,5415.11
6177,Hombre,7493.39
6178,Hombre,2754.28
6179,Hombre,15361.3
6180,Hombre,12145.21
6181,Mujer,10938.7
6182,Mujer,5225.5
6183,Hombre,1000.0
6184,Mujer,15388.13
6185,Hombre,7925.06
6186,Mujer,3230.4
6187,Hombre,10075.61
6188,Hombre,13452.04
6189,Mujer,6496.27
6190,Mujer,12353.59
6191,Mujer,11473.5
6192,Hombre,3356.28
6193,Mujer,3567.94
6194,Hombre,12508.92
6195,Hombre,1000.0
6196,Hombre,7527.45
6197,Mujer,1000.0
6198,Hombre,6055.51
6199,Mujer,5255.31
6200,Hombre,6587.9
6201,Hombre,5714.82
6202,Mujer,1662.85
6203,Hombre,18513.6
6204,Hombre,16603.58
6205,Hombre,2970.7
6206,Hombre,15319.53
6207,Hombre,6402.41
6208,Mujer,7181.34
6209,Mujer,6315.27
6210,Hombre,5231.13
6211,Mujer,11027.34
6212,Hombre,8766.49
6213,Hombre,6055.52
6214,Mujer,1000.0
6215,Hombre,4178.82
6216,Hombre,1000.0
6217,Mujer,6655.01
6218,Mujer,1215.0
6219,Mujer,5404.98
6220,Mujer,12765.46
6221,Hombre,13596.85
6222,Mujer,6454.75
6223,Hombre,7808.12
6224,Hombre,16659.44
6225,Hombre,10543.4
6226,Mujer,5124.87
6227,Mujer,1000.0
6228,Hombre,9972.43
6229,Mujer,10331.96
6230,Hombre,5357.57
6231,Hombre,9510.41
6232,Hombre,6563.92
6233,Mujer,5771.85
6234,Hombre,1000.0
6235,Mujer,5601.98
6236,Hombre,12562.16
6237,Mujer,3758.69
6238,Hombre,8436.37
6239,Hombre,4798.22
6240,Hombre,9821.99
6241,Hombre,7225.65
6242,Hombre,3973.41
6243,Mujer,12596.48
6244,Hombre,12380.19
6245,Mujer,3877.92
6246,Mujer,8840.05
6247,Mujer,9018.35
6248,Hombre,11090.36
6249,Hombre,1000.0
6250,Hombre,12729.73
6251,Hombre,5636.35
6252,Hombre,6589.77
6253,Hombre,20070.47
6254,Mujer,7958.43
6255,Mujer,4861.55
6256,Mujer,1000.0
6257,Hombre,14453.94
6258,Mujer,1000.0
6259,Mujer,2084.52
6260,Mujer,5108.91
6261,Hombre,14573.85
6262,Hombre,11679.58
6263,Mujer,5889.73
6264,Mujer,7987.31
6265,Hombre,5498.26
6266,Mujer,7228.44
6267,Hombre,8530.02
6268,Hombre,12559.46
6269,Mujer,10952.3
6270,Hombre,10422.9
6271,Mujer,4969.44
6272,Hombre,11538.2
6273,Hombre,7786.14
6274,Hombre,3331.39
6275,Mujer,4785.2
6276,Mujer,6980.37
6277,Mujer,10695.97
6278,Hombre,7374.12
6279,Hombre,2758.61
6280,Hombre,8455.34
6281,Mujer,7110.55
6282,Hombre,9036.27
6283,Hombre,12339.42
6284,Mujer,11185.15
6285,Hombre,5526.05
6286,Mujer,3827.35
6287,Hombre,3519.11
6288,Hombre,11344.67
6289,Hombre,14719.69
6290,Mujer,5182.13
6291,Hombre,7113.56
6292,Hombre,14800.52
6293,Mujer,8875.01
6294,Mujer,8563.06
6295,Hombre,2840.88
6296,Mujer,9654.28
6297,Hombre,4018.89
6298,Hombre,3096.91
6299,Hombre,6639.53
6300,Hombre,5563.93
6301,Mujer,5602.8
6302,Hombre,1715.58
6303,Mujer,10914.67
6304,Hombre,13274.59
6305,Hombre,1000.0
6306,Mujer,11003.06
6307,Mujer,2952.62
6308,Mujer,10456.39
6309,Hombre,7891.99
6310,Mujer,6729.49
6311,Mujer,5767.06
6312,Hombre,13654.58
6313,Mujer,1021.85
6314,Hombre,10935.28
6315,Mujer,11555.99
6316,Mujer,9823.53
6317,Hombre,18661.15
6318,Mujer,4219.74
6319,Mujer,10907.87
6320,Hombre,7722.59
6321,Hombre,13750.33
6322,Hombre,8165.4
6323,Hombre,6454.56
6324,Mujer,12477.32
6325,Hombre,5987.97
6326,Hombre,1842.73
6327,Hombre,5874.19
6328,Mujer,9385.65
6329,Hombre,14464.17
6330,Hombre,8700.08
6331,Hombre,14131.89
6332,Mujer,1000.0
6333,Mujer,4605.31
6334,Hombre,6901.41
6335,Mujer,6084.48
6336,Hombre,8578.42
6337,Hombre,11309.1
6338,Hombre,6198.37
6339,Hombre,8825.63
6340,Mujer,6396.95
6341,Hombre,4033.5
6342,Mujer,6088.5
6343,Hombre,7553.53
6344,Mujer,5857.14
6345,Hombre,8342.92
6346,Hombre,8540.53
6347,Hombre,6254.67
6348,Hombre,13927.22
6349,Mujer,1337.34
6350,Mujer,3355.63
6351,Hombre,20709.84
6352,Mujer,1929.04
6353,Mujer,1000.0
6354,Hombre,11505.15
6355,Hombre,1000.0
6356,Mujer,5541.27
6357,Hombre,17856.21
6358,Mujer,1000.0
6359,Mujer,1000.0
6360,Mujer,1000.0
6361,Hombre,12242.62
6362,Hombre,13261.5
6363,Mujer,4293.35
6364,Hombre,11274.46
6365,Mujer,12856.15
6366,Mujer,14643.06
6367,Hombre,7091.49
6368,Hombre,1000.0
6369,Mujer,2906.04
6370,Mujer,4679.38
6371,Hombre,7034.78
6372,Mujer,5754.63
6373,Mujer,11635.03
6374,Mujer,12334.93
6375,Hombre,7427.47
6376,Mujer,11543.18
6377,Hombre,9809.48
6378,Hombre,8490.28
6379,Mujer,10679.45
6380,Hombre,8525.13
6381,Mujer,15860.15
6382,Hombre,1727.15
6383,Mujer,4281.73
6384,Hombre,7630.66
6385,Hombre,10177.54
6386,Hombre,13905.82
6387,Hombre,8090.21
6388,Mujer,1000.0
6389,Hombre,11991.31
6390,Hombre,11597.31
6391,Mujer,1000.0
6392,Hombre,8182.88
6393,Hombre,1044.36
6394,Mujer,3609.07
6395,Hombre,4137.36
6396,Hombre,11841.69
6397,Mujer,7125.74
6398,Mujer,1000.0
6399,Mujer,10560.3
6400,Mujer,1000.0
6401,Hombre,9685.51
6402,Mujer,2936.95
6403,Mujer,4954.45
6404,Hombre,10469.22
6405,Mujer,8946.52
6406,Mujer,12616.36
6407,Mujer,6229.86
6408,Mujer,7979.03
6409,Mujer,4630.18
6410,Mujer,7418.95
6411,Mujer,8577.69
6412,Hombre,7757.61
6413,Mujer,1000.0
6414,Hombre,9691.62
6415,Mujer,8240.53
6416,Hombre,5139.22
6417,Mujer,1000.0
6418,Hombre,14841.46
6419,Mujer,8811.5
6420,Mujer,5569.14
6421,Hombre,3083.35
6422,Mujer,2901.83
6423,Hombre,14061.66
6424,Mujer,7219.48
6425,Hombre,5722.36
6426,Hombre,10493.6
6427,Mujer,2935.21
6428,Hombre,14953.79
6429,Hombre,14287.6
6430,Mujer,4500.42
6431,Mujer,3770.98
6432,Mujer,1000.0
6433,Mujer,1000.0
6434,Mujer,1000.0
6435,Hombre,8808.36
6436,Hombre,6731.95
6437,Mujer,1000.0
6438,Mujer,5334.76
6439,Mujer,8874.02
6440,Hombre,10575.28
6441,Hombre,1000.0
6442,Mujer,6022.81
6443,Mujer,1000.0
6444,Mujer,10657.78
6445,Mujer,10128.66
6446,Mujer,2558.88
6447,Mujer,3152.8
6448,Hombre,6124.3
6449,Hombre,1000.0
6450,Mujer,8111.86
6451,Mujer,5372.2
6452,Mujer,10965.79
6453,Hombre,3257.16
6454,Hombre,5413.95
6455,Hombre,1420.64
6456,Mujer,2080.69
6457,Mujer,1281.08
6458,Mujer,11081.88
6459,Hombre,5057.82
6460,Hombre,8758.79
6461,Mujer,4886.56
6462,Hombre,2487.41
6463,Hombre,7442.65
6464,Hombre,10895.96
6465,Hombre,2765.08
6466,Mujer,10241.01
6467,Mujer,2776.26
6468,Mujer,4426.57
6469,Mujer,8988.07
6470,Mujer,3614.54
6471,Mujer,6769.09
6472,Hombre,6783.89
6473,Hombre,8782.16
6474,Mujer,1000.0
6475,Hombre,1000.0
6476,Mujer,9371.85
6477,Mujer,11267.32
6478,Mujer,2502.81
6479,Hombre,7101.87
6480,Hombre,9526.24
6481,Hombre,11319.48
6482,Mujer,1000.0
6483,Mujer,2612.82
6484,Mujer,5103.39
6485,Hombre,11364.13
6486,Mujer,17842.94
6487,Mujer,5573.97
6488,Mujer,1000.0
6489,Mujer,8410.21
6490,Mujer,12544.48
6491,Mujer,7086.06
6492,Hombre,4120.08
6493,Mujer,10910.97
6494,Hombre,11185.96
6495,Hombre,3582.64
6496,Hombre,9916.42
6497,Hombre,12687.7
6498,Hombre,13518.51
6499,Hombre,7900.98
6500,Mujer,4988.64
6501,Hombre,13722.73
6502,Mujer,1154.28
6503,Hombre,10173.61
6504,Mujer,1000.0
6505,Hombre,12994.19
6506,Mujer,5438.8
6507,Hombre,13908.62
6508,Mujer,8811.36
6509,Hombre,2695.51
6510,Mujer,13010.82
6511,Mujer,13580.6
6512,Hombre,12170.29
6513,Hombre,4772.85
6514,Hombre,6822.94
6515,Mujer,7254.42
6516,Mujer,3433.3
6517,Mujer,14215.56
6518,Hombre,8849.47
6519,Mujer,1000.0
6520,Hombre,9727.1
6521,Hombre,6633.29
6522,Hombre,7862.83
6523,Hombre,6541.21
6524,Hombre,11831.71
6525,Mujer,11638.6
6526,Mujer,7873.74
6527,Hombre,6673.1
6528,Mujer,6413.98
6529,Hombre,8288.2
6530,Hombre,4589.06
6531,Hombre,10805.18
6532,Hombre,10270.19
6533,Mujer,13531.99
6534,Mujer,12249.07
6535,Mujer,3514.46
6536,Mujer,10291.34
6537,Mujer,2320.71
6538,Hombre,11331.69
6539,Hombre,5875.24
6540,Hombre,3595.36
6541,Hombre,9460.2
6542,Hombre,1000.0
6543,Mujer,1000.0
6544,Mujer,5801.29
6545,Mujer,6970.99
6546,Mujer,4938.07
6547,Mujer,1000.0
6548,Mujer,2919.49
6549,Hombre,9960.44
6550,Hombre,10818.02
6551,Mujer,6527.0
6552,Hombre,13405.75
6553,Hombre,9988.29
6554,Hombre,4836.45
6555,Mujer,5337.74
6556,Mujer,1000.0
6557,Mujer,6113.37
6558,Hombre,13204.45
6559,Hombre,11283.81
6560,Mujer,12909.04
6561,Mujer,5237.02
6562,Hombre,14257.45
6563,Hombre,7330.13
6564,Hombre,14822.13
6565,Hombre,8101.64
6566,Hombre,11382.54
6567,Hombre,14838.01
6568,Hombre,7329.58
6569,Mujer,7582.75
6570,Mujer,12399.89
6571,Mujer,6001.49
6572,Mujer,1000.0
6573,Hombre,17843.53
6574,Mujer,4486.06
6575,Mujer,7314.4
6576,Mujer,11802.03
6577,Hombre,5461.78
6578,Hombre,3664.59
6579,Mujer,7741.82
6580,Hombre,1000.0
6581,Mujer,5304.42
6582,Mujer,7702.67
6583,Hombre,6985.22
6584,Mujer,1000.0
6585,Mujer,13773.8
6586,Mujer,7065.92
6587,Hombre,14640.18
6588,Hombre,7029.84
6589,Hombre,4239.95
6590,Hombre,9411.31
6591,Hombre,7228.96
6592,Mujer,1300.07
6593,Hombre,14814.03
6594,Mujer,3799.78
6595,Mujer,1000.0
6596,Hombre,14176.75
6597,Hombre,5930.66
6598,Mujer,3864.79
6599,Hombre,1000.0
6600,Hombre,16034.24
6601,Mujer,1000.0
6602,Mujer,6863.02
6603,Hombre,12306.79
6604,Hombre,10097.73
6605,Mujer,6331.56
6606,Hombre,1000.0
6607,Hombre,4556.24
6608,Hombre,9045.1
6609,Hombre,4657.72
6610,Mujer,7515.12
6611,Mujer,9667.85
6612,Mujer,10931.26
6613,Mujer,1082.19
6614,Hombre,18084.91
6615,Mujer,10053.66
6616,Hombre,8192.29
6617,Hombre,13102.91
6618,Mujer,17244.33
6619,Mujer,1000.0
6620,Mujer,5586.32
6621,Hombre,1000.0
6622,Mujer,7466.93
6623,Mujer,8244.27
6624,Hombre,8023.77
6625,Mujer,3654.6
6626,Mujer,1000.0
6627,Mujer,8280.9
6628,Hombre,14749.46
6629,Hombre,5540.42
6630,Mujer,8580.27
6631,Mujer,1000.0
6632,Hombre,10257.46
6633,Mujer,4829.78
6634,Mujer,3169.12
6635,Hombre,4778.36
6636,Mujer,4828.75
6637,Mujer,8320.95
6638,Mujer,1000.0
6639,Hombre,6412.98
6640,Mujer,6413.38
6641,Mujer,1654.32
6642,Mujer,14684.99
6643,Mujer,2759.27
6644,Hombre,5187.53
6645,Hombre,3797.61
6646,Mujer,14693.16
6647,Hombre,10688.07
6648,Hombre,3985.34
6649,Hombre,13178.04
6650,Mujer,7503.14
6651,Hombre,9357.64
6652,Hombre,6649.85
6653,Hombre,4827.63
6654,Mujer,8119.95
6655,Mujer,4147.11
6656,Hombre,16375.4
6657,Mujer,1000.0
6658,Hombre,15112.71
6659,Mujer,6099.07
6660,Hombre,9545.89
6661,Mujer,10349.21
6662,Mujer,3763.88
6663,Hombre,12089.12
6664,Hombre,1000.0
6665,Hombre,4960.05
6666,Mujer,2441.72
6667,Hombre,2559.22
6668,Mujer,5632.7
6669,Hombre,9935.87
6670,Mujer,9761.97
6671,Mujer,7683.95
6672,Hombre,5204.38
6673,Hombre,9860.57
6674,Mujer,7159.29
6675,Hombre,12412.25
6676,Mujer,10096.22
6677,Hombre,8337.14
6678,Mujer,2562.36
6679,Mujer,3661.72
6680,Mujer,4125.95
6681,Hombre,6781.3
6682,Hombre,9406.23
6683,Hombre,11418.28
6684,Hombre,7969.97
6685,Hombre,8272.56
6686,Hombre,8844.88
6687,Mujer,4278.43
6688,Hombre,4035.73
6689,Hombre,1000.0
6690,Mujer,3471.83
6691,Hombre,10329.15
6692,Hombre,5036.9
6693,Hombre,7129.87
6694,Mujer,8698.94
6695,Hombre,10543.1
6696,Hombre,3342.1
6697,Hombre,12686.77
6698,Mujer,11673.08
6699,Mujer,1515.68
6700,Hombre,4492.73
6701,Hombre,13559.91
6702,Hombre,7539.16
6703,Hombre,1000.0
6704,Hombre,1901.43
6705,Hombre,7077.84
6706,Hombre,2966.31
6707,Hombre,6339.59
6708,Mujer,6745.78
6709,Mujer,13180.15
6710,Hombre,6892.96
6711,Hombre,13026.44
6712,Hombre,14629.42
6713,Hombre,14654.39
6714,Hombre,9481.4
6715,Mujer,1000.0
6716,Hombre,10273.71
6717,Hombre,12917.8
6718,Hombre,7835.2
6719,Hombre,16050.63
6720,Mujer,10469.25
6721,Hombre,10757.23
6722,Mujer,11488.71
6723,Hombre,9700.16
6724,Mujer,1000.0
6725,Mujer,4353.87
6726,Hombre,13587.26
6727,Mujer,2965.84
6728,Mujer,5594.37
6729,Hombre,3498.24
6730,Hombre,16227.65
6731,Mujer,14166.72
6732,Mujer,2622.59
6733,Mujer,7262.84
6734,Hombre,5137.78
6735,Hombre,10967.25
6736,Hombre,10493.57
6737,Hombre,11852.68
6738,Hombre,9693.63
6739,Hombre,21409.33
6740,Mujer,1974.34
6741,Mujer,1000.0
6742,Mujer,4831.09
6743,Mujer,1000.0
6744,Hombre,1483.92
6745,Mujer,2094.08
6746,Mujer,2450.15
6747,Hombre,3904.22
6748,Mujer,8931.99
6749,Mujer,4322.15
6750,Hombre,7392.18
6751,Hombre,12224.05
6752,Hombre,4751.55
6753,Hombre,7009.54
6754,Hombre,9845.92
6755,Hombre,1000.0
6756,Mujer,1000.0
6757,Mujer,8157.53
6758,Hombre,10414.06
6759,Mujer,15888.99
6760,Mujer,7311.43
6761,Hombre,11888.83
6762,Mujer,5720.37
6763,Mujer,7937.52
6764,Hombre,15702.66
6765,Hombre,1000.0
6766,Hombre,10061.27
6767,Hombre,17810.14
6768,Hombre,9469.15
6769,Hombre,15627.58
6770,Hombre,5368.55
6771,Mujer,6455.79
6772,Mujer,6750.86
6773,Hombre,1000.0
6774,Mujer,1343.2
6775,Mujer,1664.06
6776,Hombre,11899.3
6777,Mujer,10524.69
6778,Mujer,8058.16
6779,Hombre,11908.46
6780,Hombre,7461.33
6781,Mujer,12008.69
6782,Mujer,6639.55
6783,Mujer,6860.39
6784,Mujer,5404.83
6785,Mujer,9680.03
6786,Mujer,4704.61
6787,Mujer,10993.94
6788,Hombre,3105.33
6789,Hombre,3254.88
6790,Hombre,11293.42
6791,Mujer,6201.55
6792,Mujer,4557.49
6793,Mujer,10605.26
6794,Mujer,3867.32
6795,Hombre,7299.09
6796,Mujer,12896.53
6797,Hombre,15126.14
6798,Hombre,15275.79
6799,Hombre,6930.43
6800,Hombre,13738.16
6801,Mujer,2329.71
6802,Hombre,4118.94
6803,Hombre,1000.0
6804,Hombre,15727.91
6805,Mujer,2712.09
6806,Hombre,7630.6
6807,Mujer,2503.54
6808,Hombre,11328.24
6809,Hombre,6509.65
6810,Hombre,2328.32
6811,Hombre,10187.48
6812,Hombre,1748.21
6813,Hombre,4431.67
6814,Mujer,1000.0
6815,Hombre,1792.19
6816,Mujer,7403.38
6817,Mujer,1000.0
6818,Mujer,1000.0
6819,Hombre,8189.34
6820,Hombre,5753.77
6821,Mujer,15564.16
6822,Mujer,14852.53
6823,Mujer,2694.35
6824,Mujer,9107.12
6825,Mujer,9971.77
6826,Mujer,3911.35
6827,Mujer,1000.0
6828,Mujer,6544.66
6829,Mujer,5822.19
6830,Hombre,6239.06
6831,Mujer,8590.43
6832,Mujer,3221.72
6833,Hombre,3016.01
6834,Hombre,8690.87
6835,Mujer,8336.87
6836,Hombre,2905.1
6837,Hombre,12376.41
6838,Mujer,1000.0
6839,Hombre,5598.49
6840,Hombre,7038.96
6841,Hombre,5336.99
6842,Hombre,5657.23
6843,Mujer,15019.84
6844,Hombre,4371.02
6845,Hombre,19185.5
6846,Mujer,8567.07
6847,Mujer,7014.25
6848,Hombre,10343.08
6849,Hombre,19584.67
6850,Hombre,3728.83
6851,Mujer,1558.12
6852,Hombre,4803.1
6853,Hombre,8344.64
6854,Hombre,1000.0
6855,Hombre,8300.53
6856,Hombre,15820.96
6857,Hombre,8881.33
6858,Mujer,5282.92
6859,Hombre,5418.28
6860,Hombre,12243.3
6861,Mujer,2883.75
6862,Hombre,16508.78
6863,Mujer,15300.12
6864,Mujer,7755.38
6865,Mujer,6548.18
6866,Hombre,12837.97
6867,Hombre,13126.59
6868,Mujer,2973.04
6869,Hombre,5830.5
6870,Hombre,2249.44
6871,Mujer,8440.79
6872,Mujer,9599.83
6873,Mujer,1000.0
6874,Mujer,4551.6
6875,Hombre,2137.36
6876,Hombre,4155.4
6877,Mujer,9079.58
6878,Mujer,3299.33
6879,Mujer,5246.28
6880,Hombre,1000.0
6881,Hombre,9041.46
6882,Hombre,8000.77
6883,Hombre,4919.68
6884,Mujer,5749.44
6885,Hombre,9011.33
6886,Mujer,2933.09
6887,Hombre,1556.82
6888,Hombre,16325.08
6889,Mujer,3750.27
6890,Hombre,7764.58
6891,Hombre,12748.78
6892,Mujer,22480.75
6893,Hombre,2599.81
6894,Mujer,8624.22
6895,Hombre,5016.01
6896,Hombre,5775.44
6897,Hombre,4959.05
6898,Hombre,3134.55
6899,Mujer,6414.19
6900,Hombre,1564.74
6901,Mujer,10860.63
6902,Hombre,8447.51
6903,Mujer,8500.96
6904,Hombre,6102.15
6905,Hombre,6547.58
6906,Mujer,7894.04
6907,Hombre,2961.77
6908,Hombre,6589.04
6909,Hombre,4331.74
6910,Mujer,2592.44
6911,Mujer,1000.0
6912,Hombre,14226.97
6913,Hombre,5110.58
6914,Hombre,13435.19
6915,Hombre,13009.57
6916,Mujer,1000.0
6917,Mujer,1702.15
6918,Hombre,19722.26
6919,Hombre,16079.17
6920,Mujer,6458.17
6921,Hombre,9358.18
6922,Hombre,5361.19
6923,Mujer,8545.59
6924,Mujer,3372.68
6925,Mujer,1000.0
6926,Mujer,1000.0
6927,Hombre,8294.92
6928,Mujer,1510.2
6929,Mujer,6297.25
6930,Mujer,1764.03
6931,Hombre,4679.41
6932,Hombre,12039.24
6933,Hombre,9313.66
6934,Mujer,6556.51
6935,Mujer,10555.34
6936,Hombre,10362.74
6937,Mujer,13109.53
6938,Mujer,4530.63
6939,Hombre,6266.64
6940,Hombre,2345.01
6941,Hombre,6269.59
6942,Mujer,10941.46
6943,Mujer,12449.94
6944,Hombre,12521.37
6945,Hombre,1000.0
6946,Hombre,13074.15
6947,Mujer,1000.0
6948,Mujer,10641.53
6949,Mujer,4944.97
6950,Mujer,9761.4
6951,Mujer,1000.0
6952,Hombre,13470.25
6953,Hombre,1607.61
6954,Hombre,5191.95
6955,Hombre,3708.57
6956,Hombre,1000.0
6957,Mujer,7025.37
6958,Mujer,14727.4
6959,Hombre,20201.07
6960,Mujer,7037.2
6961,Hombre,13225.07
6962,Hombre,9244.43
6963,Mujer,8844.97
6964,Hombre,6660.33
6965,Mujer,7477.85
6966,Hombre,10618.65
6967,Hombre,5596.93
6968,Mujer,6251.28
6969,Mujer,6337.06
6970,Hombre,11918.81
6971,Mujer,1802.86
6972,Mujer,6368.06
6973,Mujer,15204.02
6974,Hombre,13438.27
6975,Hombre,14271.31
6976,Hombre,8309.94
6977,Mujer,8044.49
6978,Hombre,12710.06
6979,Hombre,15221.15
6980,Mujer,1000.0
6981,Hombre,2280.51
6982,Hombre,14092.5
6983,Mujer,5354.0
6984,Hombre,5177.26
6985,Mujer,1000.0
6986,Mujer,4102.42
6987,Mujer,1000.0
6988,Mujer,16009.92
6989,Mujer,6499.04
6990,Mujer,6339.22
6991,Hombre,10846.35
6992,Mujer,10930.55
6993,Hombre,12456.5
6994,Hombre,13031.3
6995,Mujer,3761.2
6996,Mujer,5259.6
6997,Mujer,10060.64
6998,Mujer,4226.75
6999,Hombre,8177.02
7000,Hombre,9994.44
7001,Hombre,11733.33
7002,Mujer,1000.0
7003,Mujer,9816.36
7004,Hombre,7148.24
7005,Hombre,11383.56
7006,Mujer,10096.19
7007,Mujer,13835.62
7008,Hombre,14290.54
7009,Hombre,14259.57
7010,Mujer,13096.52
7011,Hombre,9511.21
7012,Hombre,8344.83
7013,Hombre,12127.68
7014,Hombre,11494.36
7015,Mujer,5209.2
7016,Hombre,10021.71
7017,Hombre,8042.07
7018,Hombre,4357.3
7019,Hombre,14007.07
7020,Hombre,8448.4
7021,Hombre,17419.19
7022,Mujer,1000.0
7023,Hombre,5694.5
7024,Mujer,6746.87
7025,Mujer,11718.21
7026,Hombre,9997.61
7027,Hombre,9597.13
7028,Mujer,1527.31
7029,Hombre,2993.76
7030,Mujer,8051.27
7031,Mujer,1000.0
7032,Hombre,5806.55
7033,Hombre,10454.13
7034,Hombre,3779.54
7035,Mujer,13824.1
7036,Mujer,12107.71
7037,Hombre,1128.61
7038,Mujer,2404.33
7039,Mujer,1000.0
7040,Hombre,4678.34
7041,Hombre,11648.75
7042,Mujer,4737.47
7043,Hombre,10273.59
7044,Hombre,1349.5
7045,Hombre,11790.89
7046,Mujer,4102.01
7047,Hombre,8254.76
7048,Hombre,7782.06
7049,Mujer,1000.0
7050,Hombre,3011.12
7051,Mujer,10955.08
7052,Hombre,9995.46
7053,Mujer,11325.22
7054,Mujer,8060.96
7055,Hombre,8843.46
7056,Mujer,1000.0
7057,Hombre,6983.35
7058,Hombre,8076.77
7059,Hombre,16988.98
7060,Mujer,9691.3
7061,Hombre,15112.28
7062,Mujer,9288.92
7063,Mujer,3399.14
7064,Mujer,7127.06
7065,Mujer,7663.01
7066,Hombre,3973.8
7067,Mujer,4870.26
7068,Mujer,5674.05
7069,Mujer,13825.29
7070,Hombre,1000.0
7071,Hombre,13626.18
7072,Hombre,3984.42
7073,Hombre,2025.64
7074,Mujer,11909.74
7075,Hombre,11493.54
7076,Mujer,12245.33
7077,Mujer,10203.16
7078,Hombre,17469.3
7079,Hombre,10714.26
7080,Hombre,7495.85
7081,Hombre,9743.17
7082,Mujer,12195.61
7083,Mujer,3092.81
7084,Mujer,3666.5
7085,Mujer,5209.68
7086,Mujer,1000.0
7087,Mujer,7221.35
7088,Mujer,1000.0
7089,Mujer,6838.77
7090,Mujer,10493.8
7091,Mujer,4454.06
7092,Hombre,15747.02
7093,Mujer,1000.0
7094,Hombre,13560.67
7095,Mujer,9638.12
7096,Mujer,1000.0
7097,Hombre,20398.57
7098,Mujer,6313.15
7099,Hombre,4251.32
7100,Hombre,1868.11
7101,Mujer,5609.92
7102,Hombre,7626.67
7103,Mujer,7061.9
7104,Hombre,6859.92
7105,Hombre,11049.51
7106,Mujer,4855.67
7107,Hombre,1000.0
7108,Mujer,5927.87
7109,Mujer,1000.0
7110,Hombre,9791.97
7111,Mujer,2193.15
7112,Mujer,7335.12
7113,Hombre,14113.34
7114,Hombre,3930.63
7115,Mujer,11375.65
7116,Hombre,6249.75
7117,Hombre,16089.38
7118,Hombre,6556.81
7119,Mujer,2817.78
7120,Hombre,11292.57
7121,Hombre,6238.95
7122,Hombre,4413.48
7123,Hombre,6049.72
7124,Hombre,7999.27
7125,Hombre,14239.81
7126,Hombre,1000.0
7127,Hombre,8303.86
7128,Hombre,11012.07
7129,Hombre,9070.52
7130,Hombre,14094.39
7131,Mujer,6265.45
7132,Hombre,7369.52
7133,Hombre,10865.48
7134,Hombre,8646.91
7135,Hombre,6443.16
7136,Hombre,10522.65
7137,Hombre,5263.62
7138,Hombre,5449.7
7139,Hombre,5824.03
7140,Mujer,12688.81
7141,Hombre,1000.0
7142,Hombre,9980.19
7143,Mujer,6754.22
7144,Mujer,1000.0
7145,Hombre,9593.77
7146,Mujer,8740.88
7147,Hombre,10853.38
7148,Hombre,1000.0
7149,Hombre,14348.75
7150,Hombre,4880.18
7151,Hombre,11289.55
7152,Hombre,11534.83
7153,Hombre,4254.86
7154,Hombre,11172.07
7155,Mujer,4865.28
7156,Hombre,1000.0
7157,Mujer,11854.84
7158,Mujer,3112.3
7159,Hombre,4354.78
7160,Mujer,4786.2
7161,Mujer,7825.07
7162,Hombre,7942.28
7163,Hombre,10666.3
7164,Hombre,2172.3
7165,Mujer,3259.26
7166,Hombre,7678.01
7167,Mujer,15140.49
7168,Hombre,7687.84
7169,Mujer,11483.5
7170,Mujer,6773.5
7171,Hombre,6023.54
7172,Hombre,7089.74
7173,Mujer,5842.11
7174,Hombre,10916.41
7175,Hombre,14385.75
7176,Hombre,9818.56
7177,Mujer,11941.85
7178,Hombre,3858.45
7179,Mujer,4734.16
7180,Hombre,4940.64
7181,Mujer,8015.0
7182,Hombre,6584.69
7183,Mujer,9883.98
7184,Mujer,2410.49
7185,Hombre,8393.64
7186,Hombre,11290.86
7187,Mujer,1000.0
7188,Mujer,16147.34
7189,Hombre,6925.82
7190,Hombre,1000.0
7191,Mujer,7311.42
7192,Mujer,6750.5
7193,Hombre,7831.48
7194,Hombre,12660.36
7195,Hombre,11563.5
7196,Hombre,9540.44
7197,Mujer,8625.7
7198,Hombre,7730.39
7199,Hombre,16189.71
7200,Mujer,1000.0
7201,Mujer,7228.43
7202,Hombre,8492.61
7203,Mujer,10259.76
7204,Hombre,4402.66
7205,Hombre,1000.0
7206,Mujer,7305.7
7207,Hombre,9465.54
7208,Hombre,14903.2
7209,Mujer,1000.0
7210,Hombre,13396.12
7211,Hombre,18853.36
7212,Mujer,4900.06
7213,Hombre,2390.76
7214,Mujer,4768.62
7215,Mujer,6663.02
7216,Hombre,10737.05
7217,Hombre,5538.72
7218,Mujer,13598.39
7219,Mujer,1584.6
7220,Hombre,1000.0
7221,Mujer,11580.2
7222,Mujer,1000.0
7223,Mujer,5681.42
7224,Hombre,22229.57
7225,Mujer,6545.8
7226,Mujer,1556.55
7227,Hombre,7941.71
7228,Hombre,7971.4
7229,Mujer,7322.92
7230,Mujer,9580.18
7231,Mujer,1924.0
7232,Hombre,15793.97
7233,Mujer,7703.01
7234,Mujer,9870.57
7235,Hombre,5373.33
7236,Hombre,13988.72
7237,Mujer,5443.26
7238,Mujer,7848.99
7239,Hombre,4001.02
7240,Hombre,3713.81
7241,Mujer,9696.92
7242,Hombre,6203.77
7243,Hombre,4357.8
7244,Hombre,5305.67
7245,Hombre,11345.29
7246,Mujer,3769.33
7247,Hombre,7670.55
7248,Hombre,8267.62
7249,Mujer,1000.0
7250,Hombre,1579.93
7251,Mujer,8113.25
7252,Hombre,4883.37
7253,Hombre,12955.26
7254,Hombre,12550.63
7255,Hombre,11436.26
7256,Mujer,14788.97
7257,Mujer,6226.1
7258,Hombre,11119.97
7259,Hombre,5570.2
7260,Mujer,17635.66
7261,Hombre,17126.35
7262,Mujer,6653.46
7263,Mujer,8339.64
7264,Hombre,14316.84
7265,Mujer,5937.87
7266,Mujer,3645.19
7267,Mujer,10532.95
7268,Mujer,6952.98
7269,Mujer,7423.48
7270,Hombre,4445.78
7271,Hombre,1000.0
7272,Hombre,9262.64
7273,Hombre,12272.33
7274,Mujer,5583.87
7275,Hombre,14663.93
7276,Hombre,5032.38
7277,Mujer,1853.83
7278,Hombre,7897.46
7279,Mujer,6228.33
7280,Mujer,10064.86
7281,Mujer,3112.67
7282,Hombre,14356.42
7283,Hombre,17051.13
7284,Mujer,6423.85
7285,Hombre,13823.7
7286,Mujer,1845.76
7287,Mujer,11438.5
7288,Mujer,11312.74
7289,Hombre,12085.47
7290,Mujer,6529.97
7291,Hombre,1000.0
7292,Mujer,3712.23
7293,Hombre,5383.38
7294,Mujer,2197.85
7295,Hombre,8750.09
7296,Hombre,6314.66
7297,Mujer,2889.25
7298,Mujer,1835.4
7299,Hombre,4980.19
7300,Hombre,13246.75
7301,Hombre,5225.39
7302,Hombre,5882.78
7303,Hombre,6144.86
7304,Hombre,9725.47
7305,Hombre,10253.12
7306,Mujer,1000.0
7307,Hombre,12797.36
7308,Mujer,13063.66
7309,Mujer,1874.16
7310,Hombre,3824.66
7311,Hombre,6173.86
7312,Hombre,4797.98
7313,Hombre,9207.67
7314,Hombre,1000.0
7315,Mujer,1569.33
7316,Hombre,15126.39
7317,Hombre,4023.01
7318,Mujer,12195.43
7319,Mujer,8199.02
7320,Mujer,1000.0
7321,Hombre,11058.98
7322,Hombre,7670.5
7323,Hombre,6150.4
7324,Hombre,9302.31
7325,Hombre,10335.85
7326,Hombre,11384.16
7327,Hombre,13502.14
7328,Mujer,8436.61
7329,Mujer,1000.0
7330,Mujer,4468.6
7331,Mujer,19843.72
7332,Mujer,9860.21
7333,Mujer,17261.79
7334,Mujer,12879.45
7335,Hombre,9288.11
7336,Hombre,9556.33
7337,Hombre,8035.39
7338,Hombre,1000.0
7339,Mujer,6681.21
7340,Hombre,13648.04
7341,Hombre,5501.62
7342,Mujer,8453.79
7343,Hombre,12032.16
7344,Hombre,4106.44
7345,Mujer,4569.14
7346,Hombre,3619.4
7347,Mujer,2900.25
7348,Mujer,1000.0
7349,Hombre,4147.98
7350,Hombre,14587.55
7351,Hombre,4080.35
7352,Mujer,7169.07
7353,Hombre,5937.09
7354,Mujer,11904.9
7355,Mujer,12500.23
7356,Hombre,12088.31
7357,Hombre,9577.61
7358,Mujer,5560.23
7359,Mujer,1236.56
7360,Mujer,15345.88
7361,Hombre,4781.47
7362,Mujer,9586.41
7363,Mujer,11368.05
7364,Hombre,5701.24
7365,Hombre,12871.06
7366,Hombre,11638.96
7367,Hombre,15975.84
7368,Mujer,4487.94
7369,Hombre,2413.61
7370,Mujer,4325.3
7371,Hombre,9139.84
7372,Mujer,6861.96
7373,Mujer,4829.53
7374,Hombre,1000.0
7375,Hombre,10317.17
7376,Mujer,15475.55
7377,Hombre,10289.13
7378,Hombre,10941.11
7379,Mujer,9176.0
7380,Hombre,9986.71
7381,Hombre,12392.5
7382,Hombre,9979.18
7383,Mujer,5192.95
7384,Mujer,3018.05
7385,Hombre,7079.62
7386,Mujer,8013.58
7387,Mujer,5177.63
7388,Hombre,9614.52
7389,Hombre,10176.18
7390,Hombre,11949.31
7391,Hombre,13972.58
7392,Hombre,8551.03
7393,Mujer,1000.0
7394,Mujer,5047.03
7395,Hombre,8398.28
7396,Hombre,1000.0
7397,Mujer,12848.99
7398,Mujer,7240.7
7399,Hombre,9916.09
7400,Hombre,14344.87
7401,Hombre,5364.36
7402,Mujer,9183.19
7403,Mujer,6105.61
7404,Hombre,7371.61
7405,Mujer,3125.13
7406,Mujer,14095.21
7407,Mujer,4910.25
7408,Mujer,9747.59
7409,Hombre,1000.0
7410,Mujer,11909.95
7411,Mujer,11334.95
7412,Mujer,7038.45
7413,Hombre,7178.76
7414,Hombre,10000.0
7415,Hombre,18499.56
7416,Mujer,1000.0
7417,Hombre,11719.12
7418,Hombre,4097.72
7419,Hombre,8110.37
7420,Hombre,7084.54
7421,Hombre,6272.57
7422,Mujer,6552.91
7423,Hombre,3096.23
7424,Mujer,11231.31
7425,Mujer,1000.0
7426,Hombre,10628.94
7427,Mujer,5130.59
7428,Hombre,2930.84
7429,Hombre,9110.73
7430,Mujer,1000.0
7431,Hombre,8378.71
7432,Hombre,1797.05
7433,Hombre,10275.72
7434,Hombre,4040.39
7435,Hombre,6170.53
7436,Hombre,9522.77
7437,Mujer,3123.56
7438,Mujer,6339.16
7439,Hombre,1387.76
7440,Hombre,11038.94
7441,Hombre,16142.11
7442,Hombre,20764.94
7443,Mujer,7010.26
7444,Mujer,10146.92
7445,Hombre,1000.0
7446,Mujer,13362.3
7447,Hombre,11693.03
7448,Hombre,6022.3
7449,Mujer,12167.31
7450,Mujer,5454.86
7451,Hombre,6138.89
7452,Mujer,8739.01
7453,Hombre,3414.9
7454,Mujer,11197.31
7455,Hombre,3448.05
7456,Mujer,1874.75
7457,Hombre,4106.4
7458,Hombre,11617.75
7459,Mujer,3824.51
7460,Mujer,1000.0
7461,Mujer,3874.44
7462,Mujer,6455.81
7463,Mujer,1285.62
7464,Mujer,1417.44
7465,Mujer,16100.83
7466,Hombre,4327.46
7467,Hombre,6746.31
7468,Mujer,4947.43
7469,Mujer,4703.89
7470,Hombre,10996.06
7471,Hombre,12466.64
7472,Hombre,6823.21
7473,Mujer,1035.85
7474,Mujer,12334.98
7475,Hombre,7770.97
7476,Hombre,15986.45
7477,Mujer,1000.0
7478,Hombre,9079.31
7479,Hombre,16833.73
7480,Mujer,5010.31
7481,Hombre,7185.28
7482,Hombre,9529.8
7483,Mujer,4085.42
7484,Mujer,5195.68
7485,Mujer,5079.83
7486,Mujer,3776.61
7487,Mujer,12129.85
7488,Hombre,10274.85
7489,Hombre,9327.83
7490,Hombre,11838.57
7491,Mujer,5410.4
7492,Hombre,4716.08
7493,Hombre,5488.19
7494,Mujer,6608.02
7495,Mujer,1833.55
7496,Hombre,5948.83
7497,Hombre,5877.48
7498,Hombre,17760.5
7499,Hombre,1000.0
7500,Hombre,7391.71
7501,Mujer,14365.62
7502,Mujer,7148.3
7503,Hombre,11590.38
7504,Hombre,8649.22
7505,Hombre,5197.0
7506,Mujer,1000.0
7507,Mujer,7524.55
7508,Hombre,4709.77
7509,Hombre,4598.49
7510,Hombre,5954.56
7511,Mujer,14451.88
7512,Hombre,19021.77
7513,Hombre,9177.44
7514,Mujer,4508.55
7515,Mujer,1302.48
7516,Mujer,8708.43
7517,Hombre,16223.08
7518,Mujer,5486.97
7519,Hombre,1000.0
7520,Hombre,11215.22
7521,Hombre,12634.3
7522,Hombre,1063.69
7523,Mujer,7394.18
7524,Hombre,10230.52
7525,Mujer,6271.02
7526,Hombre,4641.53
7527,Hombre,12771.72
7528,Hombre,6384.79
7529,Mujer,1000.0
7530,Hombre,1000.0
7531,Hombre,13873.82
7532,Hombre,10974.99
7533,Hombre,8595.88
7534,Mujer,4618.76
7535,Hombre,5819.51
7536,Hombre,3359.19
7537,Mujer,4658.45
7538,Hombre,1000.0
7539,Mujer,3287.71
7540,Mujer,5200.78
7541,Mujer,9344.46
7542,Hombre,8020.33
7543,Hombre,11777.15
7544,Hombre,14271.11
7545,Hombre,12961.77
7546,Hombre,10317.29
7547,Hombre,8253.38
7548,Hombre,3786.45
7549,Mujer,9929.75
7550,Mujer,14158.86
7551,Hombre,9739.48
7552,Mujer,15227.67
7553,Mujer,1000.0
7554,Mujer,1406.26
7555,Mujer,10448.41
7556,Mujer,7789.31
7557,Mujer,12512.02
7558,Hombre,8130.38
7559,Hombre,4294.11
7560,Mujer,5638.83
7561,Mujer,1000.0
7562,Hombre,3121.34
7563,Hombre,12576.0
7564,Mujer,10527.54
7565,Mujer,8233.52
7566,Hombre,1000.0
7567,Hombre,6587.18
7568,Mujer,1087.5
7569,Hombre,13494.4
7570,Hombre,5573.25
7571,Hombre,3314.14
7572,Mujer,6734.08
7573,Hombre,5319.3
7574,Hombre,14876.85
7575,Mujer,3293.35
7576,Mujer,1000.0
7577,Mujer,1000.0
7578,Hombre,8061.46
7579,Mujer,4071.31
7580,Hombre,1769.93
7581,Hombre,13551.52
7582,Mujer,9602.6
7583,Mujer,6473.02
7584,Hombre,14339.47
7585,Hombre,11181.41
7586,Mujer,2897.15
7587,Hombre,3523.51
7588,Mujer,10280.92
7589,Hombre,9983.65
7590,Mujer,7363.86
7591,Hombre,4390.76
7592,Mujer,9335.76
7593,Mujer,3200.26
7594,Hombre,7741.06
7595,Hombre,14711.25
7596,Mujer,3626.25
7597,Hombre,1121.55
7598,Mujer,1863.54
7599,Hombre,12674.34
7600,Hombre,9346.29
7601,Hombre,7620.05
7602,Mujer,4309.08
7603,Mujer,8784.12
7604,Hombre,4379.03
7605,Mujer,7975.5
7606,Hombre,4909.35
7607,Mujer,2560.53
7608,Mujer,3731.31
7609,Mujer,4910.67
7610,Mujer,6380.27
7611,Mujer,7659.55
7612,Hombre,1000.0
7613,Hombre,4565.57
7614,Hombre,6437.94
7615,Hombre,14972.78
7616,Hombre,3339.99
7617,Mujer,7332.58
7618,Hombre,14927.64
7619,Mujer,1000.0
7620,Hombre,9972.89
7621,Hombre,4589.78
7622,Mujer,4329.15
7623,Hombre,4586.0
7624,Mujer,3306.64
7625,Hombre,20448.6
7626,Hombre,12000.05
7627,Hombre,13157.82
7628,Mujer,8813.97
7629,Hombre,1000.0
7630,Hombre,9977.31
7631,Mujer,11428.18
7632,Hombre,4359.7
7633,Hombre,12543.97
7634,Hombre,11369.51
7635,Hombre,16534.18
7636,Mujer,4719.98
7637,Hombre,3260.75
7638,Hombre,6572.67
7639,Hombre,14660.07
7640,Hombre,1000.0
7641,Hombre,1000.0
7642,Hombre,8602.28
7643,Mujer,4608.35
7644,Mujer,6634.78
7645,Hombre,12453.9
7646,Hombre,5713.44
7647,Hombre,1000.0
7648,Mujer,15800.17
7649,Hombre,3712.47
7650,Mujer,1834.33
7651,Mujer,11566.74
7652,Mujer,4869.8
7653,Hombre,7914.75
7654,Mujer,8772.56
7655,Hombre,13076.12
7656,Hombre,6699.43
7657,Hombre,15039.78
7658,Hombre,1000.0
7659,Hombre,11619.04
7660,Mujer,2822.13
7661,Hombre,14375.22
7662,Mujer,7239.2
7663,Mujer,3571.93
7664,Hombre,11182.78
7665,Mujer,10619.35
7666,Mujer,9488.52
7667,Hombre,3566.37
7668,Mujer,4421.92
7669,Hombre,8181.67
7670,Mujer,6414.33
7671,Mujer,9973.85
7672,Hombre,1000.0
7673,Mujer,8104.47
7674,Mujer,5295.08
7675,Hombre,4426.75
7676,Hombre,4858.81
7677,Mujer,5634.58
7678,Mujer,1000.0
7679,Hombre,5044.2
7680,Mujer,2658.83
7681,Hombre,10597.52
7682,Mujer,2975.13
7683,Hombre,7231.99
7684,Mujer,13540.24
7685,Hombre,12674.58
7686,Mujer,10660.22
7687,Hombre,5950.57
7688,Mujer,9043.65
7689,Hombre,7147.46
7690,Mujer,5717.58
7691,Mujer,8443.58
7692,Mujer,3913.53
7693,Hombre,14918.51
7694,Hombre,7479.41
7695,Mujer,9382.62
7696,Mujer,13150.2
7697,Mujer,11242.44
7698,Hombre,1859.86
7699,Hombre,10202.03
7700,Mujer,10428.24
7701,Hombre,12213.38
7702,Hombre,3190.17
7703,Hombre,5243.34
7704,Hombre,12675.51
7705,Hombre,4772.08
7706,Hombre,6851.37
7707,Mujer,13691.44
7708,Mujer,6384.9
7709,Hombre,4929.52
7710,Mujer,2650.72
7711,Mujer,8097.24
7712,Hombre,2200.83
7713,Hombre,7086.99
7714,Hombre,9699.54
7715,Mujer,12446.17
7716,Hombre,11203.97
7717,Mujer,3386.71
7718,Hombre,13502.89
7719,Hombre,6852.18
7720,Hombre,2639.34
7721,Hombre,7425.81
7722,Mujer,13071.76
7723,Hombre,8943.58
7724,Mujer,6656.35
7725,Mujer,13967.45
7726,Hombre,1758.9
7727,Hombre,2414.8
7728,Hombre,1000.0
7729,Hombre,9876.92
7730,Hombre,8949.22
7731,Hombre,15142.31
7732,Hombre,9295.64
7733,Mujer,4781.29
7734,Mujer,6608.08
7735,Hombre,8729.68
7736,Hombre,1000.0
7737,Hombre,20396.49
7738,Hombre,10539.42
7739,Mujer,7545.04
7740,Hombre,10968.24
7741,Mujer,9792.35
7742,Mujer,5967.51
7743,Mujer,3759.41
7744,Mujer,9297.53
7745,Mujer,8335.7
7746,Mujer,2955.49
7747,Hombre,14585.66
7748,Hombre,9520.08
7749,Hombre,11484.19
7750,Hombre,14463.64
7751,Mujer,6698.5
7752,Mujer,8026.28
7753,Mujer,10245.12
7754,Hombre,4938.13
7755,Hombre,8443.23
7756,Hombre,8764.97
7757,Hombre,3897.74
7758,Mujer,17029.37
7759,Hombre,1867.18
7760,Hombre,2358.53
7761,Mujer,12514.02
7762,Hombre,11409.7
7763,Mujer,1983.16
7764,Mujer,9332.8
7765,Mujer,13205.33
7766,Hombre,8063.82
7767,Hombre,19894.7
7768,Hombre,1000.0
7769,Hombre,11322.21
7770,Hombre,13449.38
7771,Mujer,10611.05
7772,Hombre,7280.4
7773,Hombre,6893.01
7774,Hombre,10198.65
7775,Mujer,10270.9
7776,Hombre,10911.13
7777,Hombre,12880.26
7778,Hombre,3615.09
7779,Hombre,7175.03
7780,Hombre,3969.93
7781,Hombre,6462.49
7782,Hombre,12768.49
7783,Hombre,8685.93
7784,Hombre,19930.87
7785,Mujer,7470.33
7786,Mujer,6868.61
7787,Hombre,8677.82
7788,Hombre,5329.86
7789,Hombre,7939.74
7790,Hombre,13275.05
7791,Mujer,7112.87
7792,Mujer,3029.43
7793,Hombre,4037.12
7794,Hombre,6174.09
7795,Mujer,6932.39
7796,Mujer,11971.14
7797,Hombre,2167.8
7798,Mujer,5160.78
7799,Mujer,7249.4
7800,Mujer,1000.0
7801,Mujer,2848.81
7802,Mujer,3540.5
7803,Mujer,3018.13
7804,Mujer,7463.5
7805,Hombre,7477.48
7806,Mujer,4101.21
7807,Mujer,8525.83
7808,Hombre,15953.84
7809,Mujer,13976.65
7810,Hombre,1000.0
7811,Hombre,10796.82
7812,Mujer,5798.9
7813,Mujer,7298.2
7814,Hombre,6407.73
7815,Mujer,7129.15
7816,Hombre,8881.33
7817,Mujer,3994.72
7818,Mujer,2566.35
7819,Hombre,6180.87
7820,Mujer,7654.17
7821,Mujer,9295.48
7822,Hombre,12040.07
7823,Mujer,4376.14
7824,Mujer,7877.3
7825,Mujer,10931.26
7826,Hombre,13445.18
7827,Hombre,7935.25
7828,Hombre,7205.81
7829,Hombre,9060.06
7830,Hombre,3026.32
7831,Hombre,7328.76
7832,Mujer,9950.64
7833,Mujer,9488.76
7834,Mujer,5383.8
7835,Mujer,7579.73
7836,Hombre,4489.07
7837,Hombre,11365.71
7838,Mujer,6249.8
7839,Mujer,5358.22
7840,Hombre,6572.24
7841,Mujer,6316.98
7842,Mujer,4584.55
7843,Hombre,11161.64
7844,Hombre,6421.22
7845,Mujer,13768.34
7846,Hombre,14793.45
7847,Hombre,4188.05
7848,Hombre,8513.67
7849,Mujer,3672.05
7850,Mujer,5130.09
7851,Hombre,17210.92
7852,Mujer,5215.93
7853,Mujer,8221.02
7854,Mujer,9035.95
7855,Hombre,3697.17
7856,Hombre,4352.07
7857,Hombre,2772.9
7858,Hombre,4213.13
7859,Mujer,1000.0
7860,Hombre,10650.62
7861,Hombre,17443.87
7862,Mujer,7265.19
7863,Hombre,1826.79
7864,Hombre,5307.51
7865,Hombre,6135.05
7866,Mujer,2020.87
7867,Mujer,10470.82
7868,Mujer,10246.17
7869,Hombre,3000.47
7870,Hombre,11462.86
7871,Mujer,13470.66
7872,Hombre,16761.51
7873,Mujer,19493.45
7874,Hombre,4141.03
7875,Hombre,20908.99
7876,Hombre,6606.07
7877,Hombre,5533.91
7878,Hombre,9671.83
7879,Mujer,3980.72
7880,Hombre,9995.7
7881,Mujer,1000.0
7882,Hombre,7125.61
7883,Mujer,12385.12
7884,Hombre,7943.22
7885,Hombre,8837.18
7886,Hombre,10338.66
7887,Hombre,13467.98
7888,Mujer,1000.0
7889,Mujer,9230.36
7890,Mujer,5393.37
7891,Mujer,7349.87
7892,Hombre,12969.78
7893,Hombre,2826.16
7894,Mujer,2043.1
7895,Mujer,1000.0
7896,Mujer,4128.78
7897,Mujer,12586.95
7898,Hombre,7657.36
7899,Mujer,1000.0
7900,Hombre,6014.45
7901,Hombre,1504.62
7902,Hombre,3136.66
7903,Hombre,9949.69
7904,Mujer,1317.57
7905,Hombre,13206.85
7906,Hombre,7879.96
7907,Hombre,8585.18
7908,Hombre,6947.32
7909,Hombre,11677.82
7910,Hombre,11724.22
7911,Hombre,9707.74
7912,Mujer,9141.55
7913,Hombre,7245.6
7914,Mujer,9039.91
7915,Mujer,5079.55
7916,Mujer,6610.04
7917,Hombre,6964.1
7918,Hombre,6142.52
7919,Mujer,3499.0
7920,Mujer,8704.61
7921,Hombre,14097.73
7922,Hombre,13469.96
7923,Mujer,1000.0
7924,Hombre,14001.41
7925,Mujer,5168.29
7926,Hombre,10903.3
7927,Hombre,4122.03
7928,Hombre,8838.91
7929,Mujer,8011.75
7930,Mujer,1000.0
7931,Hombre,10937.2
7932,Hombre,14256.71
7933,Mujer,5814.08
7934,Mujer,12720.76
7935,Mujer,5746.38
7936,Mujer,10423.13
7937,Mujer,1000.0
7938,Hombre,19084.5
7939,Hombre,14929.56
7940,Mujer,5319.19
7941,Mujer,1000.0
7942,Mujer,7896.13
7943,Mujer,1000.0
7944,Mujer,8601.84
7945,Hombre,10052.05
7946,Hombre,3963.69
7947,Mujer,11644.35
7948,Hombre,11825.09
7949,Mujer,10991.21
7950,Mujer,6639.86
7951,Mujer,1000.0
7952,Hombre,12600.43
7953,Mujer,5383.33
7954,Mujer,1000.0
7955,Mujer,12684.18
7956,Hombre,17647.33
7957,Mujer,6414.38
7958,Mujer,16316.05
7959,Hombre,8610.92
7960,Hombre,6487.95
7961,Hombre,5362.94
7962,Mujer,13966.87
7963,Hombre,4689.35
7964,Hombre,11508.71
7965,Mujer,4083.76
7966,Mujer,4528.62
7967,Hombre,12836.12
7968,Hombre,6489.83
7969,Hombre,6378.42
7970,Mujer,11697.62
7971,Mujer,13788.29
7972,Hombre,11101.1
7973,Mujer,3653.54
7974,Mujer,4302.26
7975,Hombre,8559.62
7976,Hombre,9644.19
7977,Mujer,2154.6
7978,Mujer,9853.67
7979,Hombre,8584.81
7980,Hombre,1000.0
7981,Mujer,2419.83
7982,Mujer,4331.42
7983,Hombre,7872.14
7984,Hombre,16701.75
7985,Mujer,7671.77
7986,Hombre,4416.53
7987,Mujer,7592.84
7988,Mujer,5015.61
7989,Hombre,9661.41
7990,Hombre,10812.55
7991,Mujer,12041.54
7992,Hombre,8090.71
7993,Hombre,15575.32
7994,Mujer,10686.1
7995,Hombre,5016.52
7996,Mujer,16544.35
7997,Hombre,9671.48
7998,Hombre,4441.94
7999,Hombre,15638.11
8000,Mujer,15950.0
8001,Hombre,8051.39
8002,Mujer,4333.57
8003,Hombre,7424.31
8004,Mujer,9816.29
8005,Mujer,12350.35
8006,Mujer,9167.19
8007,Hombre,8657.75
8008,Hombre,14941.05
8009,Hombre,6792.24
8010,Hombre,12839.14
8011,Hombre,6903.72
8012,Mujer,8539.6
8013,Hombre,7688.97
8014,Mujer,6348.67
8015,Hombre,6501.76
8016,Hombre,14251.84
8017,Mujer,3301.83
8018,Hombre,4868.95
8019,Mujer,16144.47
8020,Mujer,11000.31
8021,Hombre,1000.0
8022,Hombre,5656.34
8023,Hombre,1000.0
8024,Mujer,2321.89
8025,Mujer,1000.0
8026,Mujer,5983.55
8027,Mujer,1461.26
8028,Hombre,8469.57
8029,Hombre,1000.0
8030,Hombre,8573.1
8031,Hombre,6332.88
8032,Mujer,13358.79
8033,Mujer,12951.11
8034,Mujer,10134.06
8035,Mujer,5130.24
8036,Mujer,15534.21
8037,Hombre,1211.34
8038,Hombre,1883.99
8039,Hombre,7822.98
8040,Hombre,18343.17
8041,Hombre,7289.47
8042,Hombre,7375.4
8043,Mujer,1000.0
8044,Mujer,10856.68
8045,Mujer,10889.29
8046,Hombre,11750.84
8047,Mujer,3768.51
8048,Mujer,3419.82
8049,Hombre,2380.95
8050,Mujer,6977.43
8051,Mujer,1738.17
8052,Hombre,2901.63
8053,Mujer,4693.39
8054,Mujer,4398.8
8055,Hombre,5779.1
8056,Hombre,10299.0
8057,Hombre,8555.72
8058,Mujer,5303.3
8059,Mujer,7423.56
8060,Mujer,2138.13
8061,Hombre,8673.75
8062,Hombre,8877.71
8063,Hombre,1436.29
8064,Mujer,11080.62
8065,Hombre,4233.55
8066,Hombre,8606.39
8067,Mujer,11839.85
8068,Hombre,12365.55
8069,Mujer,6754.5
8070,Hombre,6568.75
8071,Hombre,12463.8
8072,Mujer,9636.13
8073,Mujer,3817.36
8074,Mujer,3022.98
8075,Mujer,1000.0
8076,Mujer,7293.14
8077,Mujer,6227.86
8078,Hombre,13312.86
8079,Hombre,9815.75
8080,Hombre,14204.03
8081,Hombre,5061.86
8082,Mujer,11721.68
8083,Mujer,4219.88
8084,Hombre,11699.18
8085,Hombre,1635.59
8086,Mujer,7658.11
8087,Hombre,1000.0
8088,Mujer,5397.88
8089,Hombre,10181.59
8090,Mujer,4255.64
8091,Hombre,3473.03
8092,Hombre,12007.53
8093,Hombre,7734.42
8094,Mujer,4396.93
8095,Hombre,8388.53
8096,Hombre,20065.01
8097,Mujer,11790.76
8098,Mujer,11831.58
8099,Hombre,10159.96
8100,Hombre,8949.18
8101,Mujer,1000.0
8102,Hombre,5144.59
8103,Mujer,4437.42
8104,Mujer,1000.0
8105,Mujer,1391.63
8106,Hombre,1000.0
8107,Hombre,8027.54
8108,Hombre,11884.45
8109,Mujer,11580.49
8110,Hombre,10066.53
8111,Hombre,3864.72
8112,Hombre,1000.0
8113,Mujer,1000.0
8114,Hombre,2489.58
8115,Mujer,2600.13
8116,Mujer,5881.13
8117,Mujer,2036.26
8118,Mujer,8125.39
8119,Mujer,5554.77
8120,Mujer,6647.46
8121,Hombre,13331.13
8122,Mujer,1288.96
8123,Mujer,8484.17
8124,Hombre,8137.12
8125,Mujer,5099.31
8126,Mujer,10583.65
8127,Mujer,10555.56
8128,Mujer,2340.79
8129,Hombre,7380.28
8130,Hombre,9465.45
8131,Hombre,6971.47
8132,Hombre,10832.6
8133,Mujer,7865.36
8134,Mujer,14846.53
8135,Mujer,1000.0
8136,Hombre,7649.04
8137,Hombre,4111.74
8138,Mujer,9318.48
8139,Mujer,1000.0
8140,Mujer,8158.41
8141,Hombre,5364.78
8142,Hombre,4896.27
8143,Hombre,1690.76
8144,Mujer,4507.16
8145,Mujer,11480.25
8146,Hombre,8086.65
8147,Hombre,11024.56
8148,Mujer,14090.89
8149,Mujer,7786.9
8150,Hombre,5685.4
8151,Mujer,8702.63
8152,Hombre,5750.67
8153,Hombre,5930.1
8154,Hombre,1360.48
8155,Hombre,12368.16
8156,Hombre,6462.99
8157,Mujer,7419.44
8158,Mujer,1938.17
8159,Hombre,10161.76
8160,Hombre,4771.26
8161,Mujer,5962.31
8162,Hombre,12150.22
8163,Mujer,10158.42
8164,Mujer,6500.86
8165,Mujer,1000.0
8166,Mujer,20067.65
8167,Hombre,16056.37
8168,Mujer,9852.04
8169,Hombre,4810.58
8170,Mujer,6088.84
8171,Mujer,4154.61
8172,Hombre,13887.35
8173,Mujer,7781.26
8174,Hombre,4671.26
8175,Mujer,4481.6
8176,Hombre,13245.35
8177,Mujer,13800.44
8178,Hombre,15077.49
8179,Mujer,10006.64
8180,Hombre,7063.19
8181,Mujer,1000.0
8182,Mujer,7937.22
8183,Mujer,6591.77
8184,Hombre,8829.92
8185,Mujer,6842.54
8186,Hombre,2231.82
8187,Hombre,10708.34
8188,Hombre,11044.97
8189,Mujer,9670.52
8190,Mujer,10859.6
8191,Mujer,9318.23
8192,Mujer,4754.87
8193,Hombre,7881.23
8194,Hombre,8610.06
8195,Mujer,7084.65
8196,Mujer,11091.98
8197,Mujer,9496.51
8198,Hombre,17548.05
8199,Hombre,18129.11
8200,Hombre,8558.42
8201,Mujer,1000.0
8202,Hombre,13765.75
8203,Mujer,4168.31
8204,Hombre,4593.32
8205,Hombre,6407.0
8206,Mujer,4590.11
8207,Mujer,9355.21
8208,Mujer,1000.0
8209,Mujer,1750.26
8210,Mujer,8144.21
8211,Hombre,11003.25
8212,Hombre,11086.94
8213,Hombre,4658.34
8214,Mujer,2197.8
8215,Hombre,5920.14
8216,Hombre,9279.43
8217,Hombre,14884.65
8218,Mujer,1000.0
8219,Mujer,5606.72
8220,Hombre,2202.95
8221,Mujer,1000.0
8222,Mujer,10951.3
8223,Mujer,9050.81
8224,Mujer,8622.45
8225,Hombre,12344.62
8226,Mujer,4441.26
8227,Hombre,6253.13
8228,Mujer,16435.79
8229,Mujer,5490.43
8230,Hombre,11508.09
8231,Mujer,6628.72
8232,Hombre,1000.0
8233,Hombre,1000.0
8234,Mujer,3994.57
8235,Mujer,11352.46
8236,Mujer,10147.31
8237,Mujer,10713.35
8238,Mujer,2158.29
8239,Hombre,15471.43
8240,Hombre,3857.98
8241,Hombre,9157.71
8242,Hombre,8153.41
8243,Mujer,5817.57
8244,Mujer,12623.66
8245,Mujer,3427.0
8246,Hombre,2126.78
8247,Mujer,6689.98
8248,Mujer,4800.78
8249,Mujer,21798.22
8250,Mujer,9644.28
8251,Mujer,4757.97
8252,Mujer,1847.5
8253,Hombre,1000.0
8254,Mujer,1986.51
8255,Hombre,8717.24
8256,Hombre,14622.98
8257,Hombre,13247.6
8258,Hombre,9230.93
8259,Mujer,5145.75
8260,Hombre,9409.66
8261,Hombre,5866.13
8262,Mujer,14332.64
8263,Mujer,5748.64
8264,Hombre,7811.48
8265,Mujer,1000.0
8266,Mujer,5720.54
8267,Hombre,11964.18
8268,Hombre,3395.25
8269,Mujer,3221.76
8270,Hombre,11767.2
8271,Mujer,1000.0
8272,Hombre,12960.1
8273,Hombre,5805.35
8274,Mujer,4851.44
8275,Mujer,1542.55
8276,Hombre,9901.21
8277,Mujer,17669.42
8278,Hombre,11716.74
8279,Mujer,2710.72
8280,Hombre,13310.29
8281,Mujer,5174.94
8282,Hombre,14385.18
8283,Hombre,11830.04
8284,Mujer,1000.0
8285,Mujer,2081.64
8286,Mujer,10849.73
8287,Hombre,8882.46
8288,Mujer,1993.1
8289,Mujer,3748.85
8290,Mujer,1000.0
8291,Hombre,7802.32
8292,Mujer,16548.1
8293,Hombre,11822.2
8294,Mujer,16456.88
8295,Mujer,10570.79
8296,Hombre,12823.66
8297,Hombre,17083.35
8298,Hombre,9897.68
8299,Hombre,7357.48
8300,Mujer,11246.96
8301,Mujer,13142.28
8302,Hombre,6040.16
8303,Mujer,3352.94
8304,Hombre,8824.85
8305,Hombre,11941.74
8306,Hombre,11791.41
8307,Hombre,1791.25
8308,Mujer,15202.23
8309,Hombre,5314.76
8310,Hombre,7007.21
8311,Mujer,2538.06
8312,Hombre,20342.48
8313,Mujer,7689.32
8314,Mujer,2770.61
8315,Hombre,12087.66
8316,Mujer,10061.11
8317,Mujer,5755.23
8318,Hombre,11982.73
8319,Mujer,2886.19
8320,Hombre,5981.87
8321,Hombre,1000.0
8322,Hombre,2242.22
8323,Hombre,16334.34
8324,Mujer,13986.43
8325,Hombre,8496.05
8326,Hombre,15683.19
8327,Hombre,7479.66
8328,Mujer,5504.65
8329,Mujer,6854.3
8330,Mujer,6037.85
8331,Hombre,7231.62
8332,Hombre,13345.29
8333,Hombre,8875.61
8334,Mujer,9806.17
8335,Hombre,12841.21
8336,Hombre,9946.84
8337,Hombre,3833.78
8338,Mujer,1000.0
8339,Hombre,8869.51
8340,Hombre,7429.35
8341,Hombre,8593.26
8342,Hombre,8127.76
8343,Mujer,18226.08
8344,Hombre,2213.98
8345,Hombre,1000.0
8346,Mujer,8095.7
8347,Mujer,4906.1
8348,Mujer,8022.31
8349,Hombre,10827.47
8350,Hombre,13978.47
8351,Mujer,1000.0
8352,Mujer,4094.77
8353,Mujer,8529.43
8354,Hombre,11667.09
8355,Hombre,18070.52
8356,Mujer,10900.67
8357,Hombre,7944.45
8358,Hombre,4193.04
8359,Mujer,4060.7
8360,Hombre,5532.84
8361,Hombre,11148.55
8362,Hombre,9356.49
8363,Hombre,2243.58
8364,Hombre,6238.44
8365,Mujer,10548.96
8366,Hombre,9782.48
8367,Hombre,10758.9
8368,Hombre,9923.15
8369,Mujer,13918.94
8370,Hombre,9262.19
8371,Hombre,6462.9
8372,Hombre,4079.1
8373,Mujer,7723.24
8374,Hombre,1000.0
8375,Hombre,7370.7
8376,Mujer,5673.72
8377,Hombre,2059.88
8378,Mujer,2422.8
8379,Hombre,11843.46
8380,Mujer,7638.2
8381,Hombre,8658.05
8382,Hombre,9578.56
8383,Mujer,7016.82
8384,Mujer,12192.88
8385,Mujer,7155.43
8386,Mujer,1000.0
8387,Mujer,13935.58
8388,Hombre,9866.53
8389,Mujer,3948.36
8390,Hombre,2559.69
8391,Hombre,9981.61
8392,Mujer,6072.73
8393,Mujer,13683.66
8394,Hombre,6643.42
8395,Mujer,2831.79
8396,Mujer,10631.08
8397,Hombre,12363.77
8398,Hombre,8958.93
8399,Hombre,11243.61
8400,Hombre,8030.41
8401,Hombre,9252.39
8402,Hombre,13442.46
8403,Hombre,11013.93
8404,Mujer,5838.27
8405,Hombre,14285.63
8406,Mujer,1000.0
8407,Mujer,15834.33
8408,Mujer,1000.0
8409,Hombre,5378.08
8410,Mujer,6415.87
8411,Mujer,5940.84
8412,Hombre,12728.85
8413,Mujer,1839.74
8414,Mujer,7773.45
8415,Hombre,5598.05
8416,Hombre,9528.13
8417,Hombre,7908.52
8418,Mujer,7018.21
8419,Mujer,4125.34
8420,Mujer,4304.71
8421,Hombre,9492.73
8422,Mujer,10846.72
8423,Mujer,3907.74
8424,Hombre,4290.55
8425,Hombre,10960.57
8426,Hombre,8053.73
8427,Hombre,11937.24
8428,Mujer,2523.91
8429,Mujer,1000.0
8430,Hombre,5801.48
8431,Hombre,4751.41
8432,Mujer,6245.45
8433,Mujer,3734.2
8434,Hombre,11534.58
8435,Mujer,5303.32
8436,Mujer,7277.14
8437,Hombre,8909.36
8438,Hombre,9077.3
8439,Mujer,6491.42
8440,Hombre,10497.7
8441,Hombre,4619.55
8442,Mujer,12897.38
8443,Mujer,5535.58
8444,Mujer,1000.0
8445,Hombre,9046.33
8446,Mujer,2769.69
8447,Mujer,9594.01
8448,Mujer,16543.23
8449,Mujer,3060.43
8450,Mujer,8095.68
8451,Mujer,1000.0
8452,Hombre,10242.57
8453,Mujer,2614.29
8454,Mujer,3788.24
8455,Mujer,1644.21
8456,Mujer,9894.68
8457,Hombre,12732.87
8458,Mujer,6705.23
8459,Mujer,2710.08
8460,Mujer,13752.85
8461,Mujer,3223.15
8462,Mujer,1000.0
8463,Hombre,10262.75
8464,Hombre,3228.51
8465,Hombre,12648.74
8466,Mujer,4884.88
8467,Hombre,10916.71
8468,Mujer,12906.75
8469,Hombre,2760.14
8470,Hombre,5653.28
8471,Hombre,7859.48
8472,Hombre,15118.98
8473,Mujer,3637.28
8474,Hombre,5524.73
8475,Hombre,10351.63
8476,Mujer,4002.47
8477,Hombre,8886.37
8478,Hombre,1218.08
8479,Hombre,18164.48
8480,Hombre,2135.31
8481,Mujer,5152.11
8482,Mujer,6453.84
8483,Hombre,16807.1
8484,Hombre,2238.19
8485,Mujer,15526.67
8486,Mujer,10007.3
8487,Mujer,8476.93
8488,Hombre,3769.15
8489,Hombre,10770.14
8490,Mujer,3344.31
8491,Hombre,13899.98
8492,Hombre,3830.22
8493,Mujer,6090.79
8494,Hombre,5701.27
8495,Hombre,3756.15
8496,Hombre,11535.94
8497,Mujer,9009.56
8498,Hombre,13640.55
8499,Hombre,1000.0
8500,Hombre,12988.77
8501,Hombre,19474.52
8502,Hombre,6167.62
8503,Hombre,16728.17
8504,Hombre,7015.77
8505,Hombre,2024.16
8506,Hombre,6824.65
8507,Hombre,12916.92
8508,Mujer,2828.21
8509,Hombre,5498.48
8510,Hombre,10870.93
8511,Hombre,8213.77
8512,Hombre,10830.8
8513,Hombre,9270.23
8514,Mujer,8758.31
8515,Hombre,6254.64
8516,Hombre,9242.79
8517,Mujer,2426.82
8518,Hombre,13997.95
8519,Hombre,5345.76
8520,Hombre,13279.81
8521,Hombre,7148.77
8522,Mujer,7509.0
8523,Hombre,5972.66
8524,Hombre,3628.02
8525,Hombre,1000.0
8526,Hombre,3451.04
8527,Mujer,5142.41
8528,Mujer,7553.46
8529,Hombre,12746.71
8530,Hombre,6194.09
8531,Hombre,4231.18
8532,Mujer,1000.0
8533,Hombre,10360.29
8534,Hombre,14424.38
8535,Mujer,12298.49
8536,Mujer,9794.7
8537,Mujer,9473.44
8538,Hombre,15839.31
8539,Mujer,8094.37
8540,Mujer,9507.58
8541,Hombre,6756.47
8542,Mujer,1000.0
8543,Mujer,3522.68
8544,Hombre,8158.78
8545,Hombre,8473.53
8546,Hombre,16868.29
8547,Hombre,8565.75
8548,Hombre,13504.8
8549,Hombre,6242.15
8550,Mujer,5197.46
8551,Hombre,2219.47
8552,Mujer,3259.52
8553,Hombre,10571.42
8554,Mujer,6634.02
8555,Mujer,10843.22
8556,Hombre,9015.64
8557,Hombre,6613.96
8558,Hombre,17867.34
8559,Mujer,6177.43
8560,Hombre,13433.5
8561,Hombre,6394.56
8562,Hombre,11393.2
8563,Hombre,12376.07
8564,Mujer,7538.21
8565,Mujer,1000.0
8566,Mujer,6682.14
8567,Hombre,13737.07
8568,Mujer,8973.66
8569,Hombre,10206.27
8570,Mujer,1000.0
8571,Mujer,3357.95
8572,Mujer,8451.11
8573,Hombre,10046.72
8574,Hombre,13666.0
8575,Mujer,5948.1
8576,Mujer,8426.21
8577,Mujer,6673.68
8578,Hombre,3758.76
8579,Hombre,1000.0
8580,Hombre,10139.54
8581,Mujer,7382.76
8582,Mujer,3818.21
8583,Hombre,1000.0
8584,Mujer,9433.83
8585,Hombre,7003.36
8586,Hombre,10705.94
8587,Hombre,16588.22
8588,Hombre,1000.0
8589,Mujer,3451.8
8590,Hombre,7257.81
8591,Hombre,14746.72
8592,Hombre,1000.0
8593,Hombre,16911.37
8594,Mujer,7211.35
8595,Hombre,7768.0
8596,Hombre,7308.73
8597,Hombre,6236.82
8598,Hombre,12916.53
8599,Hombre,3391.66
8600,Hombre,9754.36
8601,Hombre,6471.18
8602,Hombre,4770.4
8603,Hombre,19836.89
8604,Mujer,8485.73
8605,Hombre,10959.69
8606,Hombre,13320.0
8607,Mujer,1000.0
8608,Hombre,16085.31
8609,Hombre,1000.0
8610,Mujer,3140.55
8611,Hombre,6134.36
8612,Hombre,10817.76
8613,Hombre,9184.23
8614,Hombre,7449.33
8615,Mujer,6546.01
8616,Mujer,2198.9
8617,Hombre,1462.45
8618,Mujer,9869.3
8619,Hombre,11321.68
8620,Mujer,13730.22
8621,Hombre,4644.92
8622,Hombre,11317.67
8623,Mujer,5323.32
8624,Hombre,13557.14
8625,Hombre,12798.83
8626,Mujer,7550.44
8627,Hombre,6672.11
8628,Mujer,10924.19
8629,Hombre,11111.07
8630,Mujer,3520.02
8631,Mujer,1000.0
8632,Mujer,5301.6
8633,Hombre,15019.36
8634,Mujer,11759.19
8635,Mujer,1594.53
8636,Hombre,2945.09
8637,Hombre,13936.08
8638,Hombre,3089.64
8639,Mujer,8891.83
8640,Mujer,3827.68
8641,Hombre,15476.7
8642,Mujer,3133.09
8643,Hombre,13345.13
8644,Hombre,9031.86
8645,Mujer,7734.88
8646,Hombre,1000.0
8647,Mujer,1000.0
8648,Mujer,5607.45
8649,Mujer,7711.08
8650,Mujer,1536.61
8651,Mujer,1700.88
8652,Hombre,10726.63
8653,Mujer,9132.85
8654,Mujer,5980.17
8655,Hombre,11710.91
8656,Hombre,2916.09
8657,Mujer,4998.29
8658,Hombre,15615.45
8659,Hombre,8507.45
8660,Mujer,7168.41
8661,Mujer,16976.76
8662,Hombre,1902.96
8663,Hombre,11783.94
8664,Mujer,14087.94
8665,Mujer,5138.14
8666,Mujer,10468.34
8667,Mujer,2180.91
8668,Hombre,5109.7
8669,Mujer,8332.35
8670,Mujer,10193.55
8671,Mujer,11644.21
8672,Hombre,15263.33
8673,Mujer,6296.49
8674,Hombre,13571.25
8675,Mujer,5059.63
8676,Hombre,12259.41
8677,Hombre,9133.7
8678,Hombre,10205.55
8679,Hombre,10105.79
8680,Hombre,1000.0
8681,Mujer,1541.45
8682,Mujer,7061.44
8683,Mujer,1000.0
8684,Hombre,11940.45
8685,Mujer,10522.0
8686,Hombre,9672.27
8687,Hombre,3154.9
8688,Hombre,14410.63
8689,Mujer,15767.45
8690,Mujer,7261.85
8691,Hombre,10497.41
8692,Hombre,9107.82
8693,Hombre,10586.66
8694,Hombre,7661.99
8695,Hombre,8044.46
8696,Mujer,10675.73
8697,Mujer,17155.31
8698,Hombre,1899.68
8699,Mujer,6132.84
8700,Mujer,1287.93
8701,Hombre,15364.11
8702,Mujer,3955.18
8703,Hombre,1705.6
8704,Hombre,11071.84
8705,Hombre,16049.4
8706,Mujer,9586.19
8707,Hombre,9121.59
8708,Hombre,10041.13
8709,Mujer,12966.78
8710,Hombre,4266.1
8711,Mujer,6096.69
8712,Hombre,6162.89
8713,Mujer,1344.61
8714,Hombre,6722.31
8715,Hombre,13184.74
8716,Mujer,9149.71
8717,Mujer,9499.4
8718,Hombre,8859.14
8719,Mujer,8954.96
8720,Hombre,4597.34
8721,Mujer,5207.21
8722,Hombre,9064.02
8723,Mujer,7848.82
8724,Mujer,8040.85
8725,Mujer,5977.49
8726,Hombre,6501.59
8727,Mujer,20809.97
8728,Hombre,12280.54
8729,Mujer,8459.16
8730,Mujer,5550.56
8731,Mujer,4569.52
8732,Mujer,6011.4
8733,Mujer,7917.73
8734,Hombre,1000.0
8735,Hombre,1137.75
8736,Mujer,3734.03
8737,Mujer,7532.13
8738,Mujer,5523.27
8739,Hombre,14851.55
8740,Hombre,1529.21
8741,Mujer,3218.95
8742,Hombre,15040.41
8743,Mujer,7190.04
8744,Hombre,12181.79
8745,Hombre,17430.61
8746,Hombre,5077.88
8747,Mujer,6153.09
8748,Hombre,6974.08
8749,Hombre,1000.0
8750,Mujer,5203.21
8751,Mujer,10564.78
8752,Hombre,10632.65
8753,Hombre,10985.87
8754,Hombre,6510.21
8755,Hombre,5247.56
8756,Mujer,12311.65
8757,Hombre,5962.07
8758,Hombre,9523.37
8759,Hombre,8935.01
8760,Mujer,13177.73
8761,Mujer,10971.36
8762,Hombre,2371.34
8763,Hombre,2856.01
8764,Mujer,9205.09
8765,Mujer,6310.48
8766,Mujer,4551.73
8767,Hombre,12770.33
8768,Hombre,9043.57
8769,Mujer,6836.06
8770,Mujer,10109.23
8771,Mujer,4912.01
8772,Hombre,15258.34
8773,Hombre,4653.79
8774,Hombre,11156.18
8775,Hombre,14652.25
8776,Mujer,1000.0
8777,Hombre,6654.99
8778,Mujer,11739.93
8779,Mujer,11807.6
8780,Hombre,7428.27
8781,Mujer,3293.98
8782,Hombre,12501.71
8783,Mujer,11925.97
8784,Hombre,2959.01
8785,Hombre,2782.39
8786,Mujer,7613.66
8787,Hombre,11032.12
8788,Hombre,6854.19
8789,Hombre,11256.82
8790,Hombre,5004.39
8791,Hombre,1000.0
8792,Mujer,4692.45
8793,Mujer,6884.54
8794,Hombre,6958.72
8795,Mujer,1386.29
8796,Hombre,1000.0
8797,Hombre,5886.6
8798,Hombre,12239.45
8799,Mujer,12252.89
8800,Hombre,13544.71
8801,Mujer,2928.41
8802,Hombre,3008.32
8803,Hombre,10434.86
8804,Hombre,11057.95
8805,Mujer,8400.76
8806,Hombre,1000.0
8807,Mujer,2699.02
8808,Hombre,8066.4
8809,Mujer,8792.48
8810,Mujer,10052.88
8811,Hombre,8849.14
8812,Hombre,9688.53
8813,Hombre,8581.89
8814,Hombre,11285.29
8815,Mujer,8007.9
8816,Hombre,8495.82
8817,Mujer,5392.34
8818,Hombre,8565.81
8819,Mujer,8780.66
8820,Mujer,7803.64
8821,Mujer,8313.72
8822,Mujer,12642.25
8823,Hombre,9393.24
8824,Hombre,5279.51
8825,Mujer,10576.23
8826,Mujer,1000.0
8827,Hombre,3333.64
8828,Mujer,8111.31
8829,Hombre,10523.79
8830,Mujer,1000.0
8831,Hombre,6477.32
8832,Hombre,5472.62
8833,Mujer,4409.96
8834,Mujer,10846.19
8835,Mujer,9779.27
8836,Mujer,6513.95
8837,Mujer,4143.17
8838,Hombre,2126.58
8839,Hombre,14590.83
8840,Mujer,9264.51
8841,Hombre,5019.99
8842,Mujer,9838.2
8843,Hombre,7883.99
8844,Hombre,6908.01
8845,Mujer,8558.45
8846,Mujer,3263.26
8847,Hombre,6653.1
8848,Hombre,8746.57
8849,Mujer,4352.47
8850,Mujer,9610.88
8851,Hombre,16610.8
8852,Hombre,4805.66
8853,Mujer,1000.0
8854,Hombre,1000.0
8855,Hombre,7522.89
8856,Hombre,5215.76
8857,Hombre,9135.37
8858,Mujer,7196.69
8859,Hombre,1000.0
8860,Mujer,1000.0
8861,Hombre,9531.7
8862,Mujer,7209.43
8863,Mujer,4683.82
8864,Hombre,1000.0
8865,Hombre,10321.26
8866,Hombre,13923.55
8867,Hombre,9450.92
8868,Hombre,4386.37
8869,Mujer,6800.48
8870,Hombre,2052.49
8871,Mujer,11360.82
8872,Hombre,8568.3
8873,Mujer,1000.0
8874,Mujer,5246.97
8875,Mujer,8684.86
8876,Mujer,5101.29
8877,Hombre,6958.47
8878,Hombre,2690.19
8879,Mujer,9149.43
8880,Hombre,5281.89
8881,Mujer,1000.0
8882,Mujer,4929.34
8883,Mujer,11015.17
8884,Hombre,6458.82
8885,Hombre,16020.93
8886,Mujer,8530.36
8887,Mujer,8124.41
8888,Mujer,6022.21
8889,Hombre,7892.71
8890,Hombre,7014.59
8891,Mujer,5239.79
8892,Mujer,8988.9
8893,Mujer,2388.76
8894,Hombre,3358.48
8895,Mujer,1545.62
8896,Hombre,17405.45
8897,Hombre,10586.54
8898,Mujer,7970.21
8899,Mujer,1841.18
8900,Hombre,11005.04
8901,Hombre,7675.43
8902,Mujer,7563.76
8903,Hombre,3805.21
8904,Mujer,7321.21
8905,Mujer,4692.75
8906,Hombre,4754.75
8907,Mujer,9903.48
8908,Mujer,1000.0
8909,Hombre,10741.49
8910,Hombre,11280.19
8911,Hombre,4241.6
8912,Hombre,4508.52
8913,Mujer,5596.38
8914,Mujer,7869.16
8915,Hombre,7512.15
8916,Hombre,10151.03
8917,Mujer,14533.41
8918,Mujer,4315.27
8919,Mujer,1000.0
8920,Hombre,11916.66
8921,Hombre,15774.92
8922,Hombre,9967.46
8923,Mujer,1705.13
8924,Mujer,6042.48
8925,Hombre,3166.64
8926,Hombre,11092.85
8927,Mujer,1000.0
8928,Hombre,6849.42
8929,Mujer,2080.48
8930,Hombre,8770.71
8931,Hombre,6551.46
8932,Mujer,7395.43
8933,Mujer,6700.58
8934,Mujer,2160.03
8935,Mujer,9420.95
8936,Mujer,6380.55
8937,Mujer,2151.62
8938,Hombre,18284.17
8939,Mujer,8743.94
8940,Hombre,7510.33
8941,Hombre,14568.42
8942,Mujer,14888.17
8943,Hombre,7545.93
8944,Mujer,8163.29
8945,Hombre,3753.99
8946,Hombre,7537.63
8947,Mujer,5704.22
8948,Hombre,9031.72
8949,Hombre,9697.42
8950,Mujer,9119.23
8951,Mujer,7669.39
8952,Mujer,1151.66
8953,Mujer,2376.9
8954,Hombre,5741.17
8955,Hombre,6929.92
8956,Mujer,11328.48
8957,Mujer,1366.77
8958,Hombre,6591.63
8959,Mujer,10888.54
8960,Mujer,5250.55
8961,Hombre,10271.87
8962,Hombre,7572.06
8963,Hombre,9355.52
8964,Mujer,5571.87
8965,Mujer,9601.79
8966,Hombre,1247.25
8967,Hombre,6565.1
8968,Hombre,9534.58
8969,Hombre,10601.63
8970,Mujer,13318.29
8971,Mujer,4840.39
8972,Hombre,14857.67
8973,Mujer,3634.39
8974,Mujer,12578.91
8975,Hombre,11878.6
8976,Hombre,4089.44
8977,Mujer,7981.68
8978,Mujer,6369.44
8979,Mujer,9415.13
8980,Mujer,5595.28
8981,Hombre,6817.39
8982,Hombre,14360.93
8983,Mujer,6155.76
8984,Hombre,11918.9
8985,Hombre,7185.92
8986,Hombre,15699.98
8987,Hombre,5147.49
8988,Hombre,5436.35
8989,Mujer,13460.33
8990,Mujer,4597.74
8991,Mujer,13804.83
8992,Mujer,10613.28
8993,Hombre,7504.08
8994,Hombre,1000.0
8995,Mujer,6513.07
8996,Hombre,8657.34
8997,Mujer,11852.48
8998,Hombre,15348.01
8999,Mujer,3517.56
9000,Hombre,11805.32
9001,Mujer,10044.31
9002,Mujer,11430.36
9003,Hombre,10444.1
9004,Hombre,1000.0
9005,Hombre,7500.6
9006,Mujer,1399.32
9007,Hombre,7288.27
9008,Mujer,11010.02
9009,Mujer,7973.18
9010,Mujer,11766.41
9011,Mujer,8137.89
9012,Mujer,1000.0
9013,Hombre,1000.0
9014,Mujer,7269.64
9015,Hombre,7237.33
9016,Mujer,2203.74
9017,Mujer,1000.0
9018,Mujer,3293.66
9019,Hombre,7324.79
9020,Mujer,9596.45
9021,Hombre,9048.84
9022,Hombre,15436.3
9023,Mujer,1939.78
9024,Hombre,12164.77
9025,Mujer,6812.84
9026,Mujer,9726.01
9027,Hombre,6235.68
9028,Hombre,13022.56
9029,Mujer,7928.51
9030,Hombre,5142.5
9031,Hombre,8145.89
9032,Mujer,5522.0
9033,Hombre,10401.3
9034,Mujer,1291.0
9035,Hombre,8067.92
9036,Mujer,8378.88
9037,Hombre,8348.6
9038,Mujer,12661.24
9039,Mujer,10083.1
9040,Hombre,8166.34
9041,Hombre,9175.1
9042,Hombre,9530.49
9043,Mujer,8414.85
9044,Hombre,1000.0
9045,Hombre,6843.13
9046,Hombre,1520.02
9047,Hombre,13952.26
9048,Hombre,7926.18
9049,Mujer,5729.97
9050,Hombre,12235.59
9051,Hombre,10100.46
9052,Hombre,3121.14
9053,Mujer,6280.93
9054,Mujer,5091.75
9055,Hombre,1000.0
9056,Hombre,5093.76
9057,Mujer,5774.07
9058,Hombre,7682.72
9059,Mujer,1000.0
9060,Hombre,13382.5
9061,Mujer,6140.54
9062,Mujer,6768.99
9063,Hombre,10002.89
9064,Hombre,4653.66
9065,Mujer,8653.6
9066,Mujer,4948.16
9067,Hombre,4165.37
9068,Mujer,9180.51
9069,Hombre,14912.53
9070,Hombre,11461.73
9071,Mujer,10753.4
9072,Mujer,4257.16
9073,Mujer,1000.0
9074,Mujer,13305.62
9075,Mujer,15845.32
9076,Hombre,15142.63
9077,Mujer,5088.96
9078,Hombre,3004.15
9079,Mujer,1804.43
9080,Hombre,1000.0
9081,Hombre,7716.8
9082,Hombre,15425.55
9083,Hombre,7562.52
9084,Hombre,9560.45
9085,Hombre,14390.19
9086,Hombre,6381.57
9087,Hombre,17359.89
9088,Mujer,15564.42
9089,Mujer,6010.0
9090,Hombre,5601.1
9091,Hombre,11337.57
9092,Mujer,5036.14
9093,Mujer,1395.5
9094,Mujer,12365.57
9095,Mujer,12074.01
9096,Hombre,8899.8
9097,Hombre,2517.11
9098,Hombre,2667.13
9099,Mujer,7082.53
9100,Hombre,5950.58
9101,Mujer,5065.08
9102,Hombre,12798.83
9103,Hombre,11499.31
9104,Hombre,14401.64
9105,Hombre,3742.2
9106,Hombre,6655.64
9107,Mujer,10015.42
9108,Hombre,10216.35
9109,Hombre,15095.71
9110,Mujer,8492.42
9111,Hombre,16516.49
9112,Mujer,9030.08
9113,Hombre,12979.75
9114,Hombre,6744.18
9115,Hombre,8264.29
9116,Hombre,12299.25
9117,Mujer,13858.4
9118,Mujer,9881.57
9119,Mujer,6225.73
9120,Hombre,14398.01
9121,Mujer,1000.0
9122,Hombre,1799.94
9123,Hombre,11267.35
9124,Hombre,8263.49
9125,Hombre,10924.81
9126,Mujer,6889.83
9127,Mujer,9169.26
9128,Hombre,4535.19
9129,Mujer,9167.19
9130,Hombre,12674.87
9131,Mujer,12092.48
9132,Hombre,17260.99
9133,Mujer,7698.44
9134,Hombre,9432.6
9135,Mujer,1000.0
9136,Hombre,5808.65
9137,Hombre,7331.13
9138,Hombre,12926.44
9139,Hombre,5450.49
9140,Mujer,10183.53
9141,Hombre,8192.7
9142,Mujer,5802.74
9143,Hombre,9320.02
9144,Mujer,4839.8
9145,Hombre,6269.33
9146,Hombre,1000.0
9147,Mujer,5484.21
9148,Mujer,4440.14
9149,Hombre,5878.09
9150,Mujer,8475.93
9151,Mujer,9563.84
9152,Hombre,9244.88
9153,Mujer,11079.37
9154,Mujer,9190.03
9155,Mujer,5272.25
9156,Mujer,4517.15
9157,Hombre,9607.7
9158,Hombre,10781.95
9159,Hombre,14490.3
9160,Hombre,13560.28
9161,Mujer,4163.37
9162,Hombre,7740.97
9163,Mujer,9619.58
9164,Hombre,13005.99
9165,Hombre,12425.36
9166,Hombre,7912.55
9167,Hombre,2556.9
9168,Mujer,2104.79
9169,Hombre,9426.85
9170,Hombre,9740.02
9171,Mujer,1655.94
9172,Hombre,8400.56
9173,Hombre,11040.51
9174,Mujer,1419.48
9175,Hombre,13172.49
9176,Hombre,6501.11
9177,Hombre,13859.26
9178,Hombre,5799.46
9179,Hombre,3580.19
9180,Mujer,4538.38
9181,Mujer,6171.83
9182,Mujer,4851.84
9183,Hombre,7227.99
9184,Mujer,8102.84
9185,Hombre,7429.69
9186,Mujer,6302.49
9187,Hombre,1000.0
9188,Mujer,8362.64
9189,Mujer,6198.59
9190,Mujer,13846.32
9191,Hombre,3971.96
9192,Hombre,1000.0
9193,Hombre,10981.31
9194,Hombre,9759.37
9195,Hombre,3662.05
9196,Mujer,1000.0
9197,Hombre,15118.29
9198,Hombre,14563.5
9199,Hombre,1000.0
9200,Hombre,6138.0
9201,Mujer,14088.86
9202,Hombre,6057.72
9203,Hombre,5992.24
9204,Mujer,5327.58
9205,Mujer,1555.96
9206,Hombre,1000.0
9207,Hombre,12936.46
9208,Mujer,1000.0
9209,Mujer,7712.72
9210,Mujer,10589.61
9211,Mujer,1000.0
9212,Mujer,2440.79
9213,Hombre,13659.31
9214,Mujer,8998.01
9215,Mujer,3822.21
9216,Hombre,13610.12
9217,Hombre,13629.41
9218,Mujer,7810.74
9219,Mujer,2549.28
9220,Hombre,6339.48
9221,Hombre,9488.74
9222,Mujer,5751.32
9223,Hombre,12425.31
9224,Hombre,1316.02
9225,Hombre,1475.81
9226,Hombre,9013.92
9227,Hombre,5988.05
9228,Hombre,5378.28
9229,Hombre,1000.0
9230,Hombre,8287.96
9231,Hombre,7962.6
9232,Mujer,9540.66
9233,Mujer,6910.08
9234,Hombre,7603.28
9235,Mujer,11896.5
9236,Mujer,1000.0
9237,Mujer,9013.75
9238,Hombre,1000.0
9239,Hombre,4427.37
9240,Hombre,2743.04
9241,Hombre,11718.74
9242,Mujer,6305.65
9243,Hombre,8139.24
9244,Mujer,1619.7
9245,Mujer,5251.38
9246,Hombre,4764.41
9247,Hombre,9925.55
9248,Mujer,2140.09
9249,Hombre,14184.07
9250,Hombre,1000.0
9251,Hombre,4570.66
9252,Hombre,15747.4
9253,Mujer,4641.88
9254,Mujer,1000.0
9255,Mujer,7585.82
9256,Hombre,6060.73
9257,Mujer,2838.58
9258,Mujer,1668.58
9259,Hombre,20657.68
9260,Mujer,5468.02
9261,Hombre,1000.0
9262,Mujer,13321.69
9263,Mujer,9349.82
9264,Mujer,3150.9
9265,Mujer,2400.96
9266,Hombre,11230.63
9267,Mujer,5488.87
9268,Mujer,1000.0
9269,Hombre,16242.58
9270,Mujer,4647.04
9271,Hombre,14930.07
9272,Hombre,13952.96
9273,Hombre,3695.46
9274,Mujer,11249.35
9275,Hombre,5268.51
9276,Mujer,1000.0
9277,Mujer,4689.31
9278,Mujer,8389.37
9279,Mujer,4517.69
9280,Hombre,6818.28
9281,Mujer,11746.05
9282,Mujer,7079.22
9283,Hombre,4405.16
9284,Hombre,11359.14
9285,Hombre,9089.54
9286,Mujer,1000.0
9287,Mujer,8527.59
9288,Hombre,9963.23
9289,Mujer,6690.55
9290,Mujer,10612.65
9291,Hombre,5174.23
9292,Hombre,9714.25
9293,Mujer,1000.0
9294,Hombre,10031.91
9295,Hombre,16988.77
9296,Mujer,2123.15
9297,Hombre,4780.89
9298,Hombre,5004.93
9299,Mujer,7184.99
9300,Hombre,3416.34
9301,Hombre,10095.61
9302,Hombre,12010.78
9303,Mujer,9004.56
9304,Mujer,1000.0
9305,Mujer,11078.25
9306,Mujer,10818.15
9307,Hombre,11935.73
9308,Mujer,8277.79
9309,Mujer,7590.85
9310,Mujer,11245.75
9311,Mujer,15255.81
9312,Hombre,3911.32
9313,Hombre,13051.56
9314,Mujer,6212.02
9315,Hombre,7616.47
9316,Hombre,1285.61
9317,Mujer,5318.45
9318,Hombre,3712.31
9319,Hombre,6112.66
9320,Hombre,3258.16
9321,Mujer,4579.91
9322,Hombre,6372.5
9323,Hombre,8635.4
9324,Hombre,1000.0
9325,Hombre,1695.17
9326,Mujer,8228.61
9327,Hombre,4611.53
9328,Mujer,11435.38
9329,Hombre,9213.71
9330,Hombre,10930.43
9331,Mujer,12948.12
9332,Mujer,5206.3
9333,Hombre,5614.81
9334,Hombre,12122.66
9335,Hombre,10492.81
9336,Mujer,5757.01
9337,Mujer,12861.56
9338,Hombre,7244.9
9339,Mujer,6747.48
9340,Mujer,6695.5
9341,Hombre,3994.33
9342,Mujer,6949.13
9343,Hombre,14485.42
9344,Hombre,10202.36
9345,Mujer,6739.79
9346,Mujer,5872.05
9347,Hombre,9688.9
9348,Hombre,11573.95
9349,Hombre,10941.57
9350,Hombre,6706.61
9351,Hombre,9661.52
9352,Mujer,8759.73
9353,Hombre,3667.62
9354,Hombre,8957.04
9355,Hombre,1000.0
9356,Hombre,10371.4
9357,Mujer,9571.54
9358,Mujer,9963.96
9359,Hombre,6422.29
9360,Hombre,9590.71
9361,Mujer,13007.79
9362,Hombre,14561.96
9363,Mujer,6468.72
9364,Hombre,8826.94
9365,Mujer,11599.1
9366,Hombre,1446.39
9367,Hombre,6746.16
9368,Hombre,14210.07
9369,Hombre,12588.4
9370,Hombre,9861.69
9371,Mujer,1000.0
9372,Mujer,6375.4
9373,Hombre,5545.38
9374,Hombre,9689.68
9375,Mujer,2957.94
9376,Mujer,1984.24
9377,Hombre,1000.0
9378,Mujer,12098.12
9379,Mujer,4801.03
9380,Hombre,8907.16
9381,Mujer,6589.93
9382,Hombre,3396.55
9383,Mujer,1000.0
9384,Mujer,2076.08
9385,Mujer,3345.74
9386,Mujer,8249.73
9387,Hombre,4619.27
9388,Mujer,14459.21
9389,Hombre,12822.18
9390,Mujer,10237.62
9391,Hombre,7661.53
9392,Hombre,15014.26
9393,Hombre,7218.97
9394,Hombre,8059.32
9395,Mujer,7364.89
9396,Hombre,11358.2
9397,Mujer,9466.09
9398,Mujer,4461.94
9399,Mujer,4201.53
9400,Hombre,11079.56
9401,Hombre,11418.56
9402,Hombre,6429.92
9403,Hombre,1057.65
9404,Mujer,5667.08
9405,Hombre,11005.87
9406,Hombre,16324.38
9407,Mujer,1209.19
9408,Hombre,6280.43
9409,Mujer,4847.68
9410,Hombre,14301.12
9411,Hombre,8042.76
9412,Hombre,4117.03
9413,Hombre,10714.13
9414,Hombre,6379.13
9415,Mujer,1090.26
9416,Mujer,2582.52
9417,Mujer,14403.19
9418,Hombre,9928.94
9419,Mujer,7084.92
9420,Hombre,7075.48
9421,Hombre,9514.67
9422,Hombre,9461.06
9423,Mujer,7914.76
9424,Mujer,7116.8
9425,Mujer,10509.59
9426,Hombre,8303.97
9427,Mujer,2199.28
9428,Hombre,5444.1
9429,Mujer,1000.0
9430,Hombre,17320.68
9431,Hombre,12082.4
9432,Hombre,4464.68
9433,Mujer,5331.7
9434,Hombre,5334.06
9435,Mujer,13541.46
9436,Hombre,1810.55
9437,Hombre,8715.14
9438,Hombre,7711.62
9439,Hombre,11920.77
9440,Hombre,7731.96
9441,Mujer,1000.0
9442,Hombre,7069.97
9443,Mujer,2225.27
9444,Mujer,6958.11
9445,Mujer,13053.8
9446,Mujer,1000.0
9447,Hombre,4599.0
9448,Mujer,4112.88
9449,Hombre,6482.66
9450,Mujer,9930.57
9451,Mujer,5819.05
9452,Hombre,10071.11
9453,Mujer,3784.02
9454,Hombre,9234.66
9455,Hombre,11700.09
9456,Mujer,3304.65
9457,Mujer,10116.11
9458,Hombre,8435.68
9459,Mujer,11304.57
9460,Hombre,7293.61
9461,Mujer,8315.6
9462,Hombre,8017.27
9463,Mujer,6167.04
9464,Hombre,9365.19
9465,Mujer,9015.63
9466,Hombre,2576.96
9467,Mujer,13051.35
9468,Mujer,1000.0
9469,Hombre,5118.35
9470,Hombre,7775.79
9471,Mujer,8455.6
9472,Hombre,15292.78
9473,Hombre,1000.0
9474,Hombre,5915.38
9475,Hombre,1000.0
9476,Hombre,8342.3
9477,Mujer,7822.58
9478,Hombre,15358.58
9479,Hombre,8742.86
9480,Hombre,12898.11
9481,Mujer,9227.27
9482,Hombre,6241.38
9483,Mujer,1000.0
9484,Mujer,7837.51
9485,Mujer,1000.0
9486,Mujer,12428.43
9487,Hombre,7470.72
9488,Mujer,11978.3
9489,Hombre,6039.04
9490,Mujer,7809.83
9491,Hombre,9142.07
9492,Hombre,7997.3
9493,Mujer,4653.03
9494,Mujer,8366.05
9495,Hombre,4032.27
9496,Hombre,2757.54
9497,Hombre,13792.72
9498,Hombre,11472.26
9499,Hombre,8496.51
9500,Mujer,14093.14
9501,Mujer,5395.06
9502,Mujer,12552.16
9503,Mujer,7390.08
9504,Hombre,3588.62
9505,Hombre,16516.18
9506,Hombre,12658.2
9507,Hombre,7655.41
9508,Mujer,9872.27
9509,Mujer,4783.33
9510,Mujer,10331.17
9511,Hombre,1000.0
9512,Mujer,2010.89
9513,Hombre,12606.67
9514,Hombre,7076.55
9515,Hombre,9133.94
9516,Hombre,2139.46
9517,Mujer,14915.4
9518,Mujer,11957.38
9519,Mujer,5696.92
9520,Mujer,4778.87
9521,Hombre,12833.22
9522,Hombre,17121.12
9523,Mujer,10891.92
9524,Hombre,17973.11
9525,Hombre,4049.42
9526,Hombre,4512.76
9527,Mujer,1249.76
9528,Hombre,10187.92
9529,Hombre,8990.22
9530,Hombre,7516.22
9531,Mujer,10241.66
9532,Hombre,13745.48
9533,Mujer,1000.0
9534,Mujer,3913.63
9535,Hombre,11890.65
9536,Hombre,6095.18
9537,Hombre,4608.07
9538,Hombre,12783.42
9539,Mujer,1000.0
9540,Hombre,6842.89
9541,Hombre,9678.9
9542,Mujer,4017.81
9543,Mujer,10124.2
9544,Hombre,5640.05
9545,Mujer,12938.79
9546,Hombre,7634.14
9547,Hombre,11220.72
9548,Hombre,11557.11
9549,Hombre,5376.07
9550,Mujer,1000.0
9551,Mujer,8223.4
9552,Hombre,8525.3
9553,Mujer,9101.22
9554,Mujer,5580.63
9555,Hombre,6263.08
9556,Mujer,15638.13
9557,Hombre,1574.41
9558,Hombre,11502.78
9559,Mujer,4014.29
9560,Hombre,6689.0
9561,Hombre,6773.04
9562,Mujer,2984.55
9563,Hombre,10770.51
9564,Hombre,14457.9
9565,Hombre,10315.06
9566,Hombre,8665.22
9567,Hombre,3761.02
9568,Hombre,10525.71
9569,Hombre,17903.57
9570,Hombre,6486.87
9571,Mujer,4908.07
9572,Mujer,4075.1
9573,Hombre,5997.64
9574,Hombre,1000.0
9575,Hombre,10022.66
9576,Mujer,2795.02
9577,Hombre,1000.0
9578,Hombre,11589.35
9579,Hombre,3330.92
9580,Mujer,5075.99
9581,Mujer,13198.99
9582,Mujer,1000.0
9583,Hombre,1303.31
9584,Hombre,9411.88
9585,Hombre,13372.69
9586,Hombre,1115.46
9587,Hombre,10034.6
9588,Hombre,10814.5
9589,Hombre,1000.0
9590,Mujer,10193.26
9591,Mujer,10544.73
9592,Hombre,6796.96
9593,Hombre,13835.56
9594,Mujer,11714.05
9595,Mujer,7064.03
9596,Hombre,6168.5
9597,Hombre,3822.27
9598,Mujer,6430.96
9599,Hombre,10763.92
9600,Hombre,6741.2
9601,Mujer,1000.0
9602,Mujer,12309.21
9603,Hombre,9056.0
9604,Hombre,6491.69
9605,Mujer,10457.21
9606,Hombre,15060.87
9607,Hombre,1000.0
9608,Mujer,8554.19
9609,Hombre,1780.08
9610,Hombre,10446.0
9611,Hombre,8775.67
9612,Hombre,11060.77
9613,Mujer,4353.39
9614,Hombre,1000.0
9615,Hombre,6173.34
9616,Hombre,10030.81
9617,Hombre,12769.27
9618,Hombre,2926.76
9619,Hombre,12821.77
9620,Hombre,5284.57
9621,Mujer,8231.02
9622,Mujer,4305.48
9623,Mujer,7419.77
9624,Mujer,10613.45
9625,Mujer,1078.44
9626,Hombre,5140.42
9627,Hombre,9032.33
9628,Hombre,19007.13
9629,Mujer,2715.65
9630,Mujer,15780.6
9631,Mujer,15619.9
9632,Mujer,6162.1
9633,Hombre,6858.31
9634,Hombre,5085.71
9635,Hombre,7893.09
9636,Hombre,1869.76
9637,Hombre,7856.92
9638,Mujer,13335.96
9639,Hombre,5450.12
9640,Mujer,5516.74
9641,Mujer,1000.0
9642,Hombre,9883.28
9643,Hombre,9390.17
9644,Hombre,8486.66
9645,Hombre,7224.28
9646,Hombre,6882.59
9647,Mujer,8858.55
9648,Mujer,6470.33
9649,Mujer,8017.37
9650,Mujer,7567.42
9651,Mujer,11655.42
9652,Mujer,9646.47
9653,Hombre,9067.88
9654,Mujer,13432.9
9655,Mujer,8491.21
9656,Hombre,14072.33
9657,Mujer,9331.24
9658,Mujer,1000.0
9659,Mujer,12471.76
9660,Hombre,8808.29
9661,Hombre,7966.2
9662,Hombre,9466.07
9663,Mujer,5047.58
9664,Mujer,7621.63
9665,Hombre,5536.56
9666,Mujer,12334.23
9667,Hombre,7688.85
9668,Mujer,4878.37
9669,Mujer,2437.83
9670,Mujer,7809.49
9671,Mujer,7441.98
9672,Mujer,8347.91
9673,Mujer,1977.37
9674,Hombre,1000.0
9675,Mujer,9415.16
9676,Hombre,14880.89
9677,Hombre,3581.41
9678,Mujer,13752.49
9679,Mujer,7877.6
9680,Hombre,8168.22
9681,Hombre,6411.03
9682,Mujer,1000.0
9683,Hombre,12644.78
9684,Hombre,4709.77
9685,Hombre,4690.87
9686,Hombre,12663.67
9687,Mujer,1000.0
9688,Hombre,1343.81
9689,Hombre,8118.4
9690,Mujer,7919.78
9691,Mujer,8781.31
9692,Hombre,6841.91
9693,Mujer,17986.66
9694,Hombre,7174.48
9695,Mujer,5561.46
9696,Hombre,4613.56
9697,Hombre,8757.58
9698,Mujer,9367.33
9699,Mujer,12016.1
9700,Mujer,1000.0
9701,Hombre,7093.02
9702,Hombre,10210.17
9703,Mujer,9241.76
9704,Hombre,8229.47
9705,Hombre,10640.91
9706,Hombre,4559.66
9707,Mujer,13610.57
9708,Hombre,12666.83
9709,Hombre,2147.82
9710,Hombre,3362.04
9711,Mujer,1888.85
9712,Hombre,11250.86
9713,Hombre,2418.73
9714,Hombre,6710.39
9715,Hombre,10246.17
9716,Mujer,6302.25
9717,Mujer,7764.99
9718,Mujer,1803.89
9719,Hombre,10876.84
9720,Hombre,5440.55
9721,Hombre,6739.21
9722,Mujer,7669.79
9723,Hombre,8663.85
9724,Mujer,6707.91
9725,Hombre,4822.18
9726,Hombre,6852.03
9727,Hombre,8209.83
9728,Hombre,2012.12
9729,Mujer,4518.6
9730,Mujer,8344.56
9731,Hombre,2451.54
9732,Mujer,11804.62
9733,Hombre,13913.26
9734,Hombre,2596.82
9735,Hombre,14309.29
9736,Hombre,7553.88
9737,Mujer,8483.32
9738,Mujer,4365.07
9739,Hombre,12353.7
9740,Mujer,8427.42
9741,Mujer,2936.31
9742,Hombre,2956.59
9743,Hombre,1628.64
9744,Mujer,7445.74
9745,Hombre,10776.12
9746,Hombre,11129.35
9747,Mujer,6069.09
9748,Mujer,1393.52
9749,Hombre,5130.66
9750,Hombre,13385.57
9751,Mujer,4419.17
9752,Hombre,8845.38
9753,Hombre,3359.57
9754,Hombre,9714.62
9755,Hombre,6140.42
9756,Mujer,11310.21
9757,Mujer,10081.01
9758,Hombre,5969.32
9759,Hombre,7630.01
9760,Hombre,5719.98
9761,Hombre,1812.55
9762,Hombre,4341.51
9763,Mujer,7491.98
9764,Mujer,8063.67
9765,Hombre,8868.47
9766,Mujer,5242.2
9767,Mujer,10798.8
9768,Hombre,8485.94
9769,Hombre,11364.64
9770,Hombre,1000.0
9771,Hombre,1000.0
9772,Hombre,9477.05
9773,Mujer,1000.0
9774,Hombre,7243.97
9775,Mujer,5240.56
9776,Hombre,15343.3
9777,Hombre,9999.98
9778,Hombre,8946.37
9779,Mujer,10366.46
9780,Mujer,8258.24
9781,Hombre,6140.45
9782,Hombre,13021.64
9783,Hombre,3206.12
9784,Mujer,8054.61
9785,Mujer,1000.0
9786,Hombre,9117.75
9787,Hombre,9068.45
9788,Hombre,15744.05
9789,Hombre,1157.62
9790,Hombre,5496.01
9791,Hombre,11902.07
9792,Mujer,8108.93
9793,Mujer,7411.37
9794,Mujer,2297.39
9795,Hombre,5541.32
9796,Hombre,13802.68
9797,Hombre,7968.21
9798,Mujer,8289.12
9799,Hombre,7681.65
9800,Hombre,2876.12
9801,Mujer,10802.15
9802,Mujer,8864.55
9803,Hombre,18575.37
9804,Hombre,3629.88
9805,Mujer,10301.58
9806,Hombre,2298.05
9807,Hombre,8908.06
9808,Mujer,10994.28
9809,Hombre,1000.0
9810,Hombre,7277.8
9811,Mujer,4065.56
9812,Hombre,5041.19
9813,Hombre,9933.46
9814,Hombre,13243.09
9815,Hombre,7600.25
9816,Mujer,7524.69
9817,Hombre,8714.39
9818,Hombre,8208.12
9819,Hombre,3297.96
9820,Hombre,13188.0
9821,Mujer,7928.38
9822,Mujer,8376.97
9823,Mujer,2970.71
9824,Hombre,6133.51
9825,Mujer,5807.4
9826,Mujer,1000.0
9827,Mujer,1000.0
9828,Mujer,3896.63
9829,Hombre,10551.34
9830,Mujer,3660.88
9831,Hombre,3615.38
9832,Mujer,2933.91
9833,Mujer,4550.96
9834,Hombre,6607.63
9835,Mujer,16344.85
9836,Hombre,12945.79
9837,Hombre,12811.48
9838,Hombre,13458.61
9839,Mujer,2105.31
9840,Mujer,1099.36
9841,Hombre,3219.08
9842,Mujer,12605.28
9843,Hombre,5737.64
9844,Mujer,1000.0
9845,Hombre,6260.52
9846,Hombre,7126.28
9847,Hombre,9407.86
9848,Hombre,9329.28
9849,Hombre,4473.19
9850,Mujer,9685.45
9851,Hombre,5323.63
9852,Hombre,7496.76
9853,Mujer,9690.48
9854,Mujer,3711.8
9855,Mujer,4037.92
9856,Hombre,10862.51
9857,Mujer,2740.2
9858,Mujer,4868.44
9859,Hombre,10700.84
9860,Mujer,15843.42
9861,Hombre,10924.32
9862,Mujer,8726.88
9863,Hombre,10588.61
9864,Mujer,1770.64
9865,Hombre,8720.19
9866,Hombre,8066.05
9867,Mujer,8047.13
9868,Hombre,8724.29
9869,Hombre,9908.65
9870,Mujer,5198.4
9871,Hombre,8463.74
9872,Mujer,1074.77
9873,Hombre,6760.42
9874,Mujer,12858.75
9875,Mujer,8034.64
9876,Hombre,8105.86
9877,Mujer,15132.55
9878,Hombre,2076.24
9879,Hombre,3207.45
9880,Mujer,14307.2
9881,Mujer,6806.82
9882,Hombre,7108.38
9883,Hombre,2803.58
9884,Mujer,8614.63
9885,Mujer,9050.07
9886,Mujer,1674.78
9887,Mujer,5968.76
9888,Hombre,6690.18
9889,Hombre,9351.9
9890,Hombre,3163.37
9891,Mujer,12233.76
9892,Hombre,12321.21
9893,Mujer,4965.71
9894,Hombre,7226.12
9895,Hombre,7586.1
9896,Mujer,3097.61
9897,Hombre,6204.57
9898,Hombre,6983.78
9899,Hombre,15457.91
9900,Mujer,10859.78
9901,Hombre,12405.95
9902,Mujer,8264.67
9903,Mujer,1572.03
9904,Mujer,6413.29
9905,Mujer,10967.2
9906,Hombre,2537.81
9907,Mujer,9464.49
9908,Hombre,18651.74
9909,Mujer,11378.17
9910,Mujer,12963.13
9911,Hombre,9182.52
9912,Hombre,12555.69
9913,Mujer,3369.66
9914,Hombre,11781.39
9915,Mujer,9544.75
9916,Hombre,9504.6
9917,Mujer,12522.03
9918,Mujer,4175.47
9919,Mujer,5758.24
9920,Mujer,7029.58
9921,Hombre,3566.75
9922,Mujer,7621.19
9923,Hombre,1000.0
9924,Mujer,11311.3
9925,Mujer,6809.87
9926,Hombre,5855.98
9927,Hombre,4445.32
9928,Hombre,7144.39
9929,Hombre,11297.17
9930,Hombre,10664.83
9931,Hombre,5025.08
9932,Mujer,2792.82
9933,Mujer,9556.04
9934,Hombre,4949.44
9935,Mujer,6869.59
9936,Mujer,7156.9
9937,Mujer,8004.28
9938,Hombre,12062.22
9939,Mujer,1000.0
9940,Mujer,1000.0
9941,Hombre,5646.49
9942,Hombre,16306.88
9943,Hombre,17299.78
9944,Hombre,16440.3
9945,Hombre,7331.58
9946,Mujer,1000.0
9947,Mujer,1000.0
9948,Mujer,3836.83
9949,Hombre,7308.67
9950,Mujer,12452.81
9951,Mujer,10505.12
9952,Hombre,9223.32
9953,Hombre,4195.7
9954,Mujer,2276.49
9955,Mujer,7743.57
9956,Hombre,11336.73
9957,Hombre,9963.47
9958,Hombre,3544.31
9959,Hombre,11128.0
9960,Hombre,10116.6
9961,Hombre,3382.0
9962,Mujer,3070.56
9963,Hombre,11298.23
9964,Hombre,7144.72
9965,Hombre,15351.16
9966,Mujer,8855.08
9967,Hombre,6010.16
9968,Hombre,8154.07
9969,Mujer,6885.23
9970,Mujer,3322.24
9971,Hombre,4093.35
9972,Mujer,9756.25
9973,Hombre,12003.73
9974,Mujer,9317.02
9975,Mujer,13418.93
9976,Hombre,5762.02
9977,Mujer,14134.22
9978,Mujer,2545.85
9979,Mujer,2042.91
9980,Hombre,1000.0
9981,Hombre,6193.92
9982,Hombre,5933.25
9983,Mujer,8966.72
9984,Hombre,9297.51
9985,Hombre,2831.62
9986,Mujer,4832.73
9987,Hombre,6528.42
9988,Hombre,1000.0
9989,Hombre,3785.74
9990,Hombre,4731.34
9991,Hombre,14651.31
9992,Mujer,7461.53
9993,Hombre,11179.76
9994,Hombre,1456.14
9995,Mujer,11973.97
9996,Mujer,12454.96
9997,Mujer,1000.0
9998,Mujer,3426.07
9999,Hombre,10430.95
10000,Hombre,11099.75
