name,age,height,weight,sex
Cody Martinez,56.0,1.85,119.6,F
Amanda Fuller DVM,69.0,1.58,87.6,M
Aaron Richardson,46.0,1.62,99.7,M
Shannon Tran,32.0,1.92,53.9,F
Joshua Freeman,60.0,1.6,94.2,F
Jessica Jones,25.0,1.54,103.5,M
Theresa Smith,38.0,1.85,104.5,M
Justin Tucker,56.0,1.7,103.9,M
Dylan Hernandez,36.0,1.96,65.8,F
Patrick Moss,40.0,1.83,118.3,F
Tiffany Pierce,28.0,1.55,119.7,M
Linda Jackson,28.0,1.97,55.3,F
Kayla Snyder,41.0,1.63,115.6,F
Jordan Roberts,53.0,1.67,70.3,M
Brittany Gonzalez,57.0,1.7,98.2,M
Raymond Robinson,41.0,1.53,73.7,M
John Gibbs,20.0,1.75,117.7,F
Alyssa Cross,39.0,1.56,57.1,F
Brendan Watkins,19.0,1.7,84.8,M
Randy Carter,41.0,1.68,80.0,F
Casey Hernandez,61.0,1.89,72.8,F
Amanda Gibbs,47.0,1.9,95.2,F
Amanda Lopez,55.0,1.58,59.2,F
Neil Shah,19.0,1.68,100.2,M
Jorge Patterson,38.0,1.69,118.6,F
Cathy Hanson,50.0,1.58,106.3,M
Nancy Norris,29.0,1.9,110.2,F
Kristen Perry,39.0,1.85,75.2,M
Steve Mclaughlin,61.0,1.6,72.7,F
Tiffany Lane,42.0,1.68,86.2,M
John Jones,66.0,1.55,53.2,M
Sarah Lyons,44.0,1.81,116.2,F
Zachary Warren,59.0,1.56,60.1,F
Mark Guerra,45.0,1.99,113.2,M
Paul Smith,33.0,1.89,55.9,F
Susan Soto,32.0,1.7,107.6,M
Gabriela Kelly,64.0,1.79,60.6,M
Dorothy Rios,68.0,1.96,52.7,M
Amy Preston,61.0,1.78,100.4,M
Michael Davis,69.0,1.59,69.6,F
Ana Cunningham,20.0,1.69,100.0,F
Matthew Rogers,54.0,1.92,88.9,F
Brent Villanueva,68.0,1.82,57.6,F
Wayne Barnes,24.0,1.83,115.2,F
Brian Martin,38.0,1.93,81.7,M
Kimberly Jones,26.0,1.95,101.4,F
Mathew Elliott,56.0,1.96,85.1,F
Raymond Lloyd,35.0,1.55,92.3,F
Tracy Kim,21.0,1.77,71.2,M
Richard Marshall,42.0,1.87,64.0,F
Austin Rodriguez,31.0,1.88,88.0,F
Mandy Ross,67.0,1.8,80.8,F
Ricky Barrett,26.0,1.58,77.3,F
Traci Scott,43.0,1.9,97.1,F
Jennifer Jennings,19.0,1.86,98.3,M
Tonya Parks,37.0,1.54,53.2,F
Adam Massey,45.0,1.73,73.7,F
Vanessa Sparks,64.0,1.59,78.8,F
Allison Winters,24.0,1.67,56.8,M
Todd Mcfarland,61.0,1.51,66.5,F
Christopher Durham,25.0,1.7,53.6,F
Jonathan Bradley,64.0,1.77,119.7,M
Valerie Harris,52.0,1.81,101.6,F
Lisa Morris,31.0,1.83,56.1,M
Eric Frey,34.0,1.92,51.4,F
Mary Chan,53.0,1.61,100.4,M
Christine Burke,67.0,1.56,80.7,M
Nicole Reed,57.0,1.93,105.1,M
Daniel Gardner,21.0,1.58,114.6,M
Caroline Garcia,19.0,1.99,92.0,F
Amanda Harris,23.0,1.92,63.1,M
Amber Dixon,59.0,1.75,104.8,M
Marie Mosley,21.0,1.99,116.9,F
Anna Hill,46.0,1.55,90.6,F
Sandra White,35.0,1.65,97.7,M
James Avila,43.0,1.82,73.6,M
Richard Gutierrez,61.0,1.68,76.7,F
Jerry Peterson,51.0,1.96,101.4,M
Jeffery Booth,27.0,1.53,114.9,F
Robert Middleton,53.0,1.77,94.0,F
Aaron Horton,31.0,1.8,105.3,M
Manuel Guerrero,48.0,1.83,62.0,F
Nathan Pennington,65.0,1.63,64.8,F
Clifford Harper,32.0,1.68,87.2,M
Carlos Burnett,25.0,1.92,62.4,F
Susan Burton MD,31.0,1.6,94.4,F
David Steele,40.0,1.91,70.4,M
Lawrence Garcia,57.0,1.78,105.4,F
Grace Jones,38.0,1.88,106.6,F
Nicole Perkins,33.0,1.86,82.5,M
Douglas Ross,62.0,1.6,62.7,F
Melissa Johnston,35.0,1.78,95.3,F
John Cruz,64.0,1.93,119.5,F
James Jackson,41.0,1.72,93.6,F
Joseph Payne,43.0,1.98,52.5,M
Natalie Ortega,42.0,1.73,51.2,F
Melinda Ward,62.0,1.57,72.4,M
Alexander Campos,58.0,1.69,63.7,F
Alexandra Daniels,46.0,1.98,106.9,M
Michael Summers,32.0,1.66,109.1,F
Anna Frederick,62.0,1.93,68.1,M
Paul Salazar,18.0,1.94,72.8,M
Timothy Johnson,42.0,1.68,66.5,F
Mark Valdez,24.0,1.54,113.6,F
Kristi Morrison,26.0,1.86,85.2,M
Cameron Johnson,41.0,1.66,95.9,M
William Jefferson,18.0,1.89,79.1,M
Robert Branch,61.0,1.72,94.2,M
Jose Jones,25.0,1.74,77.0,M
Shannon Graves,41.0,1.89,73.8,M
Adam Brown,28.0,1.69,94.4,F
Lori Duffy,68.0,1.72,91.4,F
Dr. Amber Walker DDS,34.0,1.69,70.5,M
Christopher Campbell,25.0,1.68,60.5,M
Joy Hutchinson,52.0,1.76,75.8,F
Victor Hughes,52.0,1.9,79.1,M
Christine Melton,50.0,1.68,94.0,M
Alex Brown,22.0,1.76,114.0,F
Jamie Morrow,59.0,1.84,52.5,F
Lee Aguirre,56.0,1.63,67.1,M
Scott Boyd,58.0,1.64,63.6,F
Arthur Jackson,45.0,1.97,85.2,M
Morgan Morrison,24.0,1.86,80.1,F
Benjamin Torres,26.0,1.79,101.0,M
Alexandra Lee,25.0,1.82,67.0,M
Rebecca Sanchez,29.0,1.51,91.6,M
Allison Jones,51.0,1.81,111.9,M
Joseph Clayton,50.0,1.75,113.7,F
Jessica Thompson,65.0,1.77,117.1,F
Marc Pittman,40.0,1.68,104.1,F
Edward Gates,41.0,1.54,113.4,M
Charles Cordova,54.0,1.6,66.4,F
Peggy Thompson,52.0,1.98,63.8,M
John Huff,61.0,1.7,50.5,M
David Frank DDS,57.0,1.73,99.5,F
Tony Barron,39.0,1.53,115.6,F
Michael Smith,44.0,1.52,63.1,M
Rebekah Robinson,52.0,1.86,94.6,M
Nathaniel Wu,18.0,1.77,102.3,F
Christian Webb,52.0,1.75,114.9,F
Anna Flores,54.0,1.62,95.3,F
George Baker,64.0,1.87,117.9,F
Jimmy Haney,31.0,1.58,74.1,F
Pamela Jones,20.0,1.59,74.5,M
Donna Lloyd,18.0,1.73,88.0,M
Lisa Brown,22.0,1.64,76.8,M
Manuel Hernandez,43.0,1.62,50.1,F
Carlos Michael,31.0,1.82,101.2,M
Jessica Strong,56.0,1.83,102.6,F
James Sawyer,44.0,1.91,102.3,F
Clayton Collins,26.0,1.71,74.2,F
Adriana Greene,32.0,1.54,86.6,M
Debra Dean,32.0,1.64,75.2,M
Jessica Gregory,43.0,1.99,51.1,M
Sabrina Dougherty,59.0,1.8,89.4,M
Joshua Maddox,30.0,1.85,58.7,F
Tyler Gutierrez,68.0,1.5,55.6,F
Rebecca Mason,49.0,1.76,102.9,M
Alexis Fox,56.0,1.52,50.7,M
Randy Ramsey,66.0,1.78,117.1,F
Joshua Pugh,69.0,1.96,86.1,M
Christina Glenn,49.0,1.98,118.8,M
Jody Kirby,21.0,1.77,54.1,F
Glenn Marquez,47.0,1.73,90.8,M
Christopher Scott,54.0,1.97,74.5,M
Patricia Peters,40.0,1.84,109.0,M
Margaret Fisher,56.0,1.53,75.3,F
Kelly Bridges,62.0,1.73,68.2,M
Brent Armstrong,32.0,1.62,110.0,M
Gregory Baldwin,60.0,1.73,76.2,F
Shawna Hull,46.0,1.73,51.2,F
Rebecca Smith,53.0,1.79,77.3,F
Robert Johns,30.0,1.68,95.8,F
Samantha Collins,49.0,1.58,67.8,F
Nicholas Cooke,24.0,1.75,80.2,F
Katherine Sampson,68.0,1.92,54.0,F
Christopher Andrews,39.0,1.83,91.2,M
Tasha Winters,45.0,1.67,102.9,F
Amanda Little,19.0,1.97,78.9,F
Lisa Diaz,59.0,1.96,79.4,F
Jeremy Bray,62.0,1.6,56.2,M
Holly Carpenter,23.0,1.52,64.1,M
Gregory Sanchez,45.0,1.87,60.8,F
Laura Miller,45.0,1.91,83.7,F
Levi Jacobs,61.0,1.98,87.0,F
Ronald Potter,61.0,1.94,116.4,M
Christina Lewis,37.0,1.8,55.1,F
Megan Silva,47.0,1.77,92.0,M
Emily Reyes,28.0,1.51,86.9,M
Brenda Collins,45.0,1.62,86.1,F
Brittany Martinez,42.0,1.73,111.1,M
Tyler James,56.0,1.81,64.4,F
Brandon Blake,50.0,1.78,52.9,M
Sarah Scott,18.0,1.87,97.1,M
Jonathan Hinton,44.0,1.64,74.2,M
Curtis Schroeder,69.0,1.78,51.2,F
Richard Harris,30.0,1.54,67.6,M
Katrina Shaffer,58.0,1.71,71.7,M
William Richmond,20.0,1.88,93.2,F
Jennifer Hill,56.0,1.85,62.1,M
Katherine Weiss,23.0,2.0,78.9,M
Maria Hoover,25.0,1.64,83.8,F
Alan Sawyer,44.0,1.75,82.1,F
Barry Wilson,26.0,1.66,118.2,F
Steven Park,54.0,1.72,53.2,M
Allen Williams,50.0,1.93,116.6,M
Jessica Mahoney,68.0,1.84,90.7,M
Gregory Washington,59.0,1.94,105.7,M
Allison Reyes,61.0,1.6,80.1,M
Phillip Baker,41.0,1.94,81.8,F
April Church,32.0,1.53,111.6,M
Courtney Morrow,49.0,1.94,112.7,F
Jeanette Robinson,49.0,1.66,66.7,M
Clifford Newton,41.0,1.66,63.9,M
Roy Estrada,58.0,1.76,84.7,F
Sarah Bailey,69.0,1.97,113.0,M
Edward Adams,66.0,1.52,72.6,M
Carol Mendoza,66.0,1.68,95.6,F
,69.0,1.93,99.6,F
Dustin Anderson,29.0,1.7,104.5,M
Valerie Mccullough,56.0,1.6,89.5,F
Julia Taylor,19.0,1.71,78.2,M
Barry Rodriguez,20.0,1.69,117.7,F
Travis Hall,66.0,1.96,92.8,M
Adam Clark DVM,54.0,1.88,101.0,F
Laura Sutton,66.0,1.75,74.1,F
Christine Dominguez,34.0,1.99,96.9,M
Regina Montoya,66.0,1.73,68.0,F
Sydney Mitchell,19.0,1.53,67.2,F
Rebecca Rodriguez,19.0,1.63,100.0,F
Edward Johnson,45.0,1.72,86.5,M
Felicia Singh,40.0,1.58,97.8,F
Kevin Kidd,54.0,1.97,68.9,F
Caitlin Palmer,49.0,1.88,91.9,F
Steven Lopez,50.0,1.63,81.1,M
Charles Montes,18.0,1.8,91.8,M
Jacob Medina,36.0,1.86,70.4,F
Scott Lucas,19.0,1.97,100.1,M
Jody Coleman,61.0,1.94,106.4,F
Allison Morrow,43.0,1.76,68.2,M
Devin Cardenas,49.0,1.89,71.0,F
Michael White,23.0,1.78,96.3,M
Joshua Thomas,49.0,1.78,98.7,F
Suzanne Luna,21.0,1.56,99.3,F
Lindsay Benson,28.0,1.56,97.8,M
Donald Smith,34.0,1.76,77.5,F
,55.0,1.63,77.6,F
James Hernandez,41.0,1.51,67.8,F
Robyn Griffith MD,22.0,1.86,61.0,M
Katherine Lynch,69.0,1.52,98.5,F
Chad Moss,51.0,1.8,56.5,F
James Sims,23.0,1.77,115.6,F
Erin Sanchez,39.0,1.98,107.9,M
Dr. Tonya Scott MD,28.0,1.74,110.0,F
Justin Delgado,65.0,1.53,113.5,M
Jennifer Griffin,33.0,1.78,78.6,F
Ashley Bishop,50.0,1.92,109.3,M
Alicia Williams,26.0,2.0,61.1,M
Susan Hamilton,23.0,1.72,51.5,M
Michael Mack,33.0,1.66,104.9,F
Julia Kelly,46.0,1.95,55.2,M
Melanie Hinton,20.0,1.6,119.2,M
Gina Hurst,37.0,1.81,97.2,M
Margaret Garcia,53.0,1.7,102.7,M
Jimmy Schmidt,36.0,1.52,67.2,M
Steven Campbell,43.0,1.67,97.2,M
John Thomas,20.0,,53.0,M
Michelle Gregory,36.0,1.84,108.6,M
Kim Collins,37.0,1.97,61.9,M
Robert Bryant,49.0,1.63,98.8,F
Theresa Baker,24.0,1.91,65.7,M
Scott Blevins,69.0,1.53,54.8,M
Catherine Barnes,58.0,1.77,83.7,M
Charles Moon,50.0,1.54,61.9,M
Thomas Beard,57.0,1.97,101.1,M
Jeffrey Martinez,56.0,1.88,66.6,M
Marissa Foster,35.0,1.83,74.0,M
Bonnie Rogers,57.0,1.91,89.7,F
Joseph Coleman,18.0,1.82,69.9,F
Troy Lopez,28.0,1.98,76.5,F
Meagan Short,45.0,1.86,107.1,M
Samantha Davidson,42.0,1.96,62.5,M
Emily Montoya,67.0,1.76,55.8,F
Maria Wolfe,40.0,1.56,73.0,F
Pam Roberts,48.0,1.76,79.7,M
Amber Barry,47.0,1.56,88.0,M
Dale Morales,59.0,1.8,76.1,F
Karen Bryant,52.0,1.74,105.3,F
Kevin Harrell,24.0,1.81,52.8,F
Melissa Cole,33.0,1.51,80.2,F
Joseph Johnson,43.0,1.6,76.8,M
Kimberly Arnold,65.0,1.75,95.3,F
Gina Robbins,69.0,1.98,117.6,F
Jasmine Reyes,66.0,1.69,85.7,M
Ryan Sanchez,19.0,1.71,119.1,F
Donald Harris,18.0,1.86,71.2,F
Kristina Brown,65.0,1.8,52.2,F
Barry Morgan,29.0,1.65,61.6,M
Erika Anderson,22.0,1.71,77.7,M
Frank Santiago,54.0,1.61,72.1,F
Darren Hernandez,49.0,1.98,56.8,M
Justin Williams,26.0,1.57,80.3,M
Shaun Rodriguez,58.0,1.69,73.7,F
Anthony Murphy DDS,52.0,1.51,58.6,M
Patrick Cameron,36.0,1.61,70.7,F
Brandy Lopez,65.0,1.89,112.1,M
David Lawrence,33.0,1.6,71.1,F
Cody Mueller,20.0,1.54,100.0,M
Matthew Collins,37.0,1.74,92.8,M
Jose Holt,41.0,1.5,79.9,F
Phillip Smith,50.0,1.54,66.7,F
Michael Greene,41.0,1.9,75.8,F
Lisa Acosta,69.0,1.89,91.4,F
Sherry Arias,28.0,1.96,74.6,M
Jason Mcdowell,66.0,1.93,65.0,M
Peter Beard,25.0,1.84,58.2,F
William Watson,53.0,1.53,111.6,M
Jennifer Williams,55.0,1.89,80.8,
Richard Kirk,57.0,1.92,93.8,M
Susan Mendoza MD,37.0,1.9,84.3,F
Richard Watson,52.0,1.75,111.1,M
Michael Wood,65.0,1.62,88.3,F
Aaron Valencia,42.0,1.92,83.7,M
Kristin Anderson,52.0,1.86,114.7,M
Paul Cox,42.0,1.99,100.4,F
Adam Brown,46.0,1.58,57.8,M
Brian Pratt,35.0,1.61,62.4,M
Eric Jackson,63.0,1.61,105.1,F
Jennifer Hart DDS,35.0,1.9,108.5,F
Kayla Logan,19.0,1.59,88.2,F
Michelle Montgomery,52.0,1.53,88.8,F
Kevin Juarez,33.0,2.0,94.2,M
Christopher Douglas,58.0,1.51,80.7,F
Elaine Rivas,53.0,1.92,97.6,F
Charles Fernandez,50.0,1.68,57.6,F
Kellie Kim DVM,21.0,1.92,117.3,M
Nancy Merritt,50.0,1.78,102.5,M
Mr. Steven Norris,31.0,1.95,94.2,M
Cynthia Parker,38.0,1.96,72.1,M
Justin Stein,65.0,1.5,61.3,F
Michael Kelly,37.0,1.54,78.7,M
Joseph Acevedo,25.0,1.63,96.3,M
Stephanie Roberts,24.0,1.83,94.4,F
James Simon,20.0,1.94,76.8,F
Lisa Wilson,34.0,1.73,92.9,M
Patrick Miller,50.0,1.8,107.0,F
Jennifer Vega,65.0,1.59,51.8,M
James Sweeney,29.0,1.9,81.5,M
Shannon Wagner,68.0,1.98,103.1,M
Lisa Clements,39.0,1.63,88.2,F
Carol Warren,39.0,1.75,95.6,F
Stephen Hayden,63.0,1.54,86.2,M
Debra Stewart,47.0,1.78,119.4,M
William George,55.0,1.75,53.8,F
Derrick Brown,55.0,1.57,84.4,M
Christopher Hoffman,62.0,1.72,56.4,F
Amy Le,68.0,1.67,61.2,F
Susan Williams,25.0,1.76,76.8,F
Kylie Mitchell,44.0,1.79,60.9,F
Donald Rodriguez,44.0,1.5,117.5,M
Jane Wiley,51.0,1.88,116.3,F
Charles Jones,38.0,1.86,73.5,F
Ashley Crawford,47.0,1.68,94.8,F
Bridget Rivera,50.0,1.53,87.4,M
David Howard,45.0,1.88,107.1,M
Jeffrey Gilmore,64.0,1.98,93.9,M
Carla Villarreal,50.0,1.62,50.0,M
John Wilkerson,22.0,1.66,103.4,M
Anna Gomez,65.0,1.59,102.3,F
Kristin Love,36.0,1.79,85.7,M
Jose Peterson,21.0,1.58,113.2,M
Donna Walters,52.0,1.68,113.6,F
Derrick Parker,66.0,1.85,86.7,M
Gabriela Sims,34.0,1.78,92.6,M
Brian Avila,61.0,1.69,119.8,F
Alexander Mccoy,45.0,1.71,70.9,M
Troy Sweeney,47.0,1.78,72.7,M
Kristina Sandoval,46.0,1.5,62.8,F
Angela Mullen,63.0,1.54,112.7,M
Gwendolyn Anderson,23.0,1.94,102.1,M
Larry Chambers,52.0,1.54,57.4,F
Shannon Martin,58.0,1.85,118.7,M
Chelsea Smith,54.0,1.96,101.2,M
Amber Salazar,41.0,1.64,109.5,M
Jeffrey Perez,46.0,1.69,53.4,M
Samuel Ward,66.0,1.78,85.3,M
Dr. Susan Moore,63.0,1.94,98.9,F
Emily Shelton,48.0,1.97,88.0,M
Rachel Small,52.0,1.87,96.7,F
Teresa Jones,50.0,1.54,107.3,M
Chelsea Simpson,69.0,1.83,76.2,M
Jean Ray,38.0,1.71,109.4,F
Clayton Miller,49.0,1.74,61.4,F
Scott Miller,40.0,1.52,69.0,F
Joshua Cook,50.0,1.6,53.0,M
Erin Miller,20.0,1.9,75.5,M
Amanda Horne,35.0,1.73,76.6,F
Caitlin Santos,42.0,1.65,106.4,M
Dawn Jackson,59.0,1.69,95.7,M
David Anderson,48.0,1.93,80.6,M
Mitchell Davis,20.0,1.87,95.6,M
Jesse Davis,57.0,1.64,53.7,M
Amber Cummings,63.0,1.56,62.6,F
Logan Sanchez,41.0,1.63,93.9,M
Taylor Young,67.0,1.96,94.9,F
Sharon Kim,49.0,1.79,104.2,M
Brenda Green,64.0,1.77,78.2,M
Kyle Blevins DVM,39.0,1.8,100.6,M
Kimberly Hoffman,40.0,1.68,97.9,M
John Mcdaniel,19.0,1.9,117.4,F
Alexa Green,44.0,1.76,65.1,M
Brittany Davis,59.0,1.56,88.6,M
Melissa Moyer,19.0,1.56,92.1,F
Monica King DDS,43.0,1.77,119.9,M
Alexandra Ferguson,34.0,1.97,64.1,M
Geoffrey Weber,57.0,1.65,86.6,M
Shelly Mendoza,50.0,1.93,74.2,F
Lee Hardy Jr.,26.0,1.88,86.8,M
Brandon Russell,60.0,1.62,66.2,F
Melinda Castillo,65.0,1.52,53.3,F
Steven Benson,56.0,1.55,90.1,M
David Newman,46.0,1.86,73.5,M
Amanda Arellano,59.0,1.6,62.7,M
Nicholas Petersen,43.0,1.69,72.7,M
Dr. Benjamin English Jr.,52.0,1.75,53.4,F
Shannon Rivera,67.0,1.86,116.5,M
Kristen Davis,42.0,1.56,90.7,M
Amber Kelly,41.0,1.7,107.0,M
Wanda Carpenter,30.0,1.74,79.6,F
Larry Hester,24.0,1.77,113.2,M
Michael Powell,53.0,1.91,83.8,M
Tara Booth,62.0,1.59,90.2,M
Charles Smith,37.0,1.9,84.4,M
Joanna Phillips,18.0,1.85,101.3,M
Melissa Kramer,25.0,1.78,89.7,M
Ryan Rivas Jr.,63.0,1.85,69.0,M
Amanda Good,33.0,1.71,60.2,F
Kim Martin,31.0,1.57,92.4,F
Kevin Valenzuela,29.0,1.83,84.2,M
Randy Vega,68.0,1.76,56.7,M
Jonathan Jones,40.0,1.82,77.7,M
Christina Harrison,32.0,1.67,86.0,F
Michael Allen,45.0,1.95,107.9,M
Chelsea Brooks,51.0,1.79,55.3,M
Marcus Johnston,19.0,1.54,74.4,F
Justin Miller DDS,49.0,1.72,107.6,F
Amber Collins,40.0,1.88,95.4,M
Frank Neal,39.0,1.9,70.3,M
Mrs. Yolanda Burke,68.0,1.75,109.2,F
Stephanie Little,42.0,1.95,84.5,F
Michael Wood,39.0,1.63,84.9,F
Shane Coleman,39.0,1.71,118.4,F
Ann Bennett DVM,66.0,1.95,116.3,M
Samantha Ramirez,69.0,1.95,75.1,M
Jack Holt,59.0,1.84,59.8,F
Deborah Johnson,23.0,1.93,72.8,M
Tina Hernandez,32.0,1.54,52.1,M
Tony Smith,60.0,1.93,51.5,F
Laura Gomez,54.0,1.66,77.7,F
Clayton Watkins,50.0,1.59,115.9,F
Crystal Montgomery,25.0,1.62,111.0,M
Lawrence Turner Jr.,61.0,1.71,85.8,M
Shawn Choi,61.0,1.63,89.6,M
Emily Smith,22.0,1.66,50.4,F
Angela Munoz,56.0,1.57,65.1,M
Katherine Walker,21.0,1.65,51.7,F
Mary Haley,23.0,1.79,102.8,M
Peter Prince,62.0,1.72,60.2,F
Justin Park,49.0,1.67,110.8,M
Christopher Mason,69.0,1.87,95.0,M
Chris Bryant,47.0,1.95,66.1,F
Rebecca Williams,64.0,1.88,61.0,F
Alex Atkinson,52.0,1.67,93.9,M
Jerry Patton,57.0,1.87,113.1,M
Michael Riley,69.0,1.58,100.3,F
Tonya Jones,33.0,1.57,74.4,M
Nicholas Santiago,30.0,1.67,91.1,M
Andrea Wright DVM,67.0,1.9,71.8,F
Kelly Johnston,59.0,1.62,119.9,F
William Mccarthy,47.0,1.53,102.4,M
Devin Castillo,36.0,1.57,93.0,F
Shannon Moore,34.0,1.93,79.6,M
Michele Evans,36.0,1.82,93.3,M
Peter Hill,45.0,1.63,73.9,F
Chad Smith,43.0,1.78,52.0,M
Ruth Richard,54.0,1.76,77.7,M
Jennifer Martinez,43.0,1.83,115.1,M
Jennifer Mckay,40.0,1.62,93.8,M
Maria Jacobs,26.0,1.93,55.9,M
Russell Pugh,29.0,1.65,111.9,F
Kari Lee,18.0,1.85,68.8,F
Christina Yang,18.0,1.51,67.1,M
Adam Cervantes,64.0,1.69,70.8,M
Joseph Reynolds,51.0,1.68,90.4,F
Shelly Frye,49.0,1.77,88.1,M
Jade Smith,65.0,1.54,84.4,F
Jerry Jennings,42.0,1.9,100.2,F
Megan Gonzalez,57.0,1.61,72.2,F
Randy Marquez,62.0,1.84,104.7,M
Joshua Roberts,18.0,1.9,62.3,M
Karen Hill,33.0,1.78,104.8,M
James Bowman,56.0,1.87,96.5,M
Tanner Carpenter,22.0,1.83,97.8,F
Albert Nunez,39.0,1.68,83.7,M
Larry Mcmillan,46.0,1.9,96.7,M
Jason Richardson,20.0,1.65,55.6,M
Bonnie Snow,29.0,1.79,109.6,F
Debbie Day,43.0,1.87,53.9,M
Michael Johnson,33.0,1.69,60.4,F
Megan Chung,68.0,1.65,90.4,M
Cathy Rivera,54.0,1.73,101.8,M
Melinda Massey,39.0,1.91,55.3,M
Linda Duarte,46.0,1.96,114.5,M
Jonathan Shepard,31.0,1.77,118.2,M
Megan Murphy,45.0,1.83,92.4,F
David Charles,22.0,1.95,83.7,M
Mrs. Cynthia Kelley,64.0,1.55,101.9,F
Rhonda Meyer,66.0,1.62,73.0,M
Donald Turner,47.0,1.85,84.5,M
Leslie Gill,63.0,1.91,114.1,F
Randall Bailey,69.0,1.93,116.9,M
Christina Meyer,22.0,1.71,114.9,F
Mrs. Amy Olson PhD,29.0,1.54,68.4,F
Lisa Kent,33.0,1.72,66.3,M
Christine Cameron,43.0,1.62,70.8,M
Julie Hutchinson,43.0,1.65,80.9,M
Christian Johnson,65.0,1.89,72.0,M
Olivia Nguyen,38.0,1.54,76.2,M
Melissa Harris,56.0,1.91,93.4,F
Natalie Hogan,53.0,1.71,103.4,F
Kevin Richard,50.0,1.8,101.5,M
Gary Williams,47.0,1.54,107.0,M
Sydney Snyder,54.0,1.67,52.3,F
Jamie Rivera,40.0,1.54,53.3,F
Ronald Fuller,27.0,1.98,105.3,F
Craig Lee,22.0,1.9,87.3,M
David Cox,53.0,1.73,90.5,M
Christopher Cannon,51.0,1.61,53.7,F
Ryan Hill,69.0,1.97,67.9,F
Elizabeth Diaz,48.0,1.67,94.7,M
Derek Vega,27.0,1.58,110.1,F
Megan Solis,36.0,1.78,114.2,M
Tyler Arellano,49.0,1.97,85.0,F
Patrick Sullivan,18.0,1.5,88.2,M
Natalie Rodriguez,22.0,1.62,108.3,F
Bob Pham,62.0,1.97,87.6,F
Jessica Roach,21.0,1.59,86.2,F
Anna Montgomery,33.0,1.56,113.4,F
Lisa Pacheco,41.0,1.79,105.3,M
Ronald Jones,33.0,1.93,113.6,F
Collin Walker,19.0,1.74,65.3,M
Pamela Mills,66.0,2.0,86.7,F
David Austin,45.0,1.84,109.0,F
Amanda Nichols,49.0,1.54,57.8,M
Kimberly Phillips,44.0,2.0,105.6,F
Marie Sanchez,37.0,1.7,62.8,F
Jeremy Lopez,41.0,1.64,106.6,M
Gregory Navarro,29.0,1.78,92.8,F
Catherine Harris,67.0,1.65,63.5,F
Timothy Colon,52.0,1.54,83.1,F
James Bates,50.0,1.5,97.7,M
Samantha Weber,50.0,1.72,94.4,F
Victoria Brennan,68.0,1.92,79.9,M
Susan Johnson,60.0,1.79,113.0,M
Johnny Booker,54.0,2.0,86.3,M
Kathy Martinez,29.0,1.64,85.4,M
Andrew Schwartz,20.0,1.64,54.4,F
Jesus Thompson,18.0,1.58,114.5,F
Jacob Rivera,50.0,1.58,62.4,M
Monica Church,57.0,1.64,87.0,F
Jody Myers,27.0,1.9,106.2,F
Daniel Clements,60.0,1.95,65.1,F
Jonathan Long,61.0,1.99,86.9,F
Lisa Garcia,46.0,1.62,66.8,F
Daniel Martinez,30.0,1.94,103.2,F
Samantha Johnson,29.0,1.66,89.5,M
Michael Adkins,48.0,1.56,109.9,F
Daisy Berg,63.0,1.94,112.6,M
Carolyn Bell,19.0,1.82,95.4,F
Erin Quinn,68.0,1.58,100.8,M
Adam Lewis,67.0,1.71,88.4,F
Shelley Brown,52.0,1.64,76.9,M
Joseph Gordon,40.0,1.87,95.4,M
Lindsay Vaughan,34.0,1.73,113.6,F
Jennifer Nichols,43.0,1.99,79.2,F
Monica Arias,25.0,1.53,72.0,M
Angela Ray,46.0,1.68,77.2,F
Nicholas Santiago,43.0,1.74,80.5,F
Renee Henry,27.0,1.75,55.1,F
Daniel Pitts,43.0,1.66,84.9,F
James Miller,51.0,1.86,84.6,M
Michael Reyes,68.0,1.94,91.2,F
Emily Smith,58.0,1.97,75.4,F
Bryan Adams,24.0,1.9,92.9,F
Stacey Smith,21.0,1.93,111.5,F
Jesus White,67.0,1.78,116.9,M
Ellen Collier,62.0,1.91,90.9,F
Maria Moss,28.0,1.65,53.0,F
Samantha Gregory,46.0,1.7,117.8,F
Brian Richardson,53.0,1.66,99.4,M
Robert Burns,42.0,1.73,73.5,F
John Davis,38.0,1.64,60.3,M
Brian Miller,53.0,1.98,60.0,F
Edward Davenport,27.0,1.66,61.7,F
Melissa Morris,54.0,1.55,53.2,M
Traci Horn,26.0,1.76,113.2,M
David Chen,41.0,1.53,87.9,F
Patricia White,52.0,1.56,99.0,F
Brian Booth,66.0,1.61,108.0,F
Zachary Washington,52.0,1.73,105.4,F
John Hernandez,65.0,1.72,111.8,F
Zoe Hester,53.0,1.9,117.7,M
Heather Perez,35.0,1.87,80.7,F
Sarah Bates,66.0,1.71,116.5,M
Terrence Contreras,56.0,1.67,100.6,M
Nancy Crawford,49.0,1.66,54.9,F
Charles Anderson,41.0,1.89,97.7,F
Karen Smith,40.0,1.53,98.1,M
Amanda Hernandez,49.0,1.51,113.4,M
Amber Dawson,54.0,1.9,76.1,F
Christopher May,29.0,1.74,90.9,M
Aaron Pena DDS,66.0,1.57,50.9,M
Megan Anderson,30.0,1.62,73.2,M
John Burgess,40.0,1.97,54.4,F
Lance Smith,42.0,1.93,86.5,F
James Parrish,52.0,1.85,107.2,M
Olivia Richardson,58.0,1.74,64.5,M
Mrs. Heather Miller MD,47.0,1.76,86.9,F
Melissa Smith,34.0,1.99,64.3,F
Jason Villanueva,66.0,1.98,58.4,M
Gabrielle Schwartz,37.0,1.61,85.8,F
Cynthia Case,65.0,1.91,55.5,F
John Robertson,42.0,1.6,91.1,F
Jennifer Wilkins,39.0,1.61,52.2,F
Cheyenne Chavez,30.0,1.84,57.5,F
Karen Hernandez,36.0,1.7,88.5,M
Brandon Stevens,66.0,1.97,91.4,M
Amy Ruiz,53.0,1.54,52.0,F
Faith Dickerson,29.0,1.76,90.1,F
Regina Nicholson,58.0,1.96,108.7,F
Robert Lowe,36.0,1.95,100.6,F
Wendy Hudson,29.0,1.58,59.2,M
Gerald Fisher,26.0,1.68,91.5,M
Joe Garrett,24.0,1.81,97.1,F
Chelsea Fox,45.0,1.58,52.6,F
Kristine Ortiz,31.0,1.98,109.9,F
Sharon Snyder,48.0,1.96,113.4,F
Stephanie Ball,69.0,1.58,109.5,F
Michelle Stewart,36.0,1.56,107.7,M
Jason Figueroa,64.0,1.54,102.1,M
Alison Jimenez,33.0,1.95,94.3,F
Rachel Preston,22.0,1.6,97.5,F
Kristopher Rich,52.0,1.71,106.4,M
Ann Wong,29.0,1.72,96.4,M
Melissa Spencer,42.0,1.8,72.9,M
Stephen Shaw,69.0,1.54,76.3,F
Betty Krause,38.0,1.61,112.8,M
Robert Berger,53.0,1.97,51.2,F
Sandra Pratt,40.0,1.95,98.9,F
Anthony Mcknight,33.0,1.89,116.8,M
Nathaniel Bishop,56.0,1.51,99.4,F
Jonathan Lawrence,62.0,1.66,119.6,M
Cynthia Collins,59.0,1.81,98.1,F
Greg Kaiser,56.0,1.64,52.4,M
Robert Fernandez,31.0,1.95,107.9,M
Taylor Harrison,48.0,1.82,69.9,M
Willie Juarez,22.0,1.54,81.2,M
Janet Wagner,52.0,1.95,71.8,F
Sean Romero MD,40.0,1.98,68.8,M
Rebecca Riley,46.0,1.54,80.2,M
Michael Robertson,60.0,1.77,76.5,M
Wayne Martinez,28.0,1.65,94.3,M
Patricia Parsons,35.0,1.7,106.9,F
Tyler Parker,64.0,1.59,70.8,M
Juan Morris,29.0,1.79,65.0,F
Thomas Jones,26.0,1.98,96.7,F
Denise Cobb,27.0,1.75,96.9,F
Jeremy Spencer,61.0,1.54,113.1,M
Jennifer Robertson,34.0,1.81,51.1,F
Alejandro Campos,55.0,1.67,109.7,M
Justin Parker,24.0,1.93,86.5,M
Melvin Larsen,63.0,1.72,93.5,M
Monica Campos,30.0,1.6,56.4,F
Jeremiah Burnett,57.0,1.6,80.3,M
Larry Vaughn,59.0,1.88,65.9,F
Gary Collier,26.0,1.63,67.8,F
Brandon Rollins,67.0,1.88,85.3,F
Mr. Alexis Dixon MD,44.0,1.6,106.9,F
Cassandra Peterson,19.0,1.66,102.1,M
Jenna Ibarra,22.0,1.73,91.4,M
Bradley Medina,46.0,1.97,87.8,M
Brett Humphrey,54.0,1.97,79.9,M
Antonio Burns,55.0,1.6,118.1,M
Tyrone Brown,36.0,1.68,89.2,F
Jeffrey Anderson,25.0,1.57,67.8,F
Jennifer Bush,65.0,1.75,66.1,F
Lisa Frye,62.0,1.73,92.8,M
James Malone,18.0,1.95,86.6,F
Lori Green,39.0,1.97,50.5,M
Jason Deleon,69.0,1.69,108.1,F
Bryan Galloway,34.0,1.75,99.3,F
Casey Owens,24.0,1.95,96.3,F
Jeffrey Snyder,42.0,1.9,54.8,M
Lisa Phillips,62.0,1.5,75.3,M
Andres Perry,21.0,1.66,115.5,M
April Baird,53.0,1.71,110.4,M
William Roberts,23.0,1.61,70.0,F
Veronica Jimenez,48.0,1.6,61.0,M
Kenneth Martinez,36.0,1.52,81.4,M
Arthur Hawkins,61.0,1.82,74.9,F
Sandra Dixon,56.0,1.63,97.8,
Rodney Butler,44.0,1.53,117.7,F
Matthew Short,27.0,1.62,75.4,M
Jillian Farmer,43.0,1.9,54.4,F
Sarah Wood,36.0,1.93,112.8,F
Bryan Jones,56.0,1.74,52.7,M
Ryan Harrison,20.0,1.71,116.7,F
Neil Brown,62.0,1.99,96.5,M
Tammy Montgomery,30.0,1.6,115.9,M
Ryan Evans,67.0,1.61,64.0,M
Julia Collins,45.0,1.65,52.8,F
Erika Humphrey,37.0,1.59,84.2,F
Amy Phelps,45.0,1.69,81.5,F
Molly Cox,25.0,1.96,73.2,M
John Sloan,58.0,1.81,117.0,F
Lori Martin,56.0,1.71,107.6,M
Michael Wyatt,18.0,1.97,96.3,F
Alicia Johnson,20.0,1.52,61.4,M
Jonathan Hill,30.0,1.61,101.4,M
Nicholas Anthony,45.0,1.78,100.9,M
Susan Jimenez,66.0,1.81,79.8,M
Daniel Blake,42.0,1.52,114.7,M
James Anderson,50.0,1.7,61.7,M
Amy Mills,55.0,1.82,68.7,M
Ryan Kim,23.0,1.85,54.4,M
Heather Hunter,61.0,1.82,105.7,M
Aaron Williams,62.0,1.66,93.5,M
Todd Wagner,49.0,1.55,72.0,M
Heather Howard,62.0,1.71,61.5,M
Christopher Wise,64.0,1.56,52.8,F
Rebecca Sanchez,38.0,1.97,61.7,F
Tony Hartman,33.0,1.74,81.7,M
William Benjamin,38.0,1.66,67.3,F
Brett Mullins,28.0,1.88,68.1,M
Kevin Baxter,54.0,1.75,111.3,F
Renee Fischer,53.0,1.66,86.1,M
Nancy Atkins,52.0,1.91,101.0,F
Richard Harper,36.0,1.93,52.5,M
Rachel Hill,37.0,1.84,75.6,F
Kimberly French,35.0,1.52,83.5,M
Cassandra Matthews,64.0,1.78,63.0,F
Timothy Allen,58.0,1.88,58.4,F
John Taylor,66.0,1.57,110.9,F
Allison Marshall,31.0,1.61,115.8,M
Zachary Diaz,32.0,1.94,55.5,F
Martha Foster,48.0,1.51,74.4,F
Jake Dominguez,18.0,1.88,117.1,M
Kristi Hicks,20.0,1.74,55.8,M
Thomas Guerrero,33.0,1.72,95.1,F
Melinda Hunter,40.0,1.5,118.1,M
James Carlson,28.0,1.91,118.5,F
Susan Turner,29.0,1.68,83.0,F
Timothy Wu,27.0,1.77,61.4,M
Perry Camacho III,49.0,1.84,64.1,F
Stephanie Conley,33.0,1.85,112.3,F
Jacob Cummings,25.0,1.98,113.8,M
Julie Hernandez,55.0,1.77,92.6,M
Emily Wang,29.0,1.7,103.6,F
Miss Erica Jones DDS,41.0,1.98,101.8,F
Mark Wood,45.0,1.82,96.3,F
Michelle Evans,25.0,1.65,107.9,M
Steven Johnston,45.0,1.56,98.0,F
Tyler Robbins,53.0,1.92,87.4,F
Kimberly Smith,43.0,1.68,66.6,F
Alexis Murphy,25.0,1.83,102.1,M
Michael Wilson,67.0,1.74,83.1,F
Craig Ray,45.0,1.6,70.6,F
Samuel Harrison,45.0,1.8,106.1,M
Alyssa Wong,54.0,1.53,98.8,M
Robert Gonzalez,58.0,1.71,115.6,F
Charles Nelson,53.0,1.77,61.6,M
Amanda Lutz,44.0,1.72,95.4,F
Richard Hansen,34.0,1.87,67.1,F
Abigail Valdez,26.0,1.91,113.3,M
Donna Sosa,50.0,1.89,57.0,F
Steven Green,37.0,1.52,95.9,F
Derek Nichols,30.0,1.6,105.4,F
Melissa Rocha,45.0,1.77,74.8,F
Nicole Hanson,65.0,1.97,116.8,F
Crystal Ramsey,46.0,1.92,109.6,M
Karen Bauer,30.0,1.92,70.6,F
Jessica Anderson,63.0,1.65,50.5,F
Andrew Mills,52.0,1.71,70.8,M
Kara Delacruz,23.0,1.74,69.7,M
Todd Ryan,35.0,1.58,112.3,M
Amy Morales,68.0,1.52,117.7,M
Thomas Jordan,22.0,1.97,54.9,M
Rachel Dillon,64.0,1.62,83.0,M
Ronald Santos,42.0,1.62,88.4,M
Angelica Daniels,19.0,1.54,56.5,M
Catherine Calhoun,27.0,1.96,76.4,F
Thomas James,47.0,1.79,72.2,F
Cynthia Howe,67.0,1.83,87.5,M
Jonathan Pittman,62.0,1.96,96.3,F
Renee Mann,22.0,1.67,99.2,F
Courtney Fuller,50.0,1.81,59.6,F
Matthew Bailey,18.0,1.52,106.9,F
Kirk Taylor,35.0,1.59,97.5,F
Samantha Hopkins,49.0,1.92,112.2,M
Amanda Patel,64.0,1.88,81.5,M
Dr. Kristopher Jefferson,66.0,1.68,112.6,F
Cristina Mccall,28.0,1.69,110.6,M
Tristan Weeks,38.0,1.77,80.7,F
Natalie Miller,43.0,1.5,76.7,F
George Meyer,42.0,1.62,115.3,F
Anthony Martin,39.0,1.6,100.1,M
Nicole Cox,44.0,1.63,115.0,F
Phillip Lane,66.0,1.9,105.8,F
Natalie Johnson,30.0,1.64,92.7,F
John Oconnor,50.0,1.6,58.1,M
Chelsea Zamora,51.0,1.75,70.4,F
Wendy Johnson,58.0,1.93,117.8,M
Amber Davis,52.0,1.62,72.4,F
Fernando Reid,18.0,1.54,56.5,F
Kevin Burch,38.0,1.68,99.5,F
Daniel Clark,65.0,1.87,101.4,M
Jason Delgado,23.0,1.78,70.0,F
Mark Hill,45.0,1.91,70.8,F
Nicolas Reese,34.0,1.98,82.8,F
John Rodriguez,22.0,1.9,51.5,F
Jessica White,48.0,1.8,105.3,F
Haley Campbell,22.0,1.75,72.2,F
Morgan Greer,55.0,1.52,109.8,M
Samuel Strickland,20.0,1.99,106.2,F
Sarah Moore,40.0,1.69,96.3,M
Sarah Kim,54.0,1.58,72.7,F
Ashley Reyes,54.0,1.83,86.1,M
Kimberly Schultz,27.0,1.64,81.1,F
Charles Bates,27.0,1.79,73.7,M
Tiffany Adams,36.0,1.79,109.4,F
Eric Collins,34.0,1.72,83.8,M
Tonya Johnson,38.0,1.92,108.3,F
Daniel Sawyer,31.0,1.63,57.4,M
Dylan Smith,26.0,1.72,59.9,F
Samantha Buchanan,63.0,1.77,118.4,F
Darren Jones,18.0,1.83,91.1,F
Michael Garcia,68.0,1.89,85.7,M
Yvonne Reeves,62.0,1.7,86.6,M
David Kirk,30.0,1.82,65.1,M
Deborah Carlson,21.0,1.58,100.3,F
Jesse Lowe,18.0,1.97,55.9,M
Tyler Mccoy,66.0,1.69,90.1,F
Kimberly Rodriguez,57.0,1.86,90.0,F
William Robinson,49.0,1.51,114.0,F
Ryan Williams,51.0,1.6,86.8,F
John Vargas,45.0,1.74,59.6,F
Terrence Campos,48.0,1.94,90.1,F
Shannon Bender,25.0,1.76,56.4,F
Elizabeth Rose,56.0,1.96,64.3,M
Taylor Hogan,43.0,1.74,52.2,M
Justin Rodriguez,51.0,1.75,85.9,F
Joseph Gomez,20.0,1.56,55.9,F
David Hall,67.0,1.9,82.9,M
Andrew Savage,29.0,1.62,115.3,F
Judy Ochoa,18.0,1.95,100.4,M
Anita Downs,61.0,1.96,55.4,F
William Adams,22.0,1.97,65.7,F
Dana Morris,47.0,1.76,97.2,M
Patricia Hoover,47.0,1.84,112.6,M
Hector Rice,34.0,1.89,52.3,F
Edward White,65.0,1.57,106.9,F
Carla Barber,64.0,1.8,89.3,M
Daniel Copeland PhD,40.0,1.52,88.2,M
Tamara Sparks,32.0,1.75,117.0,M
Denise Burch,54.0,1.58,102.3,F
Michael Phelps,38.0,1.59,109.5,M
Tonya Williams,31.0,1.68,74.8,F
Bradley Weiss,19.0,1.72,88.8,M
Elizabeth Dunn,28.0,1.81,93.1,M
Nicole Holmes,68.0,1.54,72.5,M
Latoya Gray,56.0,1.75,89.9,M
Erin Nichols,55.0,1.59,66.6,F
Edward Barajas,51.0,1.79,60.0,F
Robert Johnson,55.0,1.82,76.2,M
Danielle Reilly,67.0,1.78,101.8,F
Samantha Davis,51.0,1.87,114.1,F
Ian Schultz,35.0,1.67,82.0,F
Rebecca Burke,47.0,1.88,95.0,M
Alexandra Williams,32.0,1.72,57.2,M
Christian Escobar,44.0,1.74,113.3,F
Kenneth Gonzalez,68.0,1.82,89.8,M
Jeffrey Ramos,51.0,1.51,104.6,M
Gina Rodriguez,69.0,1.83,105.6,M
Chad Jones,55.0,1.81,68.0,M
Donald Woods,50.0,1.65,87.0,F
Brittany Greene,41.0,1.54,117.2,F
Mrs. Sheri Mitchell,32.0,1.55,56.3,M
Kristen Craig,47.0,1.96,97.8,F
John Rivera,59.0,1.84,117.4,F
Jason Lopez,68.0,1.56,71.0,F
Nicolas Fowler,34.0,1.68,110.3,F
Nicole Patrick,22.0,1.8,115.4,F
Christopher Love,46.0,1.92,102.3,M
Anthony Patton,21.0,1.52,66.2,F
Cassie Jones,27.0,1.62,73.4,F
Karen Cooley,34.0,1.94,52.5,M
Chris Garrett,27.0,1.5,108.2,M
Brooke Harris,34.0,1.6,109.5,M
James Booth,37.0,1.98,94.3,F
Natasha Berg,41.0,1.81,74.7,F
Brittany Gonzalez,22.0,1.63,55.4,M
Hector Hall,51.0,1.53,102.7,F
Michael Davis,23.0,1.51,100.9,M
Anthony Estes,19.0,1.62,113.9,M
Luke Franklin,30.0,1.94,101.1,F
Joshua Avila,60.0,1.71,108.0,M
Sara Simpson,60.0,1.86,102.2,F
Scott Fischer,65.0,1.96,94.1,M
Grace Mccarthy,28.0,1.7,79.9,M
Linda Williams,68.0,1.6,113.1,M
Patrick Hudson,64.0,1.76,95.6,F
Taylor Marsh,40.0,1.95,77.9,M
Jonathan Adams,33.0,1.9,55.8,M
Larry Villa,48.0,1.53,70.3,M
Diane Richardson,28.0,1.85,88.1,F
Sherry Cox,33.0,1.79,69.3,F
Lisa Hawkins,25.0,1.95,65.5,F
Brian Allen,21.0,1.56,86.9,F
Rebecca Peterson,57.0,1.77,61.9,F
Robert Coffey,21.0,1.94,106.0,M
Jamie Wilson,42.0,1.71,83.9,M
Christopher Reed,20.0,1.74,90.2,M
Andrew Boyd,49.0,1.54,60.3,M
Melanie Johnson,20.0,1.64,72.7,F
Jacqueline Herman,44.0,1.66,78.7,M
Benjamin Smith,46.0,1.97,106.6,F
Ms. Carol Buck,49.0,1.64,103.9,F
Seth Robinson,67.0,1.73,65.6,F
Ryan Sosa,68.0,1.84,93.1,M
Anthony Washington,36.0,1.58,67.0,F
Michele Cooper,38.0,1.74,119.2,M
Andre Jackson,22.0,1.87,116.6,F
Betty Liu,35.0,1.93,89.4,M
Elizabeth Guzman,45.0,1.81,98.9,M
Daniel Adams,59.0,1.83,106.1,F
Shannon Wilson,39.0,1.56,100.5,F
Donna Villanueva,38.0,1.97,99.0,M
Jennifer Cruz,23.0,1.57,117.1,M
Jackie Knight,18.0,1.89,91.8,F
Patrick Hernandez,22.0,1.63,94.5,F
Kara Wade,58.0,1.97,109.4,F
Dennis Kane,29.0,1.86,96.9,M
Rachel Singh,43.0,1.88,101.3,F
Nicholas Grant,63.0,1.61,66.4,M
Tonya Rodriguez,51.0,1.72,76.0,F
Tracy Day,66.0,1.81,60.3,F
Amanda Woodward,31.0,1.88,85.4,F
Robert Russell,43.0,1.55,81.9,M
Frederick Mercado,62.0,1.98,119.8,M
April Rice,44.0,1.95,92.8,M
Timothy Williams,26.0,1.64,105.1,M
Kenneth Smith,43.0,1.91,73.4,F
Teresa Mcgee,64.0,1.76,108.2,F
Misty Powers,39.0,1.73,93.1,F
Amy Park,64.0,1.66,98.8,M
Dalton Clements,47.0,1.79,70.6,M
Carol Moran,60.0,1.86,88.4,F
Kenneth Solomon,65.0,1.71,94.4,F
Debra Griffin,34.0,1.81,91.2,M
Misty Brewer,43.0,1.85,114.1,M
Holly Porter,53.0,1.86,112.9,M
Larry Chandler,18.0,1.53,118.0,M
Jacob Donaldson,25.0,1.93,96.7,F
Melinda Smith,66.0,1.73,118.0,M
Alison Ruiz,52.0,1.63,108.3,F
Catherine Wright,69.0,1.62,69.0,F
Susan Hoffman,32.0,1.74,79.9,F
Steven Harris,64.0,1.94,66.7,M
Mr. James Scott,39.0,1.69,50.3,F
Kimberly Hardy,31.0,1.87,63.2,F
Victoria Woodward,43.0,1.55,50.3,F
Christopher Johnson,45.0,1.74,100.4,M
Erin Walker,40.0,2.0,79.8,F
John Golden,31.0,1.89,71.9,F
Heather Grant,41.0,1.61,103.3,F
Olivia Watts,19.0,1.75,108.3,M
Terry Robles,62.0,1.62,118.3,M
Steven Smith,43.0,1.7,94.9,F
Kenneth Holland,31.0,1.89,82.3,F
Edgar Morris,68.0,1.89,71.4,M
Robert Gonzalez,24.0,1.61,65.6,M
Emily Acevedo,20.0,1.96,64.9,M
Jacqueline Gonzalez,64.0,1.8,78.6,F
Lisa Schroeder,40.0,1.69,119.4,M
William Tyler,63.0,1.75,50.1,M
Stacy Watkins,60.0,1.8,63.8,M
Carol Miller,64.0,1.78,63.2,M
Tiffany Kane,62.0,1.74,100.2,F
Crystal Kim,35.0,1.75,74.7,M
Sheri Johnson,55.0,1.59,82.0,F
James Jones,52.0,1.91,60.4,M
Abigail Gonzalez,68.0,1.77,78.3,F
Kathleen Nguyen,32.0,1.57,57.2,F
Gregory Figueroa,42.0,1.88,87.3,F
David Herrera,54.0,1.97,56.9,F
Deborah Williams,45.0,1.97,105.3,M
Joshua Lewis,27.0,1.68,89.7,F
Bryan Klein,56.0,1.57,100.7,F
Marissa Gomez,34.0,1.76,79.3,F
Sandra Ferguson,56.0,1.56,76.7,F
Jose Peterson,39.0,1.97,56.9,F
Emily Willis,43.0,1.59,86.7,M
Jenna Savage,61.0,1.63,86.0,F
Linda Murray,42.0,1.7,82.8,F
Pam Evans,34.0,1.69,101.8,F
David Oneill,30.0,1.9,108.3,F
Joshua Navarro,37.0,1.73,102.6,F
Jennifer Miller,42.0,1.59,60.1,M
Angela Harris,21.0,1.63,93.5,M
George Perez,27.0,1.75,55.6,M
Veronica Martin,20.0,1.57,98.6,F
William Moore,58.0,1.81,76.7,F
Alicia Foster,62.0,1.78,59.3,M
Pamela Gonzales,35.0,1.86,110.3,F
Gabrielle Rhodes,64.0,1.97,93.0,M
Gary Long,53.0,1.96,74.8,F
David Moreno,64.0,1.97,52.2,F
Amanda Greene,39.0,1.62,87.6,F
Matthew Johnson,51.0,1.57,114.6,M
Scott Ross,64.0,1.65,91.7,M
Marcus Harris,25.0,1.95,118.0,M
Joseph Walsh,57.0,1.99,59.6,M
Brian Dickerson,66.0,1.93,89.8,M
Jamie Wilson,61.0,1.56,105.9,M
Bradley Smith,36.0,1.97,86.8,F
Bill Sullivan,59.0,1.71,56.4,M
Sandra Watson,58.0,1.5,90.8,M
Cameron Green MD,54.0,1.72,92.8,M
Travis Giles,23.0,1.52,101.0,M
Ruben Campbell,69.0,1.77,103.3,F
Kayla Farrell,43.0,1.67,104.0,M
Kimberly Peterson,51.0,1.74,96.4,M
Benjamin Wells,62.0,1.81,65.1,M
Daniel Taylor,23.0,1.93,78.3,M
Nathaniel Thompson,54.0,1.83,104.3,F
Daniel Gross,50.0,1.72,116.7,F
Kathryn Stephens,39.0,1.91,55.5,F
Ryan Graham,38.0,1.95,87.5,M
Randy Randolph,23.0,1.56,71.9,M
Jill Moore,23.0,1.77,65.8,M
Christine Rios,65.0,1.64,85.4,F
Nicole Hernandez,21.0,1.52,92.4,F
Calvin Jones,47.0,1.83,50.7,M
Tiffany Pacheco,28.0,1.93,104.6,M
Robert Davidson,47.0,1.58,107.4,M
Daniel Fox,48.0,1.91,117.6,F
Joanne Harrison,41.0,1.93,62.6,M
Mrs. Tara Greene,26.0,1.96,91.6,F
Danielle Williams,20.0,1.63,79.9,F
Michael Juarez,68.0,1.95,73.4,F
Daniel Berg,48.0,1.66,89.6,F
Tyler Obrien,57.0,1.78,104.8,M
Monique Choi,54.0,1.53,51.6,F
Jessica Ramirez,53.0,1.52,117.9,M
Julia Chan,41.0,1.86,106.7,F
Julie Hernandez,48.0,1.72,102.6,M
Michele Ellis,23.0,1.63,103.2,F
Gary Ward,19.0,1.6,77.2,F
Nichole Combs,37.0,1.83,102.6,F
Lori Robertson,45.0,1.5,77.1,M
Whitney Meyer,28.0,1.9,112.9,F
Stacey Miles,21.0,1.54,62.4,F
Elizabeth Weaver MD,32.0,1.6,70.5,F
Robert Robinson,23.0,1.69,88.6,F
Joshua Gutierrez,66.0,1.74,72.3,M
Vincent Mills,47.0,1.68,79.7,M
Gregory Burton,55.0,1.66,84.5,M
William Barker,68.0,1.98,109.9,M
Courtney Williams,19.0,1.82,86.6,F
Melinda Preston,32.0,1.51,75.4,F
Jennifer Bates,28.0,1.72,67.3,F
Amanda Lopez,25.0,1.94,78.6,M
Andrea Knox,43.0,1.65,86.1,F
Bryan Clements,68.0,1.55,102.2,M
Heather White,62.0,1.88,58.5,M
Alexis Morgan,61.0,1.8,65.5,M
William Solis MD,22.0,1.79,76.6,F
Meagan Johnson,23.0,1.53,75.2,F
Sara King,43.0,1.57,77.4,F
April Christensen,21.0,1.81,105.5,M
Suzanne Norton,36.0,1.6,72.7,F
Bradley May,37.0,1.75,85.1,F
Christina Peterson,50.0,1.77,93.7,M
Dana Hunt,37.0,1.64,66.3,F
Megan Andrews,66.0,1.97,100.3,F
Jamie Nelson,29.0,1.92,88.3,M
Matthew Smith,64.0,1.86,81.3,M
Ricardo Stewart,18.0,1.54,106.7,F
Loretta Murillo,43.0,1.55,67.0,M
Mr. Kyle Ashley,31.0,1.75,111.8,F
Michael Jones,55.0,1.58,89.3,F
Dustin Woods,54.0,1.99,92.6,M
Albert Bennett,28.0,1.58,111.3,M
Kevin Foster,53.0,1.74,107.2,M
David Romero,30.0,1.68,92.1,M
Kevin Bowen,60.0,1.82,102.7,F
Nathan Campbell,20.0,1.56,80.3,M
Richard Wallace,50.0,1.72,88.3,M
Ashley Duncan,23.0,1.64,54.3,M
Cynthia Levine,67.0,1.94,56.3,M
Joseph Mcdowell,27.0,1.52,108.1,F
Robert Stewart,22.0,1.96,54.2,M
Madison Taylor,40.0,1.92,61.9,M
Jessica Adams,27.0,1.65,105.7,F
Marcus Perkins,61.0,1.89,50.1,M
Jordan Williams,19.0,1.52,69.8,F
Matthew Hill,30.0,1.98,90.9,F
Rachel Avery,57.0,1.76,91.7,F
John Huffman,19.0,1.65,104.4,F
Nicholas Russell,37.0,1.68,85.4,M
Alexander Ross,18.0,1.53,85.7,F
Brett Willis,54.0,1.99,100.8,M
Mrs. Debra Gibbs,26.0,1.52,84.9,F
Glenn Peterson,34.0,1.83,92.6,F
Alexander Miller,26.0,1.72,112.8,M
Jacob Thompson,28.0,1.97,78.1,M
Eric Fuller,32.0,1.62,77.0,F
Dr. Carrie Rivera,41.0,1.77,50.2,M
Anthony Williams,55.0,1.74,92.9,F
Zachary Farmer,52.0,1.85,52.1,M
Alex Mendoza,47.0,1.53,85.3,F
Laura Ray,48.0,1.6,106.3,M
Scott Mitchell,66.0,1.61,88.5,M
Allen Lynch,22.0,1.87,68.9,F
Mrs. Donna Williams,61.0,1.59,105.0,F
Jared Sandoval,67.0,1.79,68.9,F
Suzanne Bailey,31.0,1.61,101.3,M
Scott Coleman,28.0,1.93,92.7,M
Joseph Peters,26.0,1.97,61.9,F
Christine Gutierrez,51.0,1.76,113.4,M
Christopher Melendez,29.0,1.68,64.0,F
Ashley Fischer,52.0,1.62,119.3,M
Jennifer Tucker,52.0,1.52,50.5,M
Morgan Glass,18.0,1.63,68.4,M
Richard Warner,57.0,1.83,64.0,F
Bruce Nichols,39.0,1.77,51.0,M
Anthony Castro,46.0,1.97,101.3,M
Sarah Smith,25.0,1.7,98.5,M
Amber Crosby,28.0,1.85,105.5,M
George Carpenter,58.0,1.74,68.0,F
Kimberly Stone,54.0,1.76,81.1,M
Michelle Travis,31.0,1.63,96.1,M
Katrina French,47.0,1.73,80.8,M
Leslie Mcbride,52.0,1.74,98.8,M
Heather Cook,38.0,1.85,94.4,F
Diana Ayers,54.0,1.97,58.0,M
Robin Kelly,22.0,1.66,104.7,M
Patricia Ramirez,36.0,1.52,100.4,M
Kristin Oliver,31.0,1.75,95.9,M
Corey Haynes,43.0,1.77,60.9,F
Jessica Ward DVM,21.0,1.58,68.8,M
Shelley Johnson,42.0,1.88,77.5,M
Alison Weeks,62.0,1.99,69.6,F
Thomas Roth,59.0,1.97,65.9,M
Christina Smith,42.0,1.6,106.4,F
William Adams,35.0,1.94,94.7,M
Jeffrey Davis,57.0,1.85,89.6,M
Dawn Garza,25.0,1.73,65.8,M
Andrea Morris,56.0,1.77,114.3,M
Joseph Lopez,57.0,1.92,63.4,M
Kelly Williams,31.0,1.74,105.6,M
Sean Hurley,49.0,1.69,117.7,M
Sara Hickman,68.0,1.75,100.9,M
Adam Matthews,55.0,1.79,119.5,M
Daniel Davenport,50.0,1.59,95.6,M
Kenneth King,40.0,1.95,65.2,M
Kimberly White,32.0,1.84,64.3,M
Kathy Newton,50.0,1.82,72.7,F
Natalie Rodriguez,42.0,1.55,50.5,M
Whitney Ward,34.0,1.8,97.7,F
Brandon Rhodes,50.0,1.56,68.8,F
Bruce Coffey,64.0,1.54,107.1,M
Marvin Wilson,19.0,1.76,75.1,F
Zachary Lowery,31.0,1.7,83.6,M
Michelle Taylor,57.0,1.79,117.6,M
Jennifer Anderson,57.0,1.54,67.0,F
Paul Kirby,68.0,1.72,100.5,F
Anthony Delacruz,56.0,1.59,102.9,F
Megan Obrien,68.0,1.99,65.5,M
Ana Ward,23.0,1.78,85.1,F
Anthony Flores,23.0,1.84,74.5,F
Lynn Weeks,20.0,1.66,104.0,F
Robert Mueller,24.0,1.55,93.6,M
Brandon Garcia,68.0,1.99,83.3,M
Kimberly Banks,25.0,1.64,104.6,F
Samantha Adkins,59.0,1.71,66.5,F
Aimee Vazquez,69.0,1.82,102.8,F
Jesse Adams,32.0,1.51,110.6,F
Brandon Lopez,64.0,1.91,111.5,F
Frank Bennett,46.0,1.77,104.9,F
Jason Stone,50.0,1.64,78.6,F
Gregory Vazquez,69.0,1.53,118.7,M
Regina Figueroa,47.0,1.58,76.6,F
John Sloan,56.0,1.95,94.7,F
Laura Fritz,44.0,1.84,61.3,M
Daniel Osborn,53.0,1.62,118.6,F
Christopher Malone,46.0,1.53,99.3,M
David Duran,55.0,1.85,102.7,F
Mrs. Mary Mcneil,50.0,1.79,54.6,M
Stephanie Huang,54.0,1.7,103.4,F
Mary Estrada,44.0,1.68,104.2,F
Steven Kramer,50.0,1.61,97.0,M
Adam Webster,21.0,1.83,70.4,M
Benjamin Wright,39.0,1.99,84.3,M
Nancy Frye,19.0,1.59,57.7,F
Mary Hampton,27.0,1.8,83.0,F
Laura Little,22.0,1.71,67.1,F
James Price,27.0,1.72,74.4,F
Elizabeth Wong,50.0,1.63,61.4,F
Stacy Davis,55.0,1.91,66.1,M
Jenna Smith,30.0,1.74,55.4,F
John Shaw,48.0,1.77,114.4,M
Karen Poole,64.0,1.65,87.1,M
Curtis Perez,53.0,1.59,77.8,F
Darrell Roberson,62.0,1.54,87.5,F
Kevin Garcia,41.0,1.86,94.0,M
Zachary Coleman,69.0,1.6,114.5,F
Aaron Newman,32.0,1.85,62.5,M
Hannah Watkins,46.0,1.7,70.7,F
Stephanie Gibbs,25.0,1.71,118.3,M
Brian Mathews,22.0,1.73,76.0,F
Tommy Adams,46.0,1.68,51.6,F
Nicholas Mejia,64.0,1.55,60.3,F
Angela Daniel,21.0,1.65,51.8,M
Aaron Decker,29.0,1.83,119.3,F
Andrew Adams,62.0,1.83,69.5,M
Michelle Wilson,19.0,1.64,114.6,F
Eric Moreno,44.0,1.73,119.7,F
Maria Li,48.0,1.6,92.0,M
Amanda Diaz,68.0,1.61,52.3,M
Joshua Morales,68.0,1.51,55.7,M
Jeffrey Frazier,53.0,1.95,83.7,F
Randy Davis,53.0,1.61,78.4,F
Andrew Haley,43.0,1.61,92.4,F
Jon Joseph,60.0,1.64,80.7,F
Dale Mathews,44.0,1.56,115.4,F
Joshua Hudson,22.0,1.82,87.4,F
Manuel Garcia,37.0,1.54,98.6,F
Heidi Thomas,28.0,1.57,112.8,M
Kevin Hart,27.0,1.82,60.3,F
Courtney Zimmerman,57.0,1.67,66.1,M
Raymond Patel,55.0,1.85,57.5,F
Nathaniel Kelly,23.0,1.78,59.8,M
Stacy Little,25.0,1.63,85.9,M
Robert Clark,40.0,1.83,72.5,M
Jason Brown,64.0,1.56,79.6,F
Amy Good,43.0,1.77,118.8,M
Charles Brewer,63.0,1.72,61.0,M
Henry Fernandez,60.0,1.63,87.9,M
Rebecca Potter,29.0,1.8,56.9,M
Daniel Thomas,43.0,1.94,72.3,F
Nathaniel Stewart,30.0,2.0,86.9,F
Donald Gilmore,57.0,1.8,116.3,F
Dr. Christopher Perez,35.0,1.7,77.4,F
Kayla Cruz,42.0,1.61,54.5,M
James Williams,50.0,1.63,77.2,F
Paul Holland,64.0,1.74,60.2,M
Travis Stephens,57.0,1.68,66.1,F
Tanner Sutton,60.0,1.96,93.3,M
Glenn Carter,29.0,1.68,54.7,M
David Huffman,61.0,1.69,82.5,M
Jill Lucero,53.0,1.69,92.7,M
Sarah Hernandez,65.0,1.92,79.5,F
Stephanie Townsend,21.0,1.83,51.3,F
Cindy Gonzalez,22.0,1.81,119.0,M
Jeffery Liu,54.0,1.67,75.7,M
Catherine Diaz,25.0,1.91,104.5,F
Ashley Edwards,59.0,1.52,72.8,F
James Parker,66.0,1.94,83.3,F
Gary Gonzales,45.0,1.76,77.2,M
Matthew Davis,48.0,1.7,74.0,M
Christopher Roberts,26.0,1.75,51.5,M
Lisa Rivera,68.0,1.83,75.2,M
Brett Walsh,46.0,1.51,112.3,F
Diana Jones,31.0,1.94,98.3,M
Benjamin Li,57.0,1.72,60.2,F
Shawn Shah,58.0,1.67,91.4,M
Becky Hardy,39.0,1.57,112.5,F
Adam Henry,28.0,1.72,99.0,M
Ashley Cochran,40.0,1.75,60.4,F
Derek Lucas,18.0,1.7,110.7,F
Dustin Jenkins,63.0,1.84,71.1,M
Ryan Davis,54.0,1.71,81.8,F
Tiffany Robinson,38.0,1.98,86.8,F
Elizabeth Nash,43.0,1.8,109.5,F
Sara Robinson,63.0,1.9,115.2,M
Leslie Lopez,53.0,1.55,115.1,M
Christian White,40.0,1.7,50.6,M
Mr. Henry Anderson,18.0,1.67,114.5,M
Jasmine Randall,68.0,1.78,53.8,F
Jennifer Bowers,57.0,1.93,68.6,F
William Herrera,32.0,1.54,86.0,M
Leslie Lee,38.0,1.54,83.6,F
Anthony Lane,64.0,1.93,92.3,M
Nicholas Landry,26.0,1.61,83.6,M
Michael Underwood,26.0,1.83,115.4,F
Olivia Randall,27.0,1.77,66.8,M
Kelsey Morgan,69.0,1.92,69.2,F
Zachary Petty,43.0,1.56,114.5,M
Robert Collins,58.0,1.56,55.4,M
John Welch,52.0,1.78,92.7,M
Mrs. Michelle Fry,69.0,1.97,97.7,F
Andrea Rodriguez,42.0,1.71,85.4,M
Abigail Christian,43.0,1.66,98.6,F
Melissa Stephenson,28.0,1.8,62.1,M
Craig Pierce,55.0,1.97,109.7,M
Kathleen Smith,19.0,1.92,59.8,F
Robert Valentine,24.0,2.0,78.1,F
Eric Roth,35.0,1.51,55.3,F
Richard Gomez,44.0,1.56,88.2,F
Mr. Edward Wilson,51.0,1.8,96.9,F
Thomas Reynolds,44.0,1.91,115.9,F
Lisa Chapman,34.0,1.64,101.8,M
Brian Black,60.0,1.62,87.9,F
Brandon Jones,61.0,1.89,115.3,M
Jane Anderson,68.0,1.53,83.5,M
Jessica Holt,41.0,1.68,89.3,M
Brandi Davis,42.0,1.75,91.7,F
Lisa Wilcox,24.0,1.78,78.7,M
Melvin Charles,69.0,1.86,108.7,M
William Dalton,23.0,1.68,63.0,M
Karen Ingram,41.0,1.81,88.8,F
Rachel Werner,50.0,1.79,100.6,M
Mark Wallace,66.0,1.77,113.3,F
Mariah King,46.0,1.82,111.9,M
Mr. Jose Terry,60.0,1.63,85.6,F
Ronald Mcclure,39.0,1.54,95.0,F
Amanda Ford,43.0,1.56,77.6,M
Angel Flowers,45.0,1.61,82.8,M
Michele Mayer,67.0,1.75,113.4,F
Jennifer Campbell,38.0,1.92,115.1,F
Haley Smith,66.0,1.85,112.7,F
Amber Delacruz,24.0,1.89,59.7,M
Roberta Miller,34.0,1.68,109.5,M
Robert Wilson,37.0,1.7,116.4,M
Jose Clarke,58.0,1.7,75.3,M
Shelly Peterson,66.0,1.6,86.3,M
Michael Ho,37.0,1.53,104.5,F
Kyle Holland,39.0,1.8,89.3,F
Jasmine Cole,45.0,1.99,119.5,F
Ashley Rodriguez,57.0,1.58,81.9,F
Ryan Odonnell,66.0,1.52,100.0,F
Sherry Garcia,24.0,1.89,105.5,F
Ricky Patton,18.0,1.63,84.6,M
Susan Peters,49.0,1.91,110.0,F
Timothy Perez,30.0,1.85,88.2,M
Darryl Cruz,47.0,1.97,78.8,M
Jessica Noble,40.0,1.7,57.5,M
Jennifer Vega,68.0,1.83,77.5,M
Cathy Johnson,36.0,1.73,101.4,F
Christina Hicks,49.0,1.82,114.5,F
Edward Leon MD,47.0,1.72,67.6,M
Morgan Lee,46.0,1.59,74.9,M
Beth Moore,66.0,1.75,60.8,F
Briana Miller,62.0,1.76,98.4,F
Eric Holloway,46.0,1.91,117.2,F
Reginald Greene,47.0,1.87,94.9,M
Abigail Simpson,33.0,1.83,93.2,F
Stephanie Olsen,57.0,1.56,88.7,F
Christina Marsh,36.0,1.86,56.2,M
Donna Lewis MD,35.0,1.75,101.1,M
Anna Heath,18.0,1.95,92.1,F
Anthony Nelson,31.0,1.96,96.3,M
Amy Horton,68.0,1.53,112.9,M
Jacob Parker,64.0,1.91,104.9,M
Steven White,67.0,1.52,104.7,M
Ann Rhodes,19.0,1.68,114.9,M
Vanessa Smith,45.0,1.77,119.3,F
Victoria Banks,66.0,1.57,90.7,F
Mary Nelson,67.0,1.87,57.6,F
James Rhodes,47.0,1.5,82.1,F
Jessica Carter,55.0,1.58,105.1,F
Melissa Ramirez,68.0,1.79,51.9,M
Patrick Willis,21.0,1.86,54.0,F
Amy Ochoa,18.0,1.96,54.7,F
Douglas Bell,25.0,1.85,101.2,M
Mary Leon,46.0,1.84,85.1,F
Brent Rivas,56.0,1.7,75.8,F
Elaine Rogers,20.0,1.5,57.4,F
Andrew Weber,49.0,1.56,101.3,F
Megan Lowe,27.0,1.77,72.5,M
Mrs. Ashley Thomas PhD,27.0,1.84,68.6,M
Kristina Powell,36.0,1.71,95.7,M
Alexis Scott,63.0,1.87,89.1,M
Stacey Yoder,51.0,1.76,75.4,F
Andrew Moran,50.0,1.54,94.9,F
Erica Molina,40.0,1.6,69.0,F
Linda Sweeney,45.0,1.92,105.6,F
Mark Jones,49.0,1.86,66.1,F
Samantha Pope,67.0,1.95,61.1,F
Jonathon Clark,24.0,1.56,104.8,F
Brian Hansen,46.0,2.0,99.6,M
Cynthia Campbell,25.0,1.6,62.8,M
William Duncan,18.0,1.51,58.1,M
Brooke Harrington,20.0,2.0,108.7,M
John Gomez,41.0,1.64,104.4,M
Clayton Gill,40.0,1.83,72.9,M
Colin Hudson,25.0,1.59,96.1,M
Sharon Johnson,64.0,1.79,58.7,F
James Castro,54.0,1.95,85.5,F
Sandra Hopkins,20.0,1.66,51.3,F
Mark Brady,68.0,1.84,77.4,F
Sandra Drake,50.0,1.59,55.2,M
Nathan Johnson,45.0,1.81,83.3,M
Alexis Cisneros,64.0,1.67,79.5,M
Devin Davis,25.0,1.61,81.1,M
Lisa Stewart,51.0,1.66,53.2,F
Brian Fox,52.0,1.59,75.3,F
Kimberly Haney,49.0,1.95,103.0,F
Rebecca Rodriguez,41.0,1.7,75.8,F
Jacqueline Dean,31.0,1.62,100.1,M
Kaitlin Larson,49.0,1.72,75.9,M
Jesse Oconnell,63.0,1.66,79.6,F
Karen Hatfield,60.0,1.87,89.5,F
Nicholas Becker,33.0,1.99,116.5,F
Claire Chung,21.0,1.72,57.6,F
Denise Lyons,69.0,1.93,52.3,F
Tanner Raymond,54.0,1.78,92.6,F
Samantha Farrell,38.0,1.58,116.4,M
Wesley Cruz,31.0,1.85,119.3,M
Shawn English,48.0,1.76,83.9,F
Connie Payne,65.0,1.83,82.8,M
Brandi Cook,35.0,1.94,95.1,M
Stanley Smith,24.0,1.72,88.9,M
Michelle Jacobs,27.0,1.95,94.4,F
Jason Williams,24.0,1.88,111.2,M
Andrew Cooper,50.0,1.74,102.2,M
Tammy Sweeney,40.0,1.8,84.8,M
Anne Francis,38.0,1.66,82.3,M
Brandon Vega,36.0,1.99,94.8,M
Dr. Robert Weber,65.0,1.83,81.9,M
Amy Johnson,36.0,1.52,82.0,M
Eric May,53.0,1.66,51.1,F
Dominic Johnson,46.0,1.81,62.2,M
Nancy Ferrell,35.0,1.53,84.2,M
Melissa Green,19.0,1.51,107.6,M
Carol Lopez,18.0,1.73,69.5,F
Linda Green,64.0,1.67,86.6,M
Marc King,22.0,1.72,74.1,F
Matthew Maynard,37.0,1.63,57.3,M
Thomas Barrett,28.0,1.58,117.1,F
Christopher Patel,59.0,1.84,109.8,F
Melissa Smith,19.0,1.76,55.5,F
Tracy Allen,20.0,1.6,100.4,M
Gerald Barr,40.0,1.66,74.3,F
Leah Ferguson,29.0,1.8,119.6,M
Anthony Howard,37.0,1.54,71.2,M
David Davis,22.0,1.57,66.7,M
Gary Stephens,54.0,1.54,89.8,F
Kim Wright,55.0,1.91,108.5,M
William Moss,47.0,1.88,63.5,F
Jeffrey Mcintosh,26.0,1.88,99.7,M
Catherine Johnson,51.0,1.86,54.3,M
Ryan Harrison,61.0,1.83,114.3,M
Morgan Larson,52.0,1.74,55.7,M
Robin Nelson,69.0,1.82,114.0,M
Susan Wells,39.0,1.52,84.4,M
John Cooke,61.0,1.81,81.4,M
Lisa Stokes,41.0,1.89,118.1,F
John Garcia,34.0,1.75,119.3,M
Roy Tyler,27.0,1.68,95.5,M
Abigail Bryant,47.0,1.64,58.9,F
April Conrad,63.0,1.82,85.4,F
Darlene Williams,40.0,1.85,87.0,F
Amber Schwartz,49.0,1.94,86.0,M
Barbara Harrison,34.0,1.67,89.9,F
Heather Baker MD,67.0,1.88,51.3,M
Cynthia White,68.0,1.78,99.8,F
Kenneth Shepherd,34.0,1.94,99.9,M
Benjamin Davis,31.0,1.76,58.1,F
Carolyn Russo,26.0,1.76,89.9,M
Jason Green,57.0,1.79,89.8,M
Ronald Hogan,19.0,1.87,97.8,M
Steve Taylor,62.0,1.98,56.0,F
Margaret Blake,42.0,1.54,93.9,F
Bryan Peters,56.0,1.53,69.7,F
Mia Morgan,26.0,1.97,85.5,F
Jennifer Aguilar,39.0,1.76,104.1,F
Adam Potter,60.0,1.81,99.4,M
Rachel Myers,63.0,1.74,58.3,F
Brian Watson,21.0,1.55,91.4,M
Victoria Mcintosh,43.0,1.88,117.8,M
Joe Mack,46.0,1.87,61.0,M
Jessica Harrington,62.0,1.66,109.7,M
Adam Yates,51.0,1.65,99.2,F
Larry Garcia,40.0,1.92,104.2,F
Ryan West,54.0,1.54,69.7,F
Christopher Ryan,28.0,1.94,70.2,F
Kristina Nelson,23.0,1.63,113.4,F
Joseph Flores,35.0,1.8,75.2,F
Isaac Suarez,38.0,1.97,54.4,M
Stacy Rodriguez,59.0,1.84,92.0,F
Natalie Collins,53.0,1.71,58.7,M
Danielle Santiago,58.0,1.84,105.8,M
Susan Rodriguez,55.0,1.67,94.9,M
Jorge Liu,51.0,1.64,111.2,M
Michael Hamilton,34.0,2.0,104.9,F
Jeremiah Long,54.0,1.88,57.8,F
Christina Good,42.0,1.82,76.7,M
Michael Faulkner,55.0,1.68,104.2,F
Lori Collins,29.0,1.52,79.2,M
Philip Hunt,40.0,1.52,118.1,M
Lawrence Mccarty,59.0,1.78,101.5,M
Melissa Tyler,39.0,1.88,51.1,M
Linda Meadows,38.0,1.77,111.6,F
Leslie Peterson,44.0,1.92,57.1,M
Mary Owens,48.0,1.52,59.8,F
Evan Frank,23.0,1.68,101.4,M
Heather Kirby,44.0,1.62,110.5,F
Lauren Lawrence,57.0,1.72,87.5,F
Jason Atkins,51.0,1.54,70.2,F
Maria Anderson,29.0,1.98,74.6,M
Terry King,62.0,1.61,74.0,M
Jill Beck,24.0,1.96,72.9,F
Alyssa Serrano,27.0,1.71,67.0,F
Sara Ho,62.0,1.99,92.6,M
Johnny Castillo,34.0,1.78,113.0,F
Alexandria Dillon,43.0,1.97,71.5,F
Dale Gomez,38.0,1.5,63.1,F
Jason Edwards,45.0,1.87,108.7,M
Stephen Coleman,63.0,1.95,101.9,M
Rhonda Sanchez,19.0,1.57,,M
Troy Stark,60.0,1.55,61.6,M
Erik Santiago,18.0,1.71,60.1,M
Lisa Harrison,68.0,1.97,87.9,M
Paige Powell,53.0,1.77,93.0,F
Cynthia Kelley,68.0,1.76,83.6,F
Kelly Ramsey,43.0,1.57,91.9,F
Jennifer Harrington,46.0,1.5,62.6,F
Melissa Howell,38.0,1.91,83.6,F
Gary Thomas,28.0,1.54,96.1,F
Eric Davidson,57.0,1.82,80.3,M
Ashley Powell,28.0,1.96,97.6,F
Mary Robinson,53.0,1.6,81.6,F
James Powell,66.0,1.83,73.4,M
Nicole Hanson,56.0,1.54,71.3,M
Michael Steele,57.0,1.8,78.8,F
Christian Mccarthy,52.0,1.58,51.6,F
Justin Hunter,51.0,1.87,96.8,F
Paula Graves,64.0,1.65,109.2,M
Kathleen Brown,41.0,1.73,74.8,M
Morgan Miller,39.0,1.8,53.2,M
Seth Johnson,22.0,1.59,119.1,M
Nicholas Malone,50.0,1.87,68.5,F
Nicholas Kirby,53.0,1.65,58.9,F
James Johnson,64.0,1.83,75.9,F
Keith Barnett,37.0,1.58,101.7,M
Miss Anna Porter,36.0,1.84,70.6,M
William Pope,52.0,1.56,90.2,F
Jo Robinson,69.0,1.71,79.1,F
Jordan Harris,60.0,1.62,58.2,F
Eric Torres,34.0,1.87,73.1,M
Laura Mercer,62.0,1.63,100.7,F
Ethan Mejia,60.0,1.94,92.8,M
Andrea Davis,51.0,1.95,58.4,F
Carol White,26.0,1.6,61.4,F
Jason Preston,43.0,1.81,94.9,M
Carly Garcia,19.0,1.54,106.9,M
Douglas Hampton,26.0,1.7,74.5,M
Joseph Parker,26.0,1.86,91.7,F
Misty Jones,57.0,1.83,61.9,M
Michelle Chavez,34.0,1.81,71.8,F
Madison Hill,18.0,1.64,51.4,M
Jennifer Wolfe,42.0,1.69,103.8,F
Nathan Clark,60.0,1.55,78.1,M
Ronald Miller,57.0,1.86,107.1,M
James Mclean,59.0,1.75,99.6,F
Carolyn Morgan,42.0,1.85,108.0,M
James Wilson,56.0,1.62,70.0,F
William Griffin,52.0,1.66,63.0,F
Brittany Whitney,20.0,1.67,118.0,F
Theresa Wood,67.0,1.51,100.2,M
Tanner Hancock,54.0,1.67,108.4,F
David Bradley,61.0,1.9,50.9,M
Cameron Mercado,61.0,1.95,74.8,M
Albert Schwartz,68.0,1.76,102.0,F
Emma Patton DDS,47.0,1.73,55.5,M
Robert Jackson,55.0,1.52,89.7,F
Jessica Wilson,51.0,1.94,80.0,F
Michael Friedman,29.0,1.51,51.2,F
Ronald Patel,36.0,1.97,66.5,F
Katherine Johnson,54.0,1.74,69.9,F
Dana Wright,61.0,1.67,57.8,F
William Davis,66.0,1.96,94.2,M
Laura Clark,34.0,1.51,67.0,M
Krista Keller,27.0,1.79,69.4,M
David Fischer,66.0,1.77,112.9,M
Carolyn Peterson,64.0,1.61,82.7,M
Jeremy Owens,29.0,1.71,77.4,F
Brian Carter,33.0,1.83,100.7,M
Anthony Martin,41.0,1.86,113.7,F
Lauren Harrison,36.0,1.5,51.8,M
Jennifer Kidd,25.0,1.97,81.4,M
Thomas Flores,48.0,1.58,92.8,F
Jennifer Owens,38.0,1.62,72.3,M
Scott Ortiz,34.0,1.63,104.1,M
Henry Ramirez,40.0,1.52,118.0,M
Edward Cortez,54.0,1.56,116.0,F
Jill Sawyer,33.0,1.99,68.6,M
Steven Allen,23.0,1.66,65.8,F
Mariah Swanson,25.0,1.56,117.0,M
Amy Hanna,42.0,1.55,82.1,F
Betty Black,35.0,1.86,64.6,M
Courtney Frank,42.0,1.93,99.5,F
Seth Thomas,29.0,1.63,69.9,F
Patricia Mercado,32.0,1.51,68.7,M
Jessica Greene,43.0,1.61,111.5,M
Kyle Perez,58.0,1.53,61.4,M
Veronica Moore,62.0,1.55,54.5,F
Emily Elliott,43.0,1.72,68.8,M
Thomas Jones,64.0,1.61,92.5,F
Veronica Rodriguez,49.0,1.76,58.6,M
Sean Fisher,27.0,1.63,83.0,M
Laura Sanchez,33.0,1.97,93.9,F
Robert Parrish,24.0,1.95,109.4,M
Zachary Swanson,34.0,1.78,66.1,M
Matthew Alexander,40.0,1.68,107.2,M
Emily Fox,43.0,1.69,66.4,F
Audrey Brewer,38.0,1.71,97.4,F
Mr. Joseph Pham MD,39.0,1.86,80.1,F
Cheryl Mcgrath,24.0,1.73,58.0,F
Tammy Fischer,31.0,1.93,100.0,M
Sarah Romero,32.0,1.97,65.2,M
Emily Chang,24.0,1.67,62.4,M
Ryan Taylor,26.0,1.78,75.1,F
Jenna Johnson,68.0,1.55,95.7,M
Cynthia Edwards,65.0,1.6,66.4,F
Tanya Harvey,25.0,1.71,62.9,M
Vanessa Gonzalez,67.0,1.6,50.7,F
Patrick Fernandez,40.0,1.94,83.0,F
Jeremy Morgan,46.0,1.58,80.0,M
Theresa Lozano,35.0,1.73,66.4,F
Michelle Lambert,48.0,1.8,53.8,F
Evelyn Deleon,47.0,1.85,80.0,M
Shannon Johnson,69.0,1.69,105.2,F
Jeffrey Wells,56.0,1.93,100.1,F
Kristen White,52.0,1.78,110.3,M
Sandra Little,35.0,1.72,50.7,F
Crystal Taylor,59.0,1.53,117.6,F
Dawn Houston,56.0,1.73,73.9,F
Pamela Torres,34.0,1.91,119.3,M
Michael Butler,31.0,1.81,67.7,M
Chad Dixon,48.0,1.92,83.0,M
Ashley Garcia,41.0,1.75,74.8,M
Claudia Faulkner,52.0,1.56,74.9,F
Kyle Gardner,61.0,1.51,109.0,M
Carolyn Carlson,62.0,1.65,102.2,M
Sandra Anthony,51.0,1.85,119.5,M
Veronica Garcia,20.0,1.9,92.9,M
Mr. Michael Williams,54.0,1.65,82.4,F
Calvin Dawson,60.0,1.75,56.3,F
Jessica Peters,57.0,1.71,119.8,M
Stacey Robinson,43.0,1.71,88.6,F
Jessica Anderson,40.0,1.62,99.0,M
Noah Warner,61.0,1.57,78.5,M
Benjamin Nguyen,56.0,1.6,88.3,F
Andrew Black,32.0,1.53,116.0,F
Dr. Brian Wright,66.0,1.6,61.6,F
Janice Daugherty,21.0,1.5,70.5,F
Dawn Harris,46.0,1.81,60.6,F
Gary Barrett,39.0,1.66,105.5,F
Jason Bruce,42.0,1.99,54.3,M
James Macdonald,30.0,1.6,55.7,F
Jordan Harper,35.0,1.67,70.9,M
Susan Adams,50.0,1.68,86.0,M
Cathy Walker,33.0,1.5,78.4,M
Karen Gordon,62.0,1.92,53.1,M
Janet Smith,59.0,1.52,117.0,M
David Rios,61.0,1.97,116.7,F
Kimberly Harris,19.0,1.95,69.6,F
Sharon Harris,52.0,1.77,101.2,M
Amber Johnson,59.0,1.77,90.5,M
Jackson Jones,51.0,1.83,66.6,F
Lisa Jones,47.0,1.69,68.4,M
Barbara Hester,30.0,1.82,84.4,F
Donald Ward,30.0,1.52,79.3,F
Stephen Collins,35.0,1.53,70.4,F
Martha Hartman,49.0,1.73,106.5,M
Stephen Small,49.0,1.77,83.7,M
Melissa Mason,52.0,1.94,95.8,M
Andrea Parker,56.0,1.55,63.2,M
Kimberly Day,63.0,1.91,87.3,M
Kristopher Love,69.0,1.61,72.3,M
Jared Rice,46.0,1.7,86.8,M
Dan Oconnor,66.0,1.66,104.7,M
Kyle Gomez,46.0,1.7,103.8,F
Tiffany Orozco,61.0,1.58,74.8,M
John Schwartz,33.0,1.75,98.6,F
Nicholas Sanchez,61.0,1.9,115.9,F
Chloe Alvarez,64.0,1.72,93.8,F
Nicole Johnson,27.0,1.75,60.4,M
Courtney Woods,47.0,1.92,97.6,M
Jacob Barber Jr.,42.0,1.85,57.3,M
Randy Roberts,56.0,1.75,111.0,F
Meagan Allen,37.0,1.63,86.2,M
Olivia Weeks,22.0,1.94,77.0,M
Connie Solomon,18.0,1.79,54.0,F
Matthew Wolf,47.0,1.61,76.7,M
Clinton Mcgee,66.0,1.63,113.2,F
Rebecca Powell,20.0,1.9,51.5,F
Gina Braun,62.0,1.52,83.2,F
Greg Clayton,31.0,2.0,115.2,M
Ryan Miller,47.0,1.57,77.6,F
Angelica Christensen,67.0,1.9,80.0,F
Paul Gray Jr.,21.0,1.7,90.5,M
Jason Webb,35.0,1.75,82.4,F
Lisa Hansen,54.0,1.94,61.8,M
Debbie Williams,42.0,1.71,51.3,M
Mike Michael,65.0,1.77,92.7,F
Jennifer Arellano,18.0,1.52,114.5,M
Anthony Moore,63.0,1.5,57.4,M
Amy Kelly,32.0,1.62,64.8,M
Laura Short,26.0,1.84,75.9,M
Justin Taylor,32.0,1.56,106.6,F
Jeffrey Mathews,66.0,1.56,68.8,M
Jennifer Duarte,41.0,1.71,111.7,M
Jamie Martinez,21.0,1.82,53.8,M
Michael Jones,29.0,1.86,115.9,M
Jose Boyd,54.0,1.59,89.3,F
Chad Peters,54.0,1.54,96.1,F
Matthew Garcia,60.0,1.97,75.7,M
Craig Mendez,23.0,1.63,104.7,F
Samantha Ortiz,56.0,1.93,61.7,M
Bianca Hicks,63.0,1.93,53.4,F
Anita Scott,41.0,1.89,77.7,M
Jesse Green,28.0,1.58,109.8,M
Chris Thomas,30.0,1.91,102.8,F
Matthew Bishop,51.0,1.88,86.2,F
Brittany Anthony,42.0,1.8,90.0,F
David Wallace,24.0,1.67,59.1,F
Allison Smith,69.0,1.63,108.8,F
Wendy Boyle,21.0,1.56,105.1,M
Debra Skinner,25.0,1.75,96.0,M
Jeffrey Medina Jr.,37.0,1.79,82.6,
Darrell Perkins,46.0,1.68,117.5,M
Ashley Reese,68.0,1.74,111.5,F
Alexandra Crawford,62.0,1.68,95.1,F
Robert Sanchez,63.0,1.82,76.0,M
Ellen Holt,27.0,1.95,93.3,M
Jesse Phillips,60.0,1.58,90.3,F
Anthony Bryant,51.0,1.69,77.6,F
Carmen Warren,43.0,1.57,71.5,F
Sarah Deleon,58.0,1.81,78.5,F
Andre Delacruz,66.0,1.86,90.2,F
Crystal Willis,20.0,1.97,80.0,M
Theresa Mcdaniel,23.0,1.64,68.5,M
Richard Morgan,22.0,1.98,103.3,M
Lori Anderson,22.0,1.53,87.2,M
Jose Jones,64.0,1.8,54.7,F
Michelle Alvarez,40.0,1.53,75.8,M
William Graves,66.0,1.95,111.9,M
Bonnie Zuniga,26.0,1.76,102.9,M
Jared Clark,52.0,1.83,72.6,M
Kimberly Berg,37.0,1.92,115.7,M
Billy Eaton,66.0,1.58,55.4,F
Melissa Adams,59.0,1.52,117.3,M
Alexis Payne,52.0,1.94,67.2,M
John Phillips,67.0,1.66,50.6,F
Morgan Smith,35.0,1.56,80.4,F
Chris Bailey,34.0,1.73,75.1,F
Maria Hale MD,41.0,1.8,87.7,F
Brandon Martin,20.0,1.52,105.8,M
Lori Patterson,49.0,1.64,109.0,F
David Gonzales,52.0,1.52,78.1,M
Danny Anderson,55.0,1.71,80.1,F
Elizabeth Adams,30.0,1.95,60.4,M
Thomas Brown,64.0,1.99,53.3,F
Renee Rowe,42.0,1.82,94.9,F
Matthew Andrews,26.0,1.58,54.5,M
Jesus Holder,21.0,1.95,101.4,M
Shelly Hooper,31.0,1.76,87.7,F
William Gutierrez,54.0,1.58,63.9,M
Kristen Allen,51.0,1.96,87.8,M
Teresa Sherman,28.0,1.88,62.8,M
Clinton Klein,58.0,1.87,80.7,M
Cody Miller,20.0,1.85,106.0,F
Anthony Evans,45.0,1.6,82.3,M
Julie Smith,46.0,1.61,60.4,F
Ian Drake,26.0,1.84,100.7,M
Mr. Douglas Rogers,20.0,1.61,63.1,F
Matthew Hardy,42.0,1.72,101.7,F
Derek Wilkins,51.0,1.89,83.6,F
Amanda Cobb,29.0,1.89,81.8,F
Travis Rich,59.0,1.73,109.6,M
Deborah Palmer,26.0,1.9,99.6,M
Justin Weeks,32.0,1.92,52.3,F
Gloria Thomas,57.0,1.83,70.7,M
David Simon,42.0,1.61,111.0,M
Abigail Holland,22.0,1.64,51.3,F
Linda Bell,28.0,1.66,88.2,M
Patricia Wilson,51.0,1.56,100.9,M
Mr. Curtis Ayala,41.0,1.64,93.5,M
Kristen Perry,32.0,1.6,103.2,M
Kathy Chase,55.0,1.73,100.8,F
Gina Kirk,25.0,1.95,98.4,F
Christopher Trujillo,22.0,1.55,107.5,M
Amber Bowen,65.0,1.86,95.2,F
Michelle Cole DDS,43.0,1.84,78.2,F
Carrie Hernandez,35.0,1.55,83.0,F
Jodi Moore,23.0,1.96,100.2,F
Carrie Wagner,54.0,1.78,111.3,M
Robin Williams,65.0,1.68,69.1,M
Christopher Curtis,30.0,1.88,73.9,M
Donna Howell,45.0,1.63,115.2,F
Kyle Bauer,22.0,1.85,90.5,M
Julie Thompson,30.0,1.52,62.5,M
James Marsh,34.0,1.92,96.5,M
Robert Pearson,67.0,1.72,119.4,F
Samuel Ryan,57.0,1.82,107.6,M
Christopher Nelson,62.0,1.61,102.2,F
Danny Quinn,49.0,1.84,64.6,F
David Valencia,46.0,1.89,111.3,F
Brian Dunn,68.0,1.74,86.8,F
Nicole Diaz,20.0,1.81,112.3,F
Eric Taylor,57.0,1.73,73.1,M
Amy Crawford,51.0,1.95,54.3,F
Kristin Webster,57.0,1.75,83.3,F
Kathryn Hancock,44.0,1.92,68.9,F
Renee Woods,30.0,1.9,100.1,M
Amanda Rojas,62.0,1.71,117.0,M
Tiffany Davis,50.0,1.62,98.4,M
John Powell,23.0,1.7,112.1,M
Deanna Hill,41.0,1.91,81.7,F
Levi Vasquez,36.0,1.61,104.0,F
Kelly Long,33.0,1.76,109.0,M
Angela Wong,57.0,1.9,99.8,F
Natalie Copeland,45.0,1.68,85.5,M
Tony Fisher,50.0,1.82,93.8,M
Misty Sanchez,65.0,1.62,99.0,M
Brooke Santiago,58.0,1.55,67.7,F
Angela Hunt,30.0,1.9,106.7,M
Crystal Berger,60.0,1.55,116.5,M
Kevin Oconnell,62.0,1.64,82.6,F
Joy Owen,42.0,1.93,99.1,F
Francisco Miller,59.0,1.67,101.6,F
Danielle Wilson,53.0,1.99,96.4,F
Michael Gonzalez,44.0,1.99,88.3,F
Patricia Smith,55.0,1.63,111.7,F
Richard Jenkins,24.0,1.52,81.4,M
Dana Leblanc,22.0,1.85,54.3,F
Samuel Arellano,60.0,1.73,109.1,F
Michele Middleton,62.0,1.55,97.2,F
Joshua Mack,68.0,1.85,109.4,M
Samantha Roberts,48.0,1.52,59.7,F
Anita Ramos,40.0,1.94,52.2,M
Jessica Combs,59.0,1.57,115.4,M
Allen Duncan,27.0,1.56,60.3,M
Ruben Gonzalez,49.0,1.59,106.7,M
Patrick Lopez,60.0,1.98,107.6,F
Nicole Brown,47.0,1.85,99.6,F
Samantha Baldwin,56.0,1.9,59.2,F
Tracy Figueroa,48.0,1.7,96.7,F
Gavin Sullivan,35.0,1.67,112.2,F
Shannon Patterson,53.0,1.62,79.8,F
Christina Douglas,19.0,1.74,78.9,M
Melinda Bauer,31.0,1.78,81.0,M
Heather Mckinney,30.0,1.82,55.8,F
Patrick Walker,46.0,1.63,112.4,F
Cody Gonzalez,29.0,1.97,110.8,F
Catherine Elliott,56.0,1.58,119.9,F
Johnny Salazar Jr.,19.0,1.98,91.0,F
Steven Jones,49.0,1.51,102.6,F
Keith Robertson,30.0,1.74,64.2,M
Raven Thomas,63.0,1.67,96.7,M
Mitchell Taylor,44.0,1.72,95.5,F
Gregory Green,66.0,1.79,113.1,F
Jonathan King,58.0,1.72,108.2,F
Lisa Martinez,34.0,1.71,115.7,M
Lauren Malone,57.0,1.87,110.8,M
Matthew Juarez,48.0,1.84,110.8,M
Nathan Rogers,51.0,1.92,54.5,M
Sara Smith,41.0,1.62,109.2,M
James Mcdonald,62.0,1.8,92.5,F
Christopher Hurst,52.0,1.79,76.6,F
Jennifer Glover,65.0,1.68,54.0,M
Cheryl Brooks,23.0,1.74,97.4,F
Peter Hoffman,36.0,1.66,73.0,M
Timothy Torres,47.0,1.57,82.7,M
Dawn Chen,24.0,1.61,97.7,M
Susan Burns,27.0,1.55,113.8,F
Victor Medina,58.0,1.84,107.8,F
Amber Pierce,49.0,1.83,81.5,F
Lauren Turner,51.0,1.98,77.1,F
Anthony Ponce,45.0,1.86,66.8,F
Jennifer Brooks,32.0,1.53,76.1,M
Walter Townsend,47.0,1.94,57.8,M
Michael Wiley,54.0,1.93,118.0,M
Michael Brown,46.0,1.72,90.2,F
Laura Bell,39.0,1.79,58.9,F
Derrick Parks,21.0,1.99,74.7,F
Kristen Ross,37.0,1.77,88.3,M
Thomas Fox,49.0,1.95,87.3,M
Blake Fowler,53.0,1.54,52.5,M
Michael Johnson,67.0,1.6,116.6,F
Theresa Hayes,21.0,1.72,69.3,F
Samantha Carter,44.0,1.79,51.1,M
James Olsen,34.0,1.91,55.4,M
Joy Morris,29.0,1.99,90.6,M
Daniel Armstrong,39.0,1.69,59.6,M
Kristen Bennett,34.0,1.52,52.9,F
William Wilkins,27.0,1.9,76.6,M
Rebecca Robertson,18.0,1.8,93.6,F
Antonio Simmons,,1.6,57.8,F
Christian Arnold,43.0,1.75,71.9,F
Steven Reilly,35.0,1.87,79.2,F
Beth Villarreal,67.0,1.89,61.2,F
Mary Wade,31.0,1.75,85.4,M
Sandra Reid MD,64.0,1.65,56.0,F
Kyle Stone,46.0,1.99,53.3,M
Justin Pacheco,29.0,1.83,86.4,M
David Hansen,53.0,1.7,67.4,F
Rodney Hudson,52.0,1.64,56.7,M
Jennifer Bernard,69.0,1.87,79.7,M
Kevin Rich,29.0,1.62,114.1,M
Sherry Torres,24.0,1.59,100.7,M
Danielle Mathews,46.0,1.76,107.1,F
Michael Nguyen,28.0,1.64,111.0,M
Sarah Johnson,50.0,1.81,118.1,M
Linda Khan,23.0,1.56,103.4,F
Amanda Tate,64.0,1.83,92.6,F
Alicia Klein,32.0,1.64,75.6,F
Christopher Brown DVM,49.0,1.5,62.7,F
Brandon Krause,68.0,1.56,98.1,F
Nathan Bradley,28.0,1.97,119.6,M
Alec Reynolds,40.0,1.93,82.7,F
April Jackson,43.0,1.62,100.7,M
Christina Archer,51.0,1.89,84.7,F
Daniel Daniel,63.0,1.8,80.2,M
Paul Thomas,51.0,1.99,78.7,M
Jonathan Jones,46.0,1.69,85.3,F
Robert Cline,21.0,1.84,75.7,M
Marie Espinoza,34.0,1.53,102.4,F
Anthony Rodriguez,52.0,1.7,111.2,M
Emily Martin,30.0,1.98,111.8,F
Gregory Davis,58.0,1.77,65.9,M
Mrs. Dawn Watkins,56.0,1.64,112.7,M
Kaylee Wong MD,32.0,1.56,73.9,F
Carol Johnson,46.0,1.85,71.7,F
Amanda Rogers,46.0,1.82,100.9,F
Michael Hood,28.0,1.69,71.3,F
Daniel Wyatt,69.0,1.98,53.7,F
Derrick Lopez,49.0,1.51,76.2,F
Robert Kelly,19.0,1.65,100.5,F
Robert Patterson,64.0,1.96,72.9,F
Joseph Carrillo,31.0,1.66,94.1,F
Lee Rhodes,37.0,1.63,96.2,F
Amy Pugh,39.0,1.77,101.4,M
David Johns,28.0,1.91,112.8,M
Craig Mccullough,44.0,1.55,80.3,F
Nicholas Jacobs,20.0,1.97,61.7,F
Breanna Soto,34.0,1.9,72.3,M
John Mitchell,61.0,1.59,80.3,F
Cesar Martinez,45.0,1.86,100.0,M
Karen Roberts,46.0,1.69,50.9,M
Megan Allen,38.0,1.7,72.1,M
Donna Nelson,64.0,1.89,104.6,M
Alexa Clark,33.0,1.98,97.0,M
Steven Hancock,54.0,1.56,101.2,F
Maxwell Riley,37.0,1.71,106.8,M
Angela Ortiz,23.0,1.74,104.8,F
Jeffrey Diaz PhD,36.0,1.69,97.8,M
Mary Holmes,22.0,1.68,80.8,M
Justin Montgomery,20.0,1.53,118.9,M
Mrs. Sabrina Anderson,18.0,1.84,89.8,F
Allison Moran,55.0,1.72,64.2,M
Shannon Rodriguez,32.0,1.6,70.5,M
Joshua Barnes,51.0,1.91,98.5,F
Michael Lopez,52.0,1.9,114.7,F
Mark Yoder,66.0,1.74,62.5,M
Jenna Avila,42.0,1.65,55.8,M
Melissa Myers,41.0,1.82,111.7,M
Alyssa Lee,29.0,1.64,114.1,F
Dana Romero,35.0,1.62,69.3,M
Robert Anderson,32.0,1.87,76.4,F
Donna Wade,61.0,1.52,96.2,M
Richard Gordon,33.0,1.55,73.1,F
Laura Brown,44.0,1.5,111.4,F
Daniel Chase,25.0,1.58,57.5,M
Kevin Baird,63.0,1.53,52.7,M
Tammy Luna,42.0,2.0,64.6,F
Douglas Austin,34.0,1.64,70.0,M
Holly Smith,46.0,1.57,57.9,F
Bruce Grant,25.0,1.62,54.6,F
Jeffrey Barton,32.0,1.97,102.9,M
Thomas Nolan,44.0,1.76,61.5,F
Rachel Watson,63.0,1.68,114.0,M
Claudia Watson,67.0,1.94,75.8,F
Shannon Patterson,69.0,1.7,96.9,M
Robert Camacho,24.0,1.67,65.8,M
Chase Gibbs,20.0,1.6,66.8,M
Joshua Khan,46.0,1.69,90.2,F
Margaret Miller,61.0,1.66,89.2,M
Samantha Brown,41.0,1.84,103.8,F
Christopher Bryan,20.0,1.64,103.0,F
Terry Walker,37.0,1.79,96.9,M
Cody Barnes,63.0,1.53,81.4,F
John Curry MD,32.0,1.6,112.3,M
Angel Ali,42.0,1.7,93.6,F
Joshua Boone,47.0,1.97,119.3,F
James Anderson,31.0,1.69,107.4,M
Patrick Soto,24.0,1.83,53.1,M
Marcus Walker,34.0,1.63,72.4,F
Matthew Benson,61.0,1.56,90.0,M
Ralph Duke,37.0,1.53,100.5,M
Sarah Moore,53.0,1.65,88.5,F
Kelsey Jackson,26.0,1.58,105.0,M
Brian Burke,55.0,1.59,69.8,F
Larry Brown,65.0,1.88,62.9,M
Tony Young,39.0,1.51,53.8,M
Robert Hughes,19.0,1.78,90.1,F
Christopher Blair,41.0,1.69,98.2,F
Matthew Martinez,25.0,1.75,72.8,M
John Miller,28.0,1.78,93.0,M
William Dudley,30.0,1.66,53.7,F
Samantha Grant,34.0,1.65,57.0,M
Kevin Parker,25.0,1.87,99.1,M
Andrew Howard,38.0,1.94,75.8,M
Janice Cooper,35.0,1.6,97.0,M
Jason Ellison,47.0,1.55,108.2,F
Andrew Phillips,35.0,1.95,109.7,M
Bonnie Anderson,63.0,1.67,62.1,F
Ronald Riddle MD,64.0,1.78,84.0,F
Christian Conley,48.0,1.68,101.4,M
Sally Hoffman,55.0,1.56,104.2,F
Gavin Black,49.0,1.79,104.9,M
Jacob Beck,28.0,1.76,66.0,M
Scott Rhodes,62.0,1.6,63.5,F
Mrs. Patricia Freeman,42.0,1.73,91.3,F
Michael Castro,50.0,1.9,101.9,F
Charles Perry,55.0,1.8,72.3,M
Erik Fields,58.0,1.55,57.3,M
Mark Reed,25.0,1.77,100.2,M
Melanie Shaw,28.0,1.85,71.0,F
Jeremy King,39.0,1.9,61.6,F
Brittney Anderson,68.0,1.81,60.3,F
Colleen Middleton,41.0,1.58,72.0,F
Misty Lin,58.0,1.86,91.5,F
Lisa Martinez,34.0,1.84,75.1,M
Veronica Kelley,29.0,1.51,51.4,M
Kim Terry,63.0,1.71,56.8,F
Terry Cantu,49.0,1.67,70.3,F
Jonathan Kaufman,32.0,1.83,96.2,F
Jack Rodriguez,33.0,1.61,56.9,F
Mr. Samuel Mitchell,39.0,1.8,89.2,M
Angel Johnson,45.0,1.96,58.4,F
Danielle Johnson,37.0,1.9,64.8,F
Maureen Cross,50.0,1.96,62.1,F
Miranda Ramirez,27.0,1.99,54.7,M
Jeffrey Martin,57.0,1.51,97.0,M
Dorothy Martinez,49.0,1.81,82.4,F
Sandra Ramos,67.0,1.71,108.2,M
John Kennedy,50.0,1.93,56.9,F
William Gonzalez,19.0,1.63,60.1,F
Benjamin Koch,50.0,1.99,71.5,F
Deborah Dougherty,50.0,1.81,103.6,M
Kathleen Harvey,58.0,1.9,71.4,F
Cheryl Bartlett,30.0,1.54,78.6,F
April Oconnor,47.0,1.59,71.1,M
Jennifer Turner,50.0,1.88,55.6,M
Teresa Cox,30.0,1.51,115.8,F
Kelly Pope,69.0,1.91,88.4,F
Carlos Edwards,43.0,1.51,105.1,M
Rebekah Davis,39.0,1.83,96.1,M
Allison Carter,56.0,1.68,86.0,M
Philip Wood,19.0,1.81,56.3,F
Sara Green,55.0,1.85,95.0,F
Larry Coleman,56.0,1.67,60.9,M
Dave Walker,43.0,1.55,79.0,M
Doris Robles,63.0,1.53,94.0,F
Gregory Fisher,67.0,1.79,104.8,M
Peter Chandler,32.0,1.76,98.0,F
Christopher Curtis,51.0,1.87,97.0,F
Frank Harvey,59.0,1.75,60.4,F
Kenneth Dixon,61.0,1.71,74.2,M
Marilyn Carlson,66.0,1.7,53.0,F
Jeffrey Brooks,57.0,1.51,100.4,M
Zachary Miller,28.0,1.67,116.7,M
William Rodriguez,20.0,1.99,68.5,M
Sharon Austin,23.0,1.94,56.1,M
Christopher Roy,26.0,1.66,83.3,F
Mrs. Jennifer Gonzalez PhD,23.0,1.79,110.0,F
Elizabeth Harrison,26.0,1.92,88.6,F
Christina Villa,56.0,1.72,53.3,M
Brian Fisher,48.0,1.51,118.2,F
Bobby Bryant,49.0,1.54,108.0,F
Catherine Martinez,58.0,1.76,59.2,F
Michael Ballard,67.0,1.98,114.5,F
Austin Charles,29.0,1.85,81.5,M
Kimberly Smith,25.0,1.54,76.0,M
Oscar Parsons,25.0,1.59,82.3,F
Carrie Williamson,67.0,1.89,108.4,M
Antonio Mccann III,45.0,1.92,96.2,M
William Herrera,37.0,1.81,54.1,M
Zachary Jones,64.0,1.82,117.0,F
Felicia Marshall,24.0,1.51,60.3,F
Natalie Hahn,28.0,1.91,102.2,M
Alison Estes,37.0,1.89,94.5,M
Kristine Brown,33.0,1.63,63.1,M
Jordan Whitehead,21.0,1.85,62.0,M
Lisa Thomas,23.0,1.61,110.9,F
Ryan Vargas,39.0,1.52,79.4,M
Ernest Smith,43.0,1.6,95.8,F
Craig Wilson,20.0,1.59,85.3,M
Dwayne Hutchinson,58.0,1.67,100.9,F
Sheila Brown,59.0,1.71,83.5,M
Brian Gutierrez,31.0,1.75,70.1,F
Christine Graham,28.0,1.74,75.4,F
John Johnson MD,35.0,1.64,110.1,M
Ashley Hamilton,29.0,1.51,82.8,M
Christine Perez,40.0,1.8,64.9,F
Kathy Wright,29.0,1.7,115.4,F
Brenda Martinez,30.0,1.65,105.8,M
Brad Perry,42.0,1.93,53.9,M
Jessica Mccarthy,62.0,1.87,119.9,M
Beth Decker,68.0,1.93,98.6,M
Charles Anderson,36.0,1.75,61.2,F
Shawna Simon,63.0,1.57,66.6,F
Breanna Hill,53.0,1.85,98.5,F
Elizabeth Juarez,62.0,1.6,104.6,M
Brandon Rodgers,25.0,1.72,66.7,M
Nicholas Walker,46.0,1.53,68.0,M
Patrick Pollard,49.0,1.91,71.5,F
Margaret Baldwin,68.0,1.56,91.9,M
Jesse Norris,61.0,1.95,62.0,F
Jeffrey Ortega,35.0,1.93,57.3,M
Theresa Brown,23.0,1.73,97.5,F
Justin Contreras,35.0,1.87,104.5,F
Ethan Fields,36.0,1.81,85.1,F
Jane Smith,39.0,1.9,75.5,M
Vicki Hines,54.0,1.72,80.2,M
Garrett Nguyen,49.0,1.89,77.2,M
Lee Evans,58.0,1.73,117.2,M
Courtney Lyons,20.0,1.97,103.8,F
Rachel Murphy,45.0,1.74,64.6,F
Michael Beck,27.0,1.73,76.9,M
Kimberly Atkins,68.0,1.89,88.1,M
Emily Austin,52.0,1.91,92.9,M
Kimberly Stout,46.0,1.78,82.8,M
Donna Smith,32.0,1.59,106.7,F
Jennifer Hughes,50.0,1.73,103.7,M
John Deleon,24.0,1.98,85.4,F
Julie Reynolds,29.0,1.88,109.8,F
Rebecca Cameron,66.0,1.91,102.6,F
Lauren Brown,47.0,1.52,104.5,M
Jerome Curry,38.0,1.73,116.9,M
Deborah Fowler,48.0,1.82,68.7,M
Courtney Gross,41.0,1.92,68.7,M
Cameron Bennett,37.0,1.52,112.2,F
James Perez,54.0,1.93,104.1,M
Brandon Sawyer,21.0,1.77,114.9,F
Rachel Henderson,45.0,1.6,54.4,M
Sarah Gardner,61.0,1.66,93.9,F
Mark Murray,37.0,1.64,60.1,F
Kenneth Reynolds,41.0,1.77,85.3,F
Mark Fitzpatrick,67.0,1.53,60.9,M
Sandra Harper,66.0,1.58,59.0,F
Lisa Stone,68.0,1.91,50.9,F
Nicole Harvey,49.0,1.57,94.1,M
Mary Williams,58.0,1.62,75.1,F
Sara Peterson,53.0,1.73,57.4,M
Samuel Johnson,51.0,1.76,72.6,M
Jacob Haney,53.0,1.88,61.8,F
Justin Washington,19.0,1.72,115.9,F
Nancy Robertson,32.0,1.89,72.4,M
Linda Salazar,51.0,1.81,73.4,F
Brian Reed,53.0,1.56,108.8,M
Danny Rice,23.0,1.58,95.3,M
Kayla Perkins,56.0,1.72,99.7,F
Helen Bowers,59.0,1.7,94.5,M
Stephanie Simpson,68.0,1.87,116.2,F
Elizabeth Dodson,68.0,1.79,64.5,F
Stephanie Morrison,29.0,1.69,119.2,M
Ricky Garcia,20.0,1.59,108.2,F
Julie Collins,62.0,1.61,91.2,F
Jeffrey Brooks,35.0,1.79,96.4,F
James Harris,57.0,1.71,95.4,F
Vanessa Watkins,38.0,1.76,54.1,F
Gregory Zimmerman,32.0,1.59,65.3,F
Gary Patterson,50.0,1.83,117.3,M
Sandra Smith,52.0,1.93,87.4,F
Sara Bender,43.0,1.63,76.5,M
Crystal Morales,25.0,1.75,103.3,M
Joseph Perez,53.0,1.99,86.7,F
Amber Hernandez,65.0,1.67,50.9,F
Natalie Daniel,47.0,1.8,101.5,M
Mary Moore,40.0,1.55,101.3,M
Erin Edwards,59.0,1.8,61.6,F
Brian Chase,61.0,1.54,117.0,M
Dr. Gail Vega MD,31.0,1.98,65.7,M
John Jones,31.0,1.86,82.0,F
Amber Clark,19.0,1.89,58.0,M
Christopher Lee,54.0,1.85,92.2,M
Justin Ford,22.0,1.79,76.3,F
Patricia Riley,55.0,1.72,74.7,F
Larry Jones,62.0,1.93,107.9,F
David Martinez,58.0,1.98,50.7,F
Steven Harris,64.0,1.75,105.9,M
Timothy Baker,31.0,1.97,90.0,M
Walter Mckinney,56.0,1.79,119.0,M
Amy Brown,42.0,1.77,91.3,M
Douglas Santos,37.0,1.73,53.9,M
Corey Dixon,19.0,1.6,53.5,F
Derrick Rhodes,56.0,1.5,111.8,M
Stephen Bradshaw,23.0,1.62,108.9,M
Angela Reed,34.0,1.75,74.2,F
Erica Moore,42.0,1.69,93.3,M
Joshua Madden,45.0,1.72,84.3,M
Keith Costa,19.0,1.99,117.7,F
Christina Moody,52.0,1.68,116.5,F
Steven Jackson,54.0,1.73,118.9,M
Ian Davis,22.0,1.57,110.7,F
Michael Saunders,18.0,1.52,113.7,M
Sean Henderson,57.0,1.89,65.2,M
Kaitlin Ballard,29.0,1.79,108.2,F
Erik Farrell,53.0,1.88,99.6,M
Theresa Reed,62.0,1.57,117.4,F
William Williams DDS,40.0,1.79,90.0,F
David Bird,64.0,1.63,56.0,M
Roy Rodriguez,48.0,1.61,91.8,M
Stephanie Clayton,28.0,1.51,98.1,F
Jason Ruiz,27.0,1.57,65.4,F
Jessica Duran,20.0,1.65,77.6,F
Mark Armstrong,31.0,1.56,91.9,F
Victoria Mcmahon,33.0,1.99,76.2,M
Brittany Allen,27.0,1.65,76.2,F
Adrian Fry,46.0,1.57,59.3,M
Michael Martinez,27.0,1.6,115.9,F
Natalie Gonzales,29.0,1.79,102.5,F
Nicholas Smith,47.0,1.53,50.1,M
Christine Melton,58.0,1.93,103.6,M
Martin Sosa,18.0,1.98,101.8,F
Nicole Cox,22.0,1.62,50.7,M
Mr. Mark Burns,37.0,1.73,75.9,M
Carol Munoz,25.0,1.51,92.5,M
Shelby Castro,60.0,1.82,81.7,M
Joshua Campbell,29.0,1.71,104.5,F
Jennifer Dean,18.0,1.64,79.8,M
Donald Brown,37.0,1.6,60.8,F
Steven Rodriguez,45.0,1.83,118.3,F
William Richards,60.0,1.71,66.9,F
Danny Perry,54.0,1.59,100.2,F
Tyler Bennett,64.0,1.84,60.0,M
Ryan Campbell,54.0,1.78,73.0,F
Nicole Morris MD,29.0,1.93,80.9,F
Michael Obrien,54.0,1.56,63.5,M
Jessica Brown,66.0,1.89,81.5,M
Dylan Stevens,66.0,1.84,61.0,M
Kenneth Wagner,61.0,1.56,89.1,F
Jose Pitts,45.0,1.85,96.5,M
Thomas Huffman,64.0,1.72,54.4,F
Catherine Ford,32.0,1.97,111.0,F
Christopher Rich,23.0,1.57,63.0,F
Kimberly Chambers,61.0,1.82,65.8,M
Andrew Hernandez,37.0,1.69,96.3,F
Laura Ford,67.0,1.98,82.8,F
Wendy Anderson,31.0,1.66,85.0,M
Cassandra Jackson,19.0,1.98,59.0,F
Hannah Church,26.0,1.95,106.4,M
Megan Stevenson,54.0,1.64,93.2,M
Barbara Anderson,37.0,1.9,59.5,M
Robert Hill,43.0,2.0,76.2,M
Wendy Lang,46.0,1.63,106.7,M
Kimberly Solomon,18.0,1.72,89.8,M
Stephanie Morales,52.0,1.76,57.6,F
John Mcdonald,23.0,1.65,76.1,M
Kenneth Ryan,54.0,1.51,67.0,F
Todd Pitts,22.0,1.61,86.2,F
Crystal Walker,50.0,1.64,109.0,F
Ryan Chavez,66.0,1.72,80.5,F
Michael Houston,68.0,1.59,80.3,M
Omar Lee,31.0,1.94,113.4,F
Daniel Edwards,29.0,1.85,90.3,M
Angela Mason,59.0,1.54,89.6,F
Gilbert Andrade,37.0,1.83,68.3,M
Katherine Wilson,67.0,1.83,92.5,M
Joy Sanders,41.0,1.98,90.3,F
Kim Villarreal,60.0,1.5,77.8,M
David Baxter,51.0,1.62,119.3,M
Lindsey Green,42.0,1.96,111.7,M
Joel Edwards,67.0,1.97,102.5,M
Carrie Hawkins,46.0,1.86,87.6,F
John Lara,56.0,1.88,82.3,F
James Douglas MD,48.0,1.55,62.9,F
Zachary Lopez,64.0,1.76,71.4,F
David Wiley,60.0,1.62,104.2,M
Veronica Norman,67.0,1.59,81.8,F
Justin Garcia,40.0,1.91,111.8,F
Jennifer Frazier,61.0,1.57,60.4,M
Luke Brown,55.0,1.73,85.6,M
Megan Fuentes,37.0,1.97,95.3,F
Robin Medina,40.0,1.59,86.2,F
Amanda Murphy,62.0,1.99,112.2,F
Kristin Wheeler DDS,69.0,2.0,119.3,M
John Bishop,33.0,1.78,58.1,F
James Schmidt,67.0,1.59,59.1,M
James Snow,59.0,1.66,59.1,M
Alicia Burke,25.0,1.71,97.7,F
Jason Fischer,67.0,1.65,76.1,M
Eric Baker,38.0,1.64,101.3,M
Ronald Pena,18.0,1.99,78.4,F
Randy Montgomery,25.0,1.58,93.9,M
James Scott,46.0,1.87,103.9,M
Victor Sullivan,49.0,1.5,88.4,M
Danielle Carter,55.0,1.8,87.8,F
Kimberly Giles,22.0,1.96,56.2,M
Travis Salazar,64.0,1.64,78.8,M
Joseph Stone,39.0,1.59,88.2,M
Thomas Hunter,64.0,1.83,82.3,F
Kevin Michael,51.0,1.86,113.1,F
James Phillips,18.0,1.84,113.5,F
Rachel Williams,43.0,1.66,107.5,F
Scott Gomez,60.0,1.63,76.3,F
Valerie Mills,27.0,1.98,100.2,F
Michael Hoffman,47.0,1.96,77.7,F
Brandon Guerrero,67.0,1.73,66.3,M
Christopher Cortez,35.0,1.92,74.0,M
Jeffrey Summers,34.0,1.73,55.0,F
Patricia David,43.0,1.71,73.2,F
Jody Williams,25.0,1.58,82.3,F
Tammy Parks,64.0,1.71,116.9,M
Andrea Mckenzie,57.0,1.77,71.9,M
Steven Henderson,66.0,1.51,113.2,M
Donald Ramos,29.0,1.72,66.0,M
David Johnson,44.0,1.89,63.4,F
Mark Moody,25.0,1.84,86.3,M
Cynthia Fields,42.0,1.82,97.1,M
Mike Webb,63.0,1.95,53.1,M
Mackenzie Pope,21.0,1.51,65.5,F
Michael Serrano,50.0,1.78,81.9,F
Michael Lopez,18.0,1.89,73.2,F
Tara Miller,36.0,1.77,99.9,M
Joyce Davis,48.0,1.66,85.8,M
Alison Elliott,33.0,1.57,61.2,M
Tina Rose,31.0,1.94,112.6,F
Anthony Calhoun,65.0,1.74,70.5,F
Dwayne Bridges,22.0,1.94,101.2,M
Jeremy Bridges,58.0,1.79,104.6,M
Levi Long,43.0,1.84,117.4,F
Darryl Perez,45.0,1.9,84.9,M
Joshua Russell,19.0,1.83,93.1,M
Alyssa Robertson,67.0,1.7,73.4,M
Jill Kennedy,23.0,1.76,97.5,F
Amy Johnson,26.0,1.9,82.4,F
Kyle Grant,50.0,1.69,80.6,F
Michael Wolfe,58.0,1.69,109.9,F
Kelli Suarez,42.0,1.55,53.5,F
Nicole Reyes,65.0,1.96,111.7,F
Roger Hampton MD,30.0,1.55,109.6,F
Dr. Kelly Delgado,26.0,1.82,85.4,F
Jennifer Lewis,30.0,1.71,84.3,F
Rebecca Jennings,48.0,1.7,75.3,M
Christina Anderson,58.0,1.84,119.6,M
Kathleen Anderson,28.0,1.53,57.8,M
Jennifer Mclaughlin,21.0,1.8,91.3,M
Robert Estrada,51.0,1.89,97.7,F
Karen Richard,55.0,1.91,115.4,M
Mrs. Kelli Alexander,63.0,1.59,104.6,M
David Williams,21.0,1.95,95.1,M
Shirley Hall,55.0,1.83,58.2,F
David Harper,36.0,1.94,76.2,M
Stephanie Stevens,23.0,1.74,59.7,M
Melissa Bentley,51.0,1.77,111.7,M
Devin Cox,35.0,1.96,102.5,F
Chelsea Freeman,30.0,1.95,103.0,M
Michele Jones,58.0,1.72,95.7,F
Jimmy Barnes,40.0,1.64,85.5,F
Vincent Patterson,36.0,1.7,60.5,M
Ruben Banks,62.0,1.69,73.1,F
Karen Miller,28.0,1.64,59.6,F
Douglas Cruz,18.0,1.63,100.7,M
James Flores,41.0,1.93,61.2,F
Valerie Burton,24.0,1.53,99.1,M
Gerald Hatfield,42.0,1.84,98.5,M
Joseph Brown,38.0,1.59,82.2,M
Michael White,32.0,1.67,59.5,F
Mr. Brian Villa,18.0,1.53,72.0,M
Jordan Dunlap,29.0,1.63,72.4,M
Crystal Stark PhD,24.0,1.88,99.0,M
Michelle Jones,32.0,1.94,58.0,F
Eddie Christensen,38.0,1.61,108.0,M
Mark Butler,36.0,1.73,103.3,F
Cheryl Harvey,46.0,1.74,63.0,F
Robert Reese,42.0,1.94,100.3,M
Randy Kelley,50.0,1.88,96.8,F
Joseph Gray,66.0,1.76,102.4,M
Deborah Daniels,49.0,1.84,63.2,F
Joseph Oconnor,66.0,1.92,61.0,M
Alison Costa,52.0,1.5,66.6,M
Christian Myers,61.0,1.7,75.6,F
Rita Wells,55.0,1.95,105.6,M
Jodi Calhoun,43.0,1.87,101.7,M
Melissa Santos,28.0,1.77,114.8,F
Katie Morgan,52.0,1.76,54.1,F
Kevin Shaw,25.0,1.67,50.8,F
Jeffrey Wilson,63.0,1.76,98.9,F
Kaylee West,31.0,1.83,69.6,F
Christopher Snyder,27.0,1.71,73.4,M
Sara Lopez,19.0,1.86,88.3,M
Deanna Rodriguez,63.0,1.93,57.2,M
Jared Rocha,26.0,1.58,95.0,F
Shelley Scott,20.0,1.73,72.8,F
Marissa Nelson,38.0,1.7,94.3,M
Zachary Dougherty,43.0,1.84,108.4,F
Dr. Vickie Martin,25.0,1.62,62.0,M
Taylor Holden,65.0,1.82,115.2,M
Brandon Anderson,19.0,1.94,87.1,F
Lisa Ross,23.0,1.71,114.6,F
Daniel Lewis,45.0,1.96,64.5,F
Regina Lang,46.0,2.0,92.3,F
James Diaz,43.0,1.55,78.3,F
Jason Rios,42.0,1.62,104.2,F
Vicki Hoffman,29.0,1.98,92.4,M
Ian Weber,22.0,1.98,84.6,F
Marcia Swanson,51.0,1.55,113.9,M
Krista Green,65.0,1.51,76.4,M
Samuel Robles,54.0,1.58,65.4,M
Jessica Ramirez,32.0,2.0,92.6,F
Margaret Ellis,61.0,1.59,93.7,M
Brandon Miller,53.0,1.75,80.7,F
Bernard George,32.0,1.92,84.1,F
Colin Scott,60.0,1.51,117.2,F
Laura Raymond,65.0,1.8,101.3,F
Jennifer Stephens,40.0,1.64,57.7,F
Shelly Phillips,23.0,1.93,64.8,M
Dylan Smith,63.0,1.64,118.3,F
Christopher Cantu II,67.0,1.84,100.9,M
Peter Singh,61.0,1.84,114.1,F
Derrick Schwartz,60.0,1.61,71.3,F
James Neal,62.0,1.52,101.9,F
Susan Gonzales,38.0,1.7,100.0,M
Ashley Murphy,40.0,1.64,70.6,M
Heather Carter,60.0,1.9,88.6,M
Susan Gibson,33.0,1.9,93.9,M
Jodi King,64.0,1.73,83.7,F
Dustin Carter,32.0,1.8,107.9,F
Toni Wright,42.0,1.8,108.3,M
Mrs. Crystal Payne,53.0,1.91,109.5,M
Julie Bradley,28.0,1.71,106.2,M
Kevin Rojas,68.0,1.64,84.2,M
Pamela Burns,32.0,1.63,76.7,F
Bryan Zimmerman,21.0,1.77,108.2,F
Bryan Wong,38.0,1.72,84.3,F
Patricia Peterson,30.0,1.72,67.2,M
Rachel Wise,39.0,1.55,85.5,M
William Johnson,36.0,1.86,59.9,F
Shawn Bryant,51.0,1.61,98.4,M
Ernest Green,31.0,1.6,73.5,M
Kerry Keller,21.0,1.71,68.2,M
Mary Warren,65.0,1.61,117.0,F
Travis Henson,69.0,1.79,104.4,M
Dr. James Gamble MD,63.0,1.69,105.1,F
Karen Ballard,44.0,1.72,93.7,M
Frank Day,46.0,1.77,108.7,M
Lindsay Barnett,64.0,1.6,103.1,F
Melissa Davis,45.0,1.58,91.9,F
Jessica Park,52.0,1.94,117.3,F
Alexander Washington,25.0,1.72,63.4,F
Melanie Young,33.0,1.71,116.0,M
William Reed,59.0,1.52,78.1,M
Andrea Reynolds,53.0,1.75,87.0,F
April Nguyen,47.0,1.78,58.6,F
Lindsey Hatfield,35.0,1.78,87.8,M
Stephanie Hopkins,19.0,1.85,92.8,M
Kimberly Cook,66.0,1.59,119.8,M
Gregory Hahn,30.0,1.63,118.3,F
Susan Thornton,21.0,1.91,117.6,F
Joshua Miller,43.0,1.97,74.4,M
Kyle Diaz,42.0,1.57,119.4,F
Sierra Gordon,47.0,1.75,81.9,M
Daniel Mccann,28.0,1.61,109.6,F
Joshua Andrews,24.0,1.53,65.1,F
Lindsay Strickland,48.0,1.66,85.4,M
Jesse Gomez,61.0,1.57,117.6,M
Samuel Cook,27.0,1.85,116.3,F
Patrick Miller,56.0,1.77,97.9,M
Robert Anderson,30.0,1.57,105.8,F
James Carpenter,48.0,1.5,62.3,M
Kimberly Meza,24.0,1.9,100.5,M
Natalie Walton,66.0,1.59,93.3,F
Thomas Franklin,59.0,1.8,56.4,M
Leroy Garcia,59.0,1.67,57.9,F
Sarah Palmer,53.0,1.79,57.6,F
Brandon Johnston,37.0,1.66,100.7,F
Collin Wood,21.0,1.54,59.9,F
Samantha Ashley,24.0,1.61,82.7,M
Paul Henson,18.0,1.59,75.0,F
Elizabeth Jones,61.0,1.71,88.5,F
Jonathan White,62.0,1.83,99.5,F
Lucas Sparks,59.0,1.63,97.9,M
Sarah Oconnor,64.0,1.51,86.1,F
Samantha Martinez,30.0,1.76,82.5,F
Jacqueline Townsend,39.0,1.8,77.8,M
Kevin Andrews,38.0,1.98,110.3,F
Calvin Johnson,39.0,1.79,73.2,F
Carolyn Garcia,45.0,1.74,68.2,M
Douglas Taylor,26.0,1.79,102.0,F
Cindy Christensen,43.0,1.96,75.2,F
Lisa Arroyo,26.0,1.91,109.3,M
Evelyn Petersen,32.0,1.66,73.0,M
Ashley Spencer,27.0,1.62,99.1,M
Felicia Hudson,41.0,1.63,53.2,F
John Ward,59.0,1.75,77.0,F
Regina Brown,25.0,1.87,74.0,M
Kelly Stone,41.0,1.75,107.2,F
Katherine Goodman,33.0,1.53,117.7,M
Anne Snyder,66.0,1.86,82.3,F
David Cox,43.0,1.9,107.7,M
Aaron Hill,44.0,1.64,99.0,M
John Mills,54.0,1.83,117.7,M
Richard Juarez,21.0,1.71,106.8,F
Brad Powers,67.0,1.94,55.4,M
Jennifer Ramirez,41.0,1.92,99.9,M
Erin Smith,36.0,1.76,87.5,F
Arthur Young,53.0,1.85,51.2,M
Blake Baker,56.0,1.94,67.6,F
Terry Mitchell,27.0,1.75,114.5,M
Susan Fitzgerald,42.0,1.66,114.8,M
Frank White,35.0,1.88,105.9,M
Amanda Ibarra,36.0,1.61,118.7,M
Nicole Mclaughlin,53.0,1.69,106.5,M
Nathaniel Mathews,27.0,1.93,50.7,M
Mark Phillips,50.0,1.86,70.1,M
Emily Hanson,67.0,1.7,52.1,F
Ronald Morgan,22.0,1.61,56.6,M
Deborah Scott,64.0,1.68,65.3,F
John Santiago,66.0,1.64,85.2,F
Victoria Snyder,52.0,1.59,109.3,F
Daniel Davila,61.0,1.87,110.3,F
Ryan Fuentes,51.0,1.63,93.1,F
Dr. Calvin Hart,50.0,1.73,115.0,F
Timothy Palmer,38.0,1.69,85.0,M
James Patterson,34.0,1.99,112.2,M
Austin Price,39.0,1.7,81.8,M
Julie Roth,65.0,1.54,69.4,M
Casey Boyle,54.0,1.54,114.1,M
Michael Mitchell,32.0,1.8,77.2,F
Catherine Oliver,52.0,1.8,85.2,F
David Oconnell,45.0,1.71,73.0,F
Mr. Justin Freeman III,24.0,1.72,96.4,M
Nicholas Walters,49.0,1.53,119.7,M
Brittany Brown,28.0,1.76,51.8,M
Leslie Elliott,27.0,1.75,113.0,M
Mariah Bradley,26.0,1.57,50.3,F
Curtis Carpenter,31.0,1.55,75.5,F
Noah Lewis,30.0,1.56,61.8,M
Andrea Bautista,42.0,1.55,103.0,F
Heather Davenport,19.0,1.8,53.5,M
Keith Castillo,52.0,1.6,88.7,M
Sarah Lynch,24.0,1.63,70.6,M
Lisa Patel,38.0,1.59,59.4,F
Patrick Smith,35.0,1.98,104.0,F
Anna Huynh,20.0,1.93,65.2,F
Jeremy Schroeder,59.0,1.62,65.7,M
Geoffrey Glass,56.0,1.66,69.3,M
Nancy Ryan,58.0,1.6,91.1,M
Cody Mejia,66.0,1.75,96.2,F
Jamie Harris,28.0,1.51,51.2,M
Daniel Khan,56.0,1.84,66.9,M
Theresa Lawson,41.0,1.76,80.2,F
Meghan Freeman,63.0,1.95,73.2,M
Brian Wiley,36.0,1.58,111.9,F
Eric Cruz,21.0,1.9,105.1,F
Chelsea Mason,43.0,1.9,93.8,M
Sierra Malone,55.0,1.56,73.7,M
Nathaniel Blackwell,59.0,1.7,99.0,M
Justin Austin,49.0,1.59,109.1,M
Clinton Aguilar,56.0,1.63,91.6,F
Melissa Ochoa,62.0,1.63,104.9,F
Amanda Davis,63.0,1.78,102.4,F
Erin Michael,53.0,1.71,90.0,F
Lori Cook,57.0,1.97,71.9,F
Kristen Hines,54.0,1.56,102.2,F
Cassandra Ross,50.0,1.99,64.5,F
Natalie Gomez,53.0,1.62,104.6,M
Lori Holmes,20.0,1.89,106.3,M
Joel Gonzales,26.0,1.67,107.6,M
Kenneth Nixon,25.0,1.57,83.1,M
Eric Barnes,50.0,1.93,63.5,M
Sara Peterson,23.0,1.65,57.0,M
Melissa Hall,58.0,1.83,102.0,F
Mark Copeland,56.0,1.78,112.0,M
Sharon Hawkins,21.0,1.74,95.6,M
Anthony Jones,30.0,1.75,60.1,F
Sara Ferguson,66.0,1.87,115.4,F
Gabriel James,19.0,1.54,119.2,M
Russell Ortiz,22.0,1.83,80.3,F
Cameron David,61.0,1.95,91.6,M
Zachary Cooke,44.0,1.53,104.4,F
Chelsea Vang,49.0,1.57,101.5,M
Anna Ortiz,38.0,1.86,117.7,M
Nancy Rios,25.0,1.72,58.0,M
Jeffrey Moran,55.0,1.7,90.7,F
Jordan Fritz,25.0,1.57,98.4,F
Megan Grant,67.0,1.75,112.3,M
Leslie Nash,20.0,1.56,111.2,F
Michael Thomas,61.0,1.74,118.5,F
Teresa Hamilton,20.0,1.88,85.8,M
Elizabeth Hill,39.0,1.63,108.2,M
Bruce Cooper,23.0,1.74,79.9,F
Kylie Allen,19.0,2.0,79.6,F
Courtney Hamilton,40.0,1.84,67.7,M
Joel Cline,61.0,1.92,107.3,F
Jeremy Vargas,19.0,1.71,119.0,F
Derek Vasquez,55.0,1.88,67.9,F
William Blake,34.0,1.52,53.9,M
Brenda Rodriguez,52.0,1.56,107.1,F
Daniel Carlson,51.0,1.6,93.4,F
Edwin Moss,40.0,1.7,117.2,M
Tyler Le,47.0,1.92,67.7,F
John Romero,69.0,1.67,55.0,M
Bill Stone,25.0,1.83,84.5,M
Christine Andrade,39.0,1.85,56.0,M
Robert Poole,61.0,1.79,68.3,M
Omar Silva,53.0,1.68,58.8,M
Ricardo Brown,22.0,1.79,65.7,M
Jennifer Stephens,30.0,1.67,57.4,F
Kristi Lyons,46.0,1.54,116.8,M
Donald Johnson,48.0,2.0,69.5,F
Christopher Erickson,64.0,1.56,81.1,M
Mary Stanley,33.0,1.54,112.9,M
Scott Guerrero,59.0,1.94,97.4,F
Katherine Thompson,47.0,1.65,93.3,M
Gary Stephens,33.0,1.83,99.4,M
Mario Johnston,29.0,1.66,108.0,M
Jennifer Martinez,34.0,1.7,111.4,M
Andrea Ho,33.0,1.63,95.0,F
Kenneth Morgan,29.0,1.67,112.3,M
Lacey Graves,25.0,1.71,87.5,M
Mathew Galvan,37.0,1.86,69.4,M
Nicole Lambert,20.0,1.76,111.6,F
Dwayne Chang,33.0,1.97,87.9,M
Kyle Esparza,47.0,1.52,113.4,M
James Cline,62.0,1.75,52.8,F
Matthew Horne,40.0,1.79,77.8,M
Michael Duncan,45.0,1.96,116.3,F
Donald Terrell,68.0,1.52,67.5,F
Laura Marshall,57.0,1.79,115.9,F
William Mcmahon,22.0,1.93,116.8,F
Kaylee Walsh,37.0,1.62,111.7,F
George Spencer,57.0,1.94,89.5,M
Michael George,61.0,1.51,95.3,M
Bryan Schneider,18.0,1.87,110.9,F
Patricia Christian,47.0,1.97,104.3,M
Amy Calderon,38.0,1.83,94.1,M
Debra Miller,37.0,1.72,118.8,F
David Taylor,23.0,1.52,98.0,F
Alec George,39.0,1.96,118.3,M
Dawn Herrera MD,35.0,1.74,54.0,M
Cathy Williams,25.0,1.51,59.7,F
Sharon Meyer,56.0,1.84,81.6,M
Veronica Romero,49.0,1.74,76.9,F
Tyler Campbell,50.0,1.56,104.8,F
Joel Tate,33.0,1.61,61.2,F
George Lindsey,29.0,1.53,118.3,M
Ashley King,55.0,1.79,72.1,F
Tamara Myers,69.0,1.81,80.0,F
David Patel,51.0,1.75,69.2,F
Christian Smith,31.0,1.91,90.6,F
Rebecca Atkinson,53.0,1.93,54.1,F
Leslie Mckay,50.0,1.81,60.5,M
Thomas Wu,40.0,1.51,102.2,M
Lori Hall,67.0,1.85,63.1,M
Jacob Larson,62.0,1.71,66.5,F
Richard Kelly,19.0,1.78,105.5,M
Amanda Delgado,58.0,1.82,56.5,F
Johnny Bell DDS,38.0,1.68,80.6,M
Michele Carey,19.0,1.96,51.6,M
Ronald Andersen,44.0,1.57,74.3,F
Joseph Morris,26.0,1.84,98.9,M
Jennifer Brown,18.0,1.5,56.3,M
Spencer Pena,28.0,1.96,112.2,M
Karen Li,20.0,1.56,113.7,F
Erin Armstrong,69.0,1.55,57.3,M
Sarah Ritter,40.0,1.67,119.4,F
Stephen Cruz,43.0,1.69,70.8,F
Maria Shannon,21.0,1.61,55.9,F
Tony Long,35.0,1.79,50.4,M
Kathleen Oneill,23.0,1.72,78.6,M
Evelyn Jones,52.0,1.52,94.1,F
Carla Hansen,39.0,1.66,73.3,F
Lisa Walker,60.0,1.91,108.6,M
Erin Gross,32.0,1.84,100.2,M
Isaac Allen,39.0,1.86,74.5,M
Kimberly Simon,54.0,1.85,101.4,M
Joshua Martinez,69.0,1.66,115.8,F
Michael Williams,59.0,1.55,56.5,M
Rachel Moody,29.0,1.64,71.4,F
Tami Hughes,64.0,1.92,82.4,F
Matthew Cantu,66.0,1.99,84.9,M
Tracey Martinez,59.0,1.75,88.0,M
Michael Doyle,55.0,1.5,71.0,M
Theresa Monroe,35.0,1.57,96.7,M
Morgan King,62.0,1.66,95.2,M
Katie Kelly,52.0,1.79,90.4,M
Bonnie Goodman,47.0,1.54,58.0,M
Andrew Wang,41.0,1.97,83.4,F
Catherine Foster,59.0,1.68,74.9,F
Andrew Shaffer,47.0,1.96,84.4,M
Kristine Jennings,31.0,1.89,114.5,F
Kiara Phillips,23.0,1.88,83.6,F
Amy Cardenas,20.0,1.8,51.0,M
Donna Walker,33.0,1.81,80.7,F
Robert Kim,24.0,1.82,107.4,M
Joel Wallace,69.0,1.81,104.6,M
Patrick Rogers,31.0,1.78,85.9,F
Amy Davidson,26.0,1.99,67.5,M
James Rodriguez,32.0,1.87,82.6,M
Nicole Allen,38.0,1.89,89.5,M
Natalie Allen,52.0,1.94,120.0,F
Jamie Brown,19.0,1.61,95.1,F
Megan Sutton,44.0,1.54,98.6,M
Brittney Soto,19.0,1.74,84.4,M
Andrew Evans,52.0,1.76,74.8,F
Courtney Simon,35.0,1.91,106.9,F
Veronica Jackson,31.0,1.72,84.6,M
Jose Sharp,37.0,1.79,119.6,F
Joseph Rose,35.0,1.76,82.0,M
Michael Sawyer,27.0,1.52,54.8,F
Rose Wood,42.0,1.81,97.8,F
William Mcmahon,19.0,1.91,53.3,F
Aaron Holmes,42.0,1.58,67.5,F
Brandy Carrillo,50.0,1.8,74.8,M
Becky Oconnell,53.0,1.8,101.8,M
Justin Crawford,48.0,1.58,84.6,F
Charles Gutierrez,31.0,1.56,52.0,M
Joseph White,18.0,1.99,93.2,M
Carla Howell,63.0,1.7,78.8,F
Anthony Spears,33.0,1.61,114.5,F
Brooke Pratt,63.0,1.59,85.0,M
Tammy Hill,69.0,1.83,99.6,F
Richard Cummings,20.0,1.8,65.3,M
Tiffany Ray,52.0,1.82,103.3,F
Judith Cox,58.0,1.54,100.5,M
Scott Cervantes,23.0,1.95,113.3,F
Mia Maxwell,42.0,1.69,52.4,F
Heather Martin,30.0,1.66,81.3,M
Thomas Cordova,51.0,1.73,97.5,F
Stephanie Collins,25.0,1.7,56.7,M
Ms. Catherine Chung,38.0,1.93,78.7,M
Julia Moore,51.0,1.96,116.0,F
Ashley Hardin,21.0,1.65,80.5,F
David Santos,42.0,1.93,119.0,F
Anita Graves,32.0,1.89,54.0,F
Victoria Taylor,21.0,1.97,100.2,M
Christopher Jacobs,62.0,1.62,90.7,M
Benjamin Wilson,29.0,1.79,85.0,F
Brandon Taylor,49.0,1.64,118.0,M
Dr. Darryl Mora,49.0,1.91,59.1,F
Ricky Sanchez,45.0,1.5,112.7,M
Bonnie Becker,30.0,1.78,98.4,F
Charles Simon,48.0,1.67,68.1,F
Paul Walter,31.0,1.66,113.1,M
Bethany Kent,37.0,1.82,80.1,F
Amanda Beasley,35.0,1.93,107.0,M
Jessica Goodwin,46.0,1.8,77.2,F
Barbara Cox,23.0,1.93,109.6,M
Susan Jackson,49.0,1.63,94.6,M
Karen Vargas,46.0,1.76,59.9,M
Michelle Smith,60.0,1.73,95.5,M
Cynthia Hampton,19.0,1.51,63.4,F
Alicia Rodriguez,40.0,1.78,78.8,F
Jessica Cameron,36.0,1.83,61.9,F
Heidi Yang MD,48.0,1.8,51.5,M
Mrs. Sara Moody,68.0,1.87,64.8,F
David Cameron,22.0,1.79,87.5,F
Melissa Johnson,36.0,1.53,83.7,F
Dr. Sara Leon,51.0,1.56,85.1,F
Tina Deleon,27.0,1.8,67.3,M
Miguel Johnson,42.0,1.64,98.0,F
David Lee,19.0,1.54,99.3,F
Denise Jones,28.0,1.71,75.1,M
Jennifer Atkins,67.0,1.78,111.7,F
Kevin Knight,48.0,1.66,95.1,M
Dennis Hobbs,32.0,1.86,99.9,F
Wesley Phillips,26.0,1.82,69.4,M
Cameron Johnson,40.0,1.67,50.0,M
Andrew Schroeder,36.0,1.88,110.6,F
Michael Williams,26.0,1.82,107.6,F
Dr. Denise Livingston,52.0,1.82,58.6,F
Meghan Robles MD,38.0,1.78,76.2,F
Sara Martinez,26.0,1.51,96.3,F
Richard Hayes,45.0,1.85,95.6,F
Leah Johns,63.0,1.69,110.2,M
Ricardo Fleming,68.0,1.97,59.8,M
Stacey Barrett,24.0,1.91,80.1,M
Bridget Hernandez,33.0,1.79,56.8,M
Nina Butler,33.0,1.63,77.3,F
Courtney Ray,50.0,1.6,51.1,M
Andrew Pena,21.0,1.67,112.9,M
Stephanie Rogers,21.0,1.74,86.9,M
George Hester,56.0,1.65,109.5,F
Justin Cook,57.0,1.76,54.2,F
Courtney Williams,34.0,1.58,65.9,F
Erik Smith,54.0,1.99,68.2,M
Leslie Williams,56.0,1.55,77.1,F
Christina Vaughn,69.0,1.97,106.2,M
Brenda Short,46.0,1.96,77.1,M
Scott Evans,69.0,1.76,64.3,M
Eric Khan,53.0,1.86,54.5,F
Christina Phillips,55.0,1.72,55.6,F
Alexandra Cruz,56.0,1.82,103.2,F
Robert Sexton,67.0,1.67,81.1,M
Andrew Schmidt,54.0,1.65,100.8,F
Aaron Hernandez,69.0,1.79,97.8,F
Kelly Lambert,52.0,1.75,59.5,F
Mike Hill,24.0,1.79,60.0,M
Erin Brown,44.0,1.64,102.9,M
Adam Padilla,45.0,1.68,100.5,M
Christopher Ross,39.0,1.54,76.5,M
Teresa Marks,31.0,1.53,55.4,F
Eric Ibarra,24.0,1.63,50.8,F
Dalton Hood,54.0,1.54,70.2,M
Jacob Contreras,39.0,1.55,50.6,F
Rebekah Pacheco,22.0,1.91,66.1,M
Michael Meyer,19.0,1.52,79.4,F
Dustin Gordon,44.0,1.83,58.5,F
Steven Sherman,38.0,1.64,57.3,F
Sandra Valencia,55.0,1.94,112.8,M
Maria Martinez,32.0,1.74,91.0,F
Michelle Jones,38.0,1.65,115.4,F
Matthew Johnson,27.0,1.76,74.2,F
Adam Rivera,40.0,1.69,97.4,F
Danielle Smith,56.0,1.78,64.3,M
Natalie Robinson,22.0,1.56,93.3,M
Michelle Johnson,18.0,2.0,59.1,M
Johnathan Miller,30.0,1.71,50.1,F
Sheila Mathis,38.0,1.67,115.2,F
Melvin Anderson,43.0,1.86,88.8,F
Cameron Smith,67.0,1.68,114.9,M
Janice Smith,62.0,1.92,73.4,M
Sandra White,38.0,1.73,72.9,F
Cassandra Todd,35.0,1.86,78.0,M
Matthew Ramirez,54.0,1.55,99.4,M
Daniel Alvarez,62.0,1.92,89.6,F
Jill Sellers,49.0,1.87,114.8,M
Christy Morales,53.0,1.61,51.8,F
Michelle Sloan,34.0,1.57,99.6,M
Joseph Carr,52.0,1.66,73.1,M
Rachael Dunn,66.0,1.99,62.6,M
Joseph Cole,28.0,1.63,85.7,M
Elizabeth Ford,38.0,1.73,85.4,F
Richard Parker,69.0,1.52,59.6,F
David Perry,43.0,1.7,64.1,M
Chelsey Daugherty,21.0,1.79,78.6,F
Mallory Griffin,51.0,1.98,78.6,M
Linda Brown,69.0,1.76,72.2,F
Rita Pearson,65.0,1.91,60.4,M
Karen Terry,35.0,1.77,50.3,F
John Long,57.0,1.52,117.9,M
Dylan Reed,52.0,1.66,116.0,M
Kathy Ray,58.0,1.79,83.9,F
Kimberly Caldwell,46.0,1.98,119.7,M
Brandi Floyd,69.0,1.93,97.2,M
Jill Murphy,46.0,1.61,54.8,M
Nicole Carson,55.0,1.61,58.2,M
Joshua Austin,59.0,1.6,114.1,F
Benjamin Levine,38.0,1.96,94.1,F
Amanda Carey,59.0,1.93,109.0,M
Shane Jackson,30.0,1.89,112.9,M
Rachel Miller,66.0,1.7,81.4,F
James Mason,58.0,1.75,53.4,F
Christopher Ruiz,34.0,1.73,63.2,M
Jessica Mitchell,26.0,1.63,54.7,M
Walter Murray,58.0,1.75,63.2,F
Nancy Johnson,18.0,1.52,78.7,M
John Perry,19.0,1.57,58.3,F
Sandra Lee,65.0,1.94,61.7,F
Teresa Quinn,46.0,1.88,81.2,F
Anita Tucker,50.0,1.71,73.8,M
Jessica Alvarez,27.0,1.76,82.7,F
Juan Mcclain,67.0,1.68,80.0,F
Ann Mason,57.0,1.87,95.1,M
Cory Miller,38.0,1.89,115.6,F
Felicia Jackson,45.0,1.88,57.6,F
Corey Dunn,28.0,1.86,56.9,F
Richard Pierce,51.0,1.6,109.7,F
Clayton Bradford,25.0,1.67,85.4,F
Holly Olson,39.0,1.73,103.6,F
Mark Mason,25.0,1.67,65.1,M
Bethany Smith,66.0,1.88,108.0,M
Joseph Rodgers,32.0,1.66,114.7,M
Crystal Howard,34.0,1.57,94.5,F
Andrew Hill,40.0,1.7,57.4,F
Kelly Short,41.0,1.99,112.7,F
Jamie Luna,62.0,1.61,105.5,M
Yolanda Foley,36.0,1.81,102.6,M
Troy Hanson,22.0,1.72,52.6,F
Lauren Rogers,49.0,1.54,105.9,M
Hannah Leblanc,61.0,1.74,59.7,M
Ray Craig,18.0,1.85,65.6,F
Sharon Vaughan,40.0,1.76,90.4,M
Dakota Cooke,54.0,1.94,68.5,M
Kathryn Brown,25.0,1.64,96.3,M
Mary May,30.0,1.54,92.6,M
Anthony Hoffman,25.0,1.97,57.6,F
Rhonda Martinez,40.0,1.69,95.9,F
Tyler Pruitt,60.0,1.79,114.7,M
Louis Mayer,18.0,1.9,61.3,M
Daniel Duarte,62.0,1.66,91.8,M
Dennis Harding,68.0,1.86,73.9,M
Shaun Clements,41.0,1.57,82.2,F
Emily Leon,52.0,1.65,70.1,F
Jacob Watts,41.0,1.57,74.8,M
Michele Miller,34.0,1.91,52.0,M
Kirk Wilkins,22.0,1.61,118.7,M
Angela Lloyd,37.0,1.86,93.7,M
Michelle Smith,38.0,1.97,85.0,F
Steven Dickerson,57.0,1.76,76.9,M
Jason Mcneil,48.0,1.77,87.8,M
Melissa Ramirez,63.0,1.73,76.6,F
Tracy Estes,53.0,1.66,75.2,M
Jessica Guerrero,28.0,1.74,82.5,F
Veronica Browning,69.0,1.8,69.3,F
Angela Johnson,32.0,1.99,62.6,M
Charles Hill,36.0,1.97,89.0,F
Michael Wade,24.0,1.93,109.0,M
Victoria King,68.0,1.94,60.7,M
David Montes,45.0,1.73,52.3,F
Douglas Spencer,68.0,1.83,67.3,F
Sara Lee,60.0,1.95,118.6,F
Bradley Gonzales,22.0,1.7,108.0,M
Caitlin Walters MD,22.0,1.98,91.7,M
Steven Cox,47.0,1.71,115.0,M
Matthew Holmes,49.0,1.8,81.2,M
Jasmine Gamble,25.0,1.85,118.8,M
Emily Chang,27.0,1.98,70.7,F
Michelle Cruz,55.0,1.62,66.8,F
Ashley Gillespie,64.0,1.87,94.7,F
Teresa Ray,49.0,1.76,76.5,M
Tammy Hester,65.0,1.63,93.8,M
Arthur Yang,45.0,1.89,71.3,M
Alisha Giles,34.0,1.78,93.3,M
Allison Acosta,48.0,1.83,69.3,M
Cynthia English,25.0,1.66,53.6,F
Amy Taylor,57.0,1.74,113.8,M
Shelly Wilson,42.0,1.81,111.8,F
David Ellis,26.0,1.7,118.0,M
Marissa Lewis,19.0,1.6,100.2,F
Kevin Adams,32.0,1.98,97.8,M
Ronald Ford,67.0,1.76,89.1,M
Ashley Kelley,20.0,1.87,58.8,F
James Moore,66.0,1.71,63.2,M
Jose Ferguson,53.0,1.68,70.3,M
Jesse Montoya,21.0,1.7,112.3,M
Lauren Davis,31.0,1.7,62.1,F
Destiny Lynch,58.0,1.77,114.6,F
Christopher Frazier,58.0,1.77,86.6,M
Dennis Miller,42.0,1.75,100.1,F
Cynthia Cox,67.0,1.57,57.7,F
Kevin Hawkins,27.0,1.75,68.8,F
Scott Bartlett,38.0,1.58,117.1,F
Elizabeth Sanders,53.0,1.56,68.6,F
Tabitha Hughes,29.0,1.97,70.8,M
Christine Lopez,44.0,1.8,63.8,M
Austin Gonzalez,57.0,1.83,59.0,M
Chris Stewart,19.0,1.7,66.3,F
Jared Johnson,30.0,1.95,95.0,F
Linda Green,49.0,1.82,81.9,F
Jeffrey Wu,48.0,1.88,88.8,M
Tammy Wright,33.0,1.68,58.6,M
Diana Murphy,49.0,1.98,106.1,M
Courtney Pena,49.0,1.91,104.9,M
Katherine Patrick,51.0,1.93,51.5,M
Jake Patterson,28.0,1.59,76.8,M
Elizabeth Rodriguez,27.0,1.64,54.8,M
Richard Vargas DDS,32.0,1.64,105.4,M
David Jones,34.0,1.64,101.6,F
Whitney Rocha,57.0,1.93,113.1,F
Ashley Mendoza,35.0,1.52,66.5,F
Laurie Burns,26.0,1.54,81.9,M
Jennifer Trevino,42.0,1.64,62.9,M
Amber Jones,57.0,1.6,76.0,M
Natalie Jackson,31.0,1.62,86.6,F
Paul Fitzgerald,42.0,1.9,53.7,M
April Owen,67.0,1.78,100.0,F
Christopher Gilbert,39.0,1.5,88.0,F
Angela Walter,69.0,1.71,108.0,M
Kevin Rodgers,47.0,1.7,69.0,F
Aaron Brown,37.0,1.56,113.2,M
Melissa Gomez,38.0,1.84,119.9,F
Mr. Peter Gonzalez,61.0,1.85,114.4,M
Wesley Mahoney,49.0,1.86,104.5,M
Amanda Padilla,68.0,1.86,106.9,M
Jaime Fowler,63.0,1.5,90.2,F
Julie Reyes,66.0,1.98,63.3,M
Susan Dean,38.0,1.91,97.4,M
Carl Martinez,52.0,1.95,99.9,M
Christine Nelson,49.0,1.51,119.0,M
Alexis York,47.0,1.97,87.9,M
Ryan Young,56.0,1.9,69.0,F
Brian Graham,66.0,1.92,97.9,F
Dennis Schroeder,29.0,1.55,118.6,F
William Wang,58.0,1.87,62.4,M
Mr. Ronnie Huynh,64.0,1.98,72.8,M
Matthew Brady,35.0,1.84,87.9,M
James Ortega,38.0,1.79,61.9,F
William Rose,30.0,1.97,51.6,F
Melissa Brady,38.0,1.72,73.6,M
Jason Wilson,25.0,1.8,110.6,F
Mr. Daniel Hess MD,63.0,1.74,53.0,F
Michelle Miller,57.0,1.97,80.0,M
Robert Pineda,63.0,1.54,103.4,F
Chris Frey,24.0,1.75,116.7,M
Heather Vasquez,40.0,1.84,119.0,F
Katherine Bright,61.0,1.9,79.5,F
John Page,49.0,1.79,116.5,F
Jennifer Burns,28.0,1.95,52.5,M
Mary Robinson,39.0,1.97,102.2,F
Charles Robinson,39.0,1.53,95.0,M
Julia Manning,60.0,1.7,67.5,F
Paige Wade,42.0,1.51,85.5,M
Elizabeth Bennett,39.0,1.66,59.1,M
Todd Frank,45.0,1.77,111.0,M
Teresa Velez,46.0,1.96,75.1,F
Marilyn Lane,30.0,1.92,93.8,M
Sharon Thompson,35.0,1.56,61.1,F
Michael Reynolds,19.0,1.55,64.4,M
Wanda Dalton,46.0,1.79,119.4,M
Whitney Johnson,38.0,1.77,102.7,M
Kelly Johnson,32.0,1.63,117.3,M
Mr. Joe Saunders,69.0,1.95,70.7,F
David Valdez,44.0,1.96,61.5,F
David Johnson,67.0,1.7,85.2,M
Jamie Strong,48.0,1.95,84.6,F
Dr. Timothy Lopez,32.0,1.69,62.2,F
Robert Fowler,68.0,1.87,101.3,M
Jill Smith,40.0,1.74,75.3,F
Regina Daniels,41.0,1.56,63.0,F
Michael Bates,61.0,1.96,73.2,M
Sarah Hudson,30.0,1.73,89.5,F
Samantha Fowler,39.0,1.87,100.9,M
Paul Ritter,60.0,1.68,83.7,F
Richard Griffin,54.0,1.51,86.8,M
Marisa Kelly,50.0,1.55,59.7,F
Stephanie Dunn,20.0,1.75,114.0,F
Michael Murray,36.0,1.84,115.0,F
Carlos Smith,40.0,1.67,97.8,F
Angela King,46.0,1.85,51.2,F
Kayla Vargas PhD,47.0,1.85,87.6,M
Aaron Gonzales,56.0,1.85,94.0,F
Ana Martin,61.0,1.75,119.6,M
Michael Roberts,64.0,1.96,119.7,M
Cole Mccoy,42.0,1.74,110.0,F
Angela Osborn,54.0,1.73,54.5,M
Sherry Dorsey,64.0,1.6,116.7,F
Lauren Landry,25.0,1.65,92.9,F
Kevin Russo,59.0,1.52,106.1,F
Cindy Carr,33.0,1.82,78.5,F
Matthew Williams,25.0,1.62,72.4,M
Sharon Stephens,18.0,1.65,82.4,F
Jennifer Burgess,61.0,1.89,60.3,F
Elizabeth Hall,22.0,1.66,75.0,F
Kevin Mosley,20.0,1.62,110.0,M
Brandon Kim,18.0,1.58,52.7,M
Mary Buckley,21.0,1.89,60.6,M
Mackenzie Brown,57.0,1.56,58.8,M
Melissa Soto,52.0,1.73,78.2,F
Amanda Pennington,49.0,1.75,119.8,M
Patrick Ward,59.0,1.84,62.1,M
Anthony Perez,51.0,1.82,60.2,M
Nicholas Phillips,60.0,1.91,114.1,M
Kara Ramos,42.0,1.52,111.7,F
Jonathan Lopez,27.0,1.65,52.3,F
Scott Howard,38.0,1.64,102.6,M
Jennifer Hart,63.0,1.57,95.9,M
Carlos Mayer,56.0,1.64,103.7,F
Misty Roberts,44.0,1.65,84.6,F
Julie Vazquez MD,44.0,1.76,119.4,F
Philip Casey,19.0,1.83,53.1,F
Gerald Smith,58.0,1.69,66.4,M
Michael Bryant,65.0,1.86,77.8,M
Jasmine Miller,30.0,1.67,81.5,F
Jennifer Smith,26.0,1.65,114.5,M
James Noble,69.0,1.77,89.2,M
Megan Lowery,53.0,1.51,53.2,M
Jerry Mccoy,39.0,1.54,78.6,F
Sarah Mitchell,59.0,1.71,79.2,F
William Wilson,43.0,1.97,117.6,F
Jeremy Meyer,29.0,1.86,91.9,F
Christopher Peterson,34.0,1.54,94.5,M
Heidi Lee,31.0,1.92,99.9,F
Linda Hernandez,31.0,1.87,103.9,F
Lisa Fleming,51.0,1.81,94.5,M
Lauren Webb,37.0,1.91,66.6,F
Alexis Williams MD,28.0,1.7,111.2,M
Nicholas Wilson,33.0,1.61,101.2,F
Carol Brown,68.0,1.76,101.9,M
Lisa French,48.0,1.77,119.8,M
Kimberly Reid,23.0,1.77,106.2,M
Deborah Dawson,36.0,1.78,108.0,M
Jose Gentry,54.0,1.97,116.6,F
Dr. Cassandra Carter,21.0,1.95,60.6,M
Jacqueline Davis,64.0,1.94,84.8,M
Jonathon Edwards,21.0,1.9,90.6,F
Cody Fuentes,37.0,1.97,73.0,M
Tonya Brewer,27.0,1.55,108.8,M
Lisa Brooks,41.0,1.63,103.4,F
Haley Parker,52.0,1.75,100.5,F
Carol Yang,43.0,1.92,119.8,F
Shawn Morse,54.0,1.75,68.2,M
Keith Smith,55.0,1.87,101.5,M
Joseph Robbins,38.0,1.57,88.6,F
David Mueller,57.0,1.63,71.9,F
Kevin Russell,56.0,1.87,61.2,F
Tara Stone,38.0,1.58,112.7,M
Susan Smith,27.0,1.68,91.7,M
Kathryn Johnson,55.0,1.63,107.7,F
Brandon Sanchez,63.0,1.67,88.2,M
Amanda Morales,21.0,1.85,65.4,M
Tracy Ellis,62.0,1.68,73.6,M
Seth Miller,37.0,1.78,76.7,F
Crystal Richards,34.0,1.55,118.1,F
Jean Tate,24.0,1.9,50.4,M
Alexis Doyle,21.0,1.68,119.0,F
Pamela Foster,46.0,1.82,118.6,M
Alex Johnson,31.0,1.86,119.7,M
Jonathan Vargas,20.0,1.6,83.4,F
Johnathan Mccall,41.0,1.94,117.5,F
Melody Mejia,54.0,1.81,77.7,F
Corey Jones,33.0,1.71,51.8,M
Erica Campos,69.0,1.59,65.7,F
Laurie Nguyen,21.0,1.97,116.2,M
Zachary Esparza,41.0,1.88,51.0,M
Mike Rodriguez,51.0,1.6,88.2,M
David Ruiz,47.0,1.67,55.3,M
Tara Lee,35.0,1.9,70.0,M
Patricia Perry,36.0,1.85,56.2,F
Kimberly Ortega,48.0,1.88,110.2,M
Sierra Murphy,36.0,1.72,91.4,M
Jose Mills,66.0,1.86,113.1,F
Nicole Lewis,63.0,1.69,98.2,M
Christopher Atkinson,36.0,1.61,118.0,F
Jennifer Carpenter,39.0,1.82,85.7,M
Pamela Maynard,41.0,1.99,94.7,F
Ashley Adams,62.0,1.66,90.3,F
Phillip Kemp,29.0,1.73,83.9,F
George Ray,47.0,1.84,109.2,F
Christopher Mckinney,55.0,1.77,95.1,F
Lindsay Branch,48.0,1.92,106.1,M
Amber Henry,53.0,1.88,105.0,F
Roberta Wilkerson,36.0,1.53,63.4,F
Blake Henderson,65.0,2.0,95.5,F
Catherine Vazquez,62.0,1.88,64.0,M
Dennis Stewart,53.0,1.93,90.8,F
Jeremy Cochran,47.0,1.83,97.4,M
Bruce Jacobs,66.0,1.93,119.8,M
Joshua French,50.0,1.56,52.1,F
Jose Thompson,35.0,1.67,56.4,M
Steven Davis,69.0,1.94,55.4,M
Kevin Baker,66.0,1.6,77.9,M
Donald Jones,45.0,1.54,107.5,M
Jose Hess,64.0,1.89,109.1,M
Lisa Holder,28.0,1.92,101.6,F
Dennis Hall,62.0,1.58,112.8,M
Stephen Brandt,50.0,1.93,72.6,M
Cody Allen,34.0,1.84,56.2,M
Kathy Garcia,23.0,1.76,54.1,M
Christopher Johnson,21.0,1.92,109.6,M
Leslie Gray,37.0,1.71,101.1,F
Holly Daniels MD,65.0,1.6,98.9,M
Maria Ortiz,64.0,1.64,73.8,M
Gina Andrews,44.0,1.75,76.6,M
Ronnie Lucero,32.0,1.77,117.1,F
Tammie Foster,23.0,1.9,54.5,F
Preston Lopez,64.0,1.9,104.2,F
Cynthia Hoffman,31.0,1.79,71.7,M
Patrick Miller,28.0,1.89,52.7,M
Joseph Moore,56.0,1.6,102.0,M
Teresa Beard,26.0,1.53,73.2,M
Daniel Peterson,43.0,1.94,100.6,M
Robert Bryan,33.0,1.54,99.5,M
Ray Walls,22.0,1.62,87.4,M
Melissa Alexander,69.0,1.85,104.4,M
Andrea Dunlap,27.0,1.7,90.7,M
Nicole Hurley,67.0,1.94,70.1,M
Adam Mahoney,20.0,1.65,101.4,M
Christopher Walker,30.0,1.51,91.2,F
Joshua Moore,60.0,1.65,50.9,F
William Mccarthy,66.0,1.79,113.1,F
Edward Oliver,47.0,1.69,88.2,F
Jacob Alexander,62.0,1.77,110.8,M
Nathaniel Estrada,23.0,1.94,111.8,F
Nicole White,34.0,1.96,81.1,F
Cassie Smith,62.0,1.63,85.5,F
George Meyer,68.0,1.73,79.1,F
Kristen Mendez,36.0,1.77,81.5,F
Brianna Douglas,59.0,1.97,112.7,M
Robert Ortiz,52.0,2.0,105.2,F
Rachel Caldwell,63.0,1.62,58.9,F
Michael Jensen,43.0,1.86,92.7,M
Jeffrey Dorsey,68.0,1.69,119.7,F
Marissa Rowland,22.0,1.5,91.7,M
Gregory Jenkins,46.0,1.5,105.0,M
Monica Kidd,54.0,1.73,103.8,M
Cody Gibson,37.0,1.74,74.5,M
Jeffrey Reeves,66.0,1.51,76.0,F
Wayne Ferguson,38.0,1.84,100.7,F
Matthew Miller,27.0,1.65,85.0,M
Shannon Michael,22.0,1.78,89.9,F
Robert Moore,53.0,1.65,99.9,M
David Collins,23.0,1.58,104.4,F
Rachel Parker,43.0,1.7,69.0,F
Raven Torres,21.0,1.62,60.3,M
Michael Jackson,56.0,1.77,70.4,F
Angela Hill,56.0,1.6,85.5,M
Sarah Bell,67.0,1.75,73.9,M
Robert Smith,52.0,1.58,89.8,F
Jeffrey Park,18.0,1.84,53.7,F
Matthew King,41.0,1.88,85.7,M
Gary Butler,53.0,1.56,75.8,M
Brittany Obrien,23.0,1.73,87.4,F
Susan Fowler,58.0,1.54,79.6,F
Victoria Franklin,63.0,1.8,69.9,F
Thomas Mills,61.0,1.63,113.3,F
Ashlee Mcintyre,48.0,1.76,62.9,M
Melissa Rasmussen,37.0,1.76,97.7,F
Isaac Holland,41.0,1.96,114.7,F
Timothy Kelly,42.0,1.77,87.7,M
Mary Carpenter,53.0,1.79,111.3,F
Christopher Duffy,38.0,1.7,58.7,M
Hailey Henry DVM,47.0,1.97,84.6,M
Brittany Skinner,41.0,1.89,82.0,F
Gary Bowen,61.0,1.64,50.6,F
Betty Clark,59.0,1.92,81.0,M
Craig Fitzpatrick,47.0,1.72,75.8,M
April Perkins,39.0,1.91,96.9,F
Melissa Webster,45.0,1.91,115.7,M
Benjamin Dominguez,24.0,1.59,56.0,M
Grace Kramer,52.0,1.85,72.9,M
Donna Calderon,45.0,1.65,81.1,M
Allison Turner,31.0,1.65,81.9,M
Anthony Gonzalez,27.0,1.65,104.2,M
Mrs. Patricia Morales,33.0,1.86,81.0,M
Thomas Munoz,33.0,1.61,51.9,F
Nicole Vaughn,48.0,1.5,99.7,M
Zachary Smith,59.0,1.86,111.9,F
Kathryn Robinson,42.0,1.59,86.0,M
Hector Gonzalez,30.0,1.55,90.7,F
Robin Schmidt,23.0,1.62,61.4,M
Marcus Sanchez,61.0,1.69,65.4,F
Samuel Larsen,26.0,1.74,66.5,F
Robert Fleming,62.0,1.52,80.2,F
Nicholas Torres,53.0,1.99,115.0,F
Michael Boyle,60.0,1.86,86.5,M
Christina Ortiz,37.0,1.66,63.4,M
Richard Thompson,35.0,1.66,68.6,M
Karen Garner,60.0,1.72,76.9,M
Kimberly Jimenez,38.0,1.81,93.6,F
Christopher Payne,21.0,1.57,80.8,M
Joel Graham,67.0,1.59,77.5,M
Carmen Brown,50.0,1.93,89.5,M
Jared Kim,44.0,1.63,66.9,M
Mrs. Sandra Wyatt,24.0,1.69,55.5,F
David Hansen,23.0,1.94,51.7,M
Mrs. Jennifer Dunlap,32.0,1.83,67.6,M
Amanda King,35.0,1.67,56.4,F
Diana Dorsey,49.0,1.84,73.5,F
Rachel Jimenez,28.0,1.51,104.1,M
Mark Nguyen,37.0,1.87,100.1,F
Michael Brown,41.0,1.74,92.8,M
Daniel Martinez,32.0,1.91,109.7,M
Richard Huffman,65.0,1.98,69.7,M
Meghan Figueroa,24.0,1.96,112.0,M
Gregory Miranda,38.0,1.95,77.9,F
Trevor Rich,59.0,1.76,78.1,F
Logan Taylor,43.0,1.68,78.4,F
Tiffany Murphy,61.0,1.73,56.9,F
Brian Moore,31.0,1.84,118.3,M
Frank Young,54.0,1.94,59.7,F
Dawn Wright,38.0,1.6,73.9,F
Nicole Lopez,35.0,1.96,72.4,M
Michael Thomas,22.0,1.91,55.2,M
Linda Mckenzie,20.0,1.99,60.7,F
Kathleen Bradley,40.0,1.94,53.1,M
Christopher Lopez,43.0,1.64,70.5,M
Benjamin Parsons,54.0,1.55,110.7,M
Carrie Davis,41.0,1.56,73.8,F
Joshua Grimes,66.0,1.65,58.7,F
Spencer Watkins,36.0,1.81,95.2,F
Jessica Noble,68.0,1.9,119.8,M
Alexander Martin,42.0,1.95,66.3,F
James Cohen,38.0,1.81,69.6,M
Erik Sutton,29.0,1.5,118.0,F
Kenneth Freeman,58.0,1.59,62.5,M
Emily Nicholson,50.0,1.55,85.8,M
Ryan Moore,67.0,1.68,66.8,F
Taylor Allen,21.0,1.75,115.3,F
Carly Johnson,59.0,1.52,118.7,F
Shannon Stevens,24.0,1.67,107.0,F
Jonathan Hull,39.0,1.59,72.0,M
Philip Jones,50.0,1.82,78.2,F
Jennifer Lamb,34.0,1.73,67.0,M
Melissa Thompson,41.0,1.75,112.4,M
Stacy Jackson,51.0,1.71,114.0,F
Cameron Chan,45.0,1.98,79.3,M
Lee Moody,60.0,1.61,96.0,F
Michael Sosa,58.0,1.76,61.6,F
Kimberly Gutierrez,56.0,1.87,80.4,F
Jeremy Houston,39.0,1.78,94.2,M
Heather Lopez,66.0,1.96,77.0,F
Frances Harper,34.0,1.69,75.0,F
Logan Watson,51.0,1.73,50.1,M
Ricardo Stevens,23.0,1.54,106.3,F
Ryan Hicks,63.0,1.8,112.3,F
Andre Rowe,23.0,1.64,117.9,M
Jennifer Jones,51.0,1.58,100.3,F
Erin Macdonald,18.0,1.77,88.4,M
Kevin Washington,27.0,1.77,68.8,M
Amber Walker,38.0,1.54,120.0,M
Connie Owens,22.0,1.85,91.3,M
Stephanie Hall DVM,19.0,1.81,97.7,M
Alexander Mathis,39.0,1.59,97.8,M
Laura Weber,65.0,1.73,109.2,M
Allison Ortiz,19.0,1.86,50.7,M
Tracy Thompson,27.0,1.76,65.4,M
Amy Miller,51.0,1.7,96.6,F
Melissa Harris,33.0,1.66,112.7,F
Jacob Price,65.0,1.81,98.0,F
Alvin Hernandez,68.0,1.97,78.9,M
Pamela Heath,56.0,1.84,75.3,M
Richard Jennings,39.0,1.54,101.7,M
Dr. Tyler Terry,29.0,1.73,101.9,F
Michael Meza,41.0,1.95,92.5,F
Aaron Lee,64.0,1.55,70.4,F
Holly Wilson,57.0,1.99,114.8,M
Tammy Jenkins,55.0,1.97,88.6,M
Stacy Williamson,27.0,1.54,105.3,F
Joseph Joyce,52.0,1.97,65.0,F
Michael Richards,68.0,1.68,74.1,M
Tricia Green,66.0,1.92,111.2,F
Pamela Jordan,49.0,1.71,53.5,F
Shaun Greene,24.0,1.72,85.9,M
Marilyn Riley,38.0,1.82,83.7,F
Autumn Johnson,37.0,1.89,102.6,M
Rhonda Campos,43.0,1.52,69.7,M
Anthony Vargas,21.0,1.8,65.3,M
Derek Blankenship,63.0,1.59,114.8,F
Jordan Melendez,69.0,1.67,90.0,M
Bryan Morgan,39.0,1.67,57.3,M
Sonia Anderson,32.0,1.73,63.5,M
Roberto Thomas,57.0,1.67,119.9,F
Alyssa Pearson,38.0,1.55,63.7,F
Todd Garcia,32.0,1.57,92.7,F
Bobby Evans,39.0,1.52,79.4,M
Steven Osborn,69.0,1.74,112.0,F
Mrs. Jennifer Perry,45.0,1.98,102.9,F
Nancy Murphy,31.0,1.56,91.8,F
Jeffrey Wilson,44.0,1.97,50.8,F
Hannah Jones,58.0,1.87,111.6,M
Michael Moore,57.0,1.82,81.1,M
Monica Riley,45.0,1.82,115.2,M
Logan Alvarez,43.0,1.91,84.7,M
Tracy Chambers,66.0,1.55,98.6,M
Tyler White,19.0,1.75,54.9,M
Audrey Williams,42.0,1.85,102.2,F
Alyssa Mclaughlin,20.0,1.79,73.7,F
Nichole Serrano,25.0,1.92,74.6,F
James Foley,61.0,1.54,58.3,F
John Rice,50.0,1.85,60.3,M
Cheryl Garcia,59.0,1.77,63.0,M
Kevin Nolan,69.0,1.69,73.0,F
Brandon Cox,52.0,1.67,112.4,F
Brian Harvey,23.0,1.81,75.8,M
Mr. Christopher Moody DDS,56.0,1.95,100.7,F
Sydney Byrd,69.0,1.75,55.8,F
Joshua Jenkins,40.0,1.91,91.4,F
Kathleen Lawson,42.0,1.7,83.7,M
Miranda Atkins,67.0,1.55,118.5,M
Natalie Adams,60.0,1.53,109.2,M
Claudia Lang,36.0,1.53,81.8,F
James Black,22.0,1.69,104.3,M
Michael Lopez,68.0,1.67,63.5,F
David Fisher,28.0,1.86,89.4,F
Courtney Carter,29.0,1.87,55.2,M
Michael Rivera,27.0,1.53,74.4,M
Katie Estrada,25.0,1.61,65.8,M
Matthew Lee,41.0,1.64,100.3,M
Denise Black,45.0,1.77,84.3,M
Bethany Chavez,58.0,1.57,102.6,M
Matthew Cummings,53.0,1.57,86.1,M
Colleen Clements,54.0,1.97,56.1,F
Katrina Cummings,38.0,1.9,101.5,M
Jacob Williams,25.0,1.59,108.3,F
Shirley Edwards,26.0,1.7,113.2,M
Melissa Marshall,64.0,1.68,90.0,F
Ms. Morgan Cox DVM,32.0,1.9,102.8,F
Dr. Jonathan Anderson,65.0,1.76,102.6,M
Karla Hoffman,63.0,1.56,60.9,M
Brian Jones,57.0,1.87,61.5,M
Eric Martinez,35.0,1.7,55.0,F
Michael Pham,59.0,1.63,72.4,M
Raymond Davila,37.0,1.69,83.1,M
Jeffrey Hill,23.0,1.75,119.9,F
Lindsay Bridges,29.0,1.67,80.2,F
Susan Johnson,19.0,1.62,100.8,F
Joseph Carter,24.0,1.7,98.5,F
Elizabeth Patterson,33.0,1.51,64.3,F
Antonio Lang,20.0,1.89,54.1,F
Drew Archer,62.0,1.59,88.2,F
Emily Anderson,20.0,1.52,99.0,F
Chelsea Hill,44.0,1.83,119.9,M
Sherri Green,67.0,1.89,75.1,M
Diana Little,60.0,1.91,112.7,F
Bethany Smith,57.0,1.75,76.7,F
Julie Hayes,55.0,1.6,98.3,F
Carl Cox,50.0,1.87,91.9,F
Adam Powell,45.0,1.85,53.7,F
Alicia Ward,18.0,1.62,55.5,M
Jessica Black,25.0,1.95,51.5,F
Melanie Stephens,54.0,1.55,76.0,F
Steven Mccoy,49.0,1.99,102.2,M
Haley Brown,65.0,1.93,62.1,F
Patricia Rich,60.0,1.84,92.4,F
Lisa Barber,54.0,1.97,70.2,M
Joseph Russell,21.0,1.86,105.8,F
Jennifer Johnson,47.0,1.6,105.9,F
Andrea Griffin,23.0,1.72,104.3,F
Todd Dalton,63.0,1.54,86.7,M
Stanley Blair,36.0,1.69,69.9,F
Kendra Griffin,49.0,1.87,106.7,F
Carla Palmer,26.0,1.69,63.0,M
Joanna Harper,29.0,1.67,70.3,M
Michele Luna,28.0,1.8,62.9,F
Kristin Smith,63.0,1.94,97.2,F
Lawrence Davis,33.0,1.52,98.0,F
Robert Whitaker,18.0,1.69,95.7,F
Melanie Mack,62.0,1.58,79.1,F
David Edwards,38.0,1.85,57.0,F
Tracy Lloyd,47.0,1.55,113.8,F
Debra Tucker,30.0,1.83,85.5,M
Anthony Mercado,51.0,1.64,78.5,M
Charles Lawrence,21.0,1.6,91.2,F
Jennifer Martin,45.0,1.97,63.5,M
Joshua Miller,55.0,1.51,59.3,F
Evelyn Robertson,48.0,1.72,78.4,F
Megan Farmer,44.0,1.51,65.9,F
Mr. Carl Garrison,22.0,1.74,67.1,F
Justin Anderson,42.0,1.75,112.5,M
Thomas Thomas,20.0,1.66,87.2,F
Julia Cole,50.0,1.57,83.8,F
Kimberly Patterson,21.0,1.69,98.3,F
Derek Smith,42.0,1.84,116.6,F
Kathleen Carrillo,37.0,1.89,57.9,M
Lauren Montgomery,51.0,1.77,108.3,F
Patricia Molina,43.0,1.79,90.9,M
Tina Wise,22.0,1.6,60.2,M
Robert Gilbert,52.0,1.64,70.8,F
Mr. Scott Sanchez,45.0,1.58,83.8,F
Stephanie Stewart,46.0,1.62,98.4,F
Chelsea Rogers,26.0,1.61,67.0,M
Ashley Spears,69.0,1.76,87.4,M
Victoria Thomas,55.0,1.78,97.9,F
Timothy Fowler,67.0,1.97,81.4,F
Eric Grant,23.0,1.6,110.4,M
Omar Davis,36.0,1.82,110.9,F
Melissa Garcia,61.0,1.91,82.9,M
David Harrison,28.0,1.78,118.1,M
Victoria Morris,19.0,1.63,55.3,M
David Gordon,64.0,1.63,50.2,M
Darlene Garcia,61.0,1.52,76.6,F
Monique Love,61.0,1.65,92.1,F
Andrea Gonzalez,26.0,1.87,94.0,M
Paula Johnson,38.0,1.52,83.4,F
Molly Meyer,41.0,1.61,58.7,M
Ashlee Brady,51.0,1.85,61.9,F
Alyssa Price,39.0,1.89,109.7,M
Nicholas Hampton,20.0,1.73,110.8,F
Jennifer West,29.0,1.85,97.2,F
Carlos Travis,45.0,1.69,96.5,M
Melissa Kent,47.0,1.58,91.8,F
Evelyn Davis,43.0,1.7,64.2,M
Jennifer Tucker,65.0,1.79,80.0,F
Denise Mercado,38.0,,98.7,M
Kristen Meza,45.0,1.53,87.6,F
Monique Wilson,43.0,1.75,51.3,F
Mark Wong,50.0,1.66,116.7,M
Angela Morgan,38.0,1.75,109.1,M
Brittany Clark,52.0,1.51,68.2,F
Joshua Wilson,69.0,1.66,93.2,F
Harold Turner,51.0,1.91,114.6,M
Andrea Lawson,58.0,1.78,56.7,M
Kenneth Case,68.0,1.73,85.2,M
Dalton Martin,64.0,1.64,81.9,M
Michelle Mills,35.0,1.65,78.7,F
Michael Baxter,28.0,1.69,108.5,F
Jason Perry,40.0,1.92,76.6,F
John Whitehead,65.0,1.98,54.5,F
Christopher Holmes,39.0,1.72,54.6,F
Kristi Andrews,34.0,1.7,53.0,F
Melissa Rice,22.0,1.92,78.6,M
Joanna Moon,61.0,1.71,100.3,F
Paula Beard,28.0,1.78,64.3,M
Calvin Burgess,47.0,1.62,95.3,M
Jennifer Scott,32.0,1.87,98.1,M
Kathleen Meyers,44.0,1.77,67.9,M
Chad Cortez,52.0,1.9,92.0,F
Scott Moody,50.0,1.89,97.9,M
Brandon Clark,37.0,1.61,82.7,M
Stephanie White,33.0,1.86,73.6,F
Ronald Velazquez,51.0,1.9,93.3,M
Karen Lewis,19.0,1.67,118.4,M
Andrew Flynn,52.0,1.59,79.9,F
Elizabeth Martin,57.0,1.5,77.4,M
Brian Coleman,45.0,1.73,82.5,F
Nicole Phelps,64.0,1.68,55.3,F
David Phillips,56.0,1.78,88.7,F
Angela Little,23.0,1.59,73.0,F
Joel Drake,26.0,1.93,58.5,F
Christopher Oconnor,37.0,1.63,82.6,M
Heather Boyd,18.0,1.61,50.2,F
Jose Graves,25.0,1.74,78.1,F
Paul Jones,40.0,1.75,57.4,F
Elizabeth Suarez,20.0,1.61,51.7,F
Krystal Thomas,21.0,1.64,107.7,F
Brian Roberson,42.0,1.58,114.1,M
David Smith,64.0,1.86,64.5,M
Jason Cole,55.0,1.89,87.8,F
Carlos Warren,32.0,1.73,69.5,M
Amy Jones,38.0,1.86,84.6,F
Jeffery Nichols,52.0,1.87,80.6,F
Shelia Jackson,63.0,1.57,68.8,F
Angela Barnes,69.0,1.98,99.0,M
Joshua Calderon,31.0,1.91,58.9,F
Sandra Cook,53.0,1.6,53.7,F
Larry Garcia,29.0,1.59,103.7,M
Russell Martinez,34.0,1.56,96.6,F
Susan Vargas,56.0,1.57,84.9,M
Matthew Davis Jr.,26.0,1.87,82.7,M
Timothy Baker,52.0,1.73,84.8,F
Christopher Williams,30.0,1.89,80.6,M
Kelly Russell,32.0,1.87,77.5,F
Marie Brown,35.0,1.8,85.0,M
Andrea Lee,68.0,1.84,87.0,M
Brian Johnson,50.0,1.51,98.4,M
Heidi Hanson,23.0,1.66,99.8,F
Erik Hoffman,44.0,1.82,76.4,M
Elizabeth Ryan,40.0,1.5,78.9,F
Crystal Cox,44.0,1.52,76.2,F
Laura Singleton,51.0,1.93,87.6,F
Mr. Gavin Hall,63.0,1.84,81.7,M
Douglas Hoffman,55.0,1.63,112.3,M
Diane Lucas,31.0,1.84,98.7,F
Evelyn Alexander,53.0,1.9,112.9,F
Michele Myers,25.0,1.65,99.6,F
Melissa Barr,52.0,1.52,118.0,F
Charles Rodriguez,36.0,1.97,94.5,F
Charles Benjamin,47.0,1.67,117.4,F
Jenna Lynch,31.0,1.55,61.1,M
Dennis Bullock,37.0,1.75,53.7,F
Eric Castillo,66.0,1.88,90.5,F
Danielle Gray,42.0,1.61,118.8,F
Angela Campos,57.0,1.63,79.2,F
Justin Beck,41.0,1.62,64.8,M
Lauren Kaiser,31.0,2.0,86.5,M
David Holland,43.0,1.6,95.4,F
Allison Ramos,55.0,1.79,72.1,F
Jesse Oconnell,40.0,1.96,100.0,F
Lindsay Holland,39.0,1.57,118.3,M
Kimberly Sanders,65.0,1.99,112.8,M
Gregory Walker,36.0,1.97,70.4,M
Megan Bradley,63.0,1.94,72.9,F
Gerald Tate,68.0,1.61,76.0,M
Krystal Reid,20.0,1.82,77.6,F
Oscar Coleman,59.0,1.88,57.0,F
Alexis Ferguson,36.0,1.99,103.3,F
Michael Bolton,26.0,1.59,75.6,F
Natalie Miller,45.0,1.88,111.6,F
Terry Baker,37.0,1.67,114.9,M
Rachael Farmer,62.0,1.59,51.7,M
Philip Short,24.0,1.71,119.2,M
Christopher Brown,31.0,1.9,99.7,F
Robert Henry,26.0,1.73,86.4,M
Jason Gonzalez,36.0,1.77,77.3,F
Kristen Short,64.0,2.0,86.3,F
Brianna Smith MD,69.0,1.7,72.7,F
Scott Boyd,31.0,1.81,93.6,M
Taylor Hubbard,55.0,1.68,56.5,M
Carol Mclean,53.0,1.7,93.5,M
Tony Peterson,57.0,1.85,69.3,M
Leah Brown,34.0,1.97,51.2,F
Alejandro Parker,47.0,1.77,88.7,F
Jason Barron,26.0,1.88,90.5,F
Kimberly James,50.0,1.54,79.9,F
Heather Sanchez,69.0,1.61,55.1,F
Sean Armstrong,42.0,1.75,112.5,M
Sean Smith,31.0,1.51,92.8,M
Michael Brown,28.0,1.63,58.1,F
Michael Bates,52.0,1.76,85.8,F
Pamela Chang,58.0,1.51,84.8,F
Ernest Hernandez,31.0,1.63,54.2,F
Todd Smith,47.0,1.76,92.5,F
Richard Smith,58.0,1.79,106.6,M
Keith Baker,21.0,1.96,102.4,F
Randy Fuller,21.0,1.82,64.2,M
Thomas Williams,45.0,1.71,110.4,M
Samantha Martin,25.0,1.97,74.0,F
Christian Landry,19.0,1.89,116.3,F
Joseph Howell,58.0,1.6,55.0,M
Victoria Lyons,63.0,1.57,84.0,M
Nicole Vega,39.0,1.84,91.8,M
David Shannon,58.0,1.78,67.3,F
Anthony Miller,33.0,1.89,104.0,M
Barry Keith,46.0,1.87,93.9,F
Brittany Lopez,66.0,1.81,51.3,M
Michael Elliott,65.0,1.99,92.6,F
Elizabeth Harris,47.0,1.77,84.4,F
Brandon Pineda,29.0,1.56,63.7,M
Cody Freeman,52.0,1.91,119.7,F
Dustin Lawrence,28.0,1.63,112.8,F
Barbara Gonzalez,63.0,1.89,70.5,M
Gerald Pierce,67.0,1.98,87.9,F
Desiree Kennedy,38.0,1.85,72.2,M
Margaret Spence,38.0,1.8,104.3,M
Christina Flynn,22.0,1.73,115.1,M
Thomas Church,65.0,1.68,75.1,F
Robert Diaz,37.0,1.68,106.4,F
Craig Diaz,54.0,1.82,84.9,M
Christine Martin,20.0,1.88,77.8,F
Marissa Wood,61.0,1.84,115.7,M
Amanda Booth,50.0,1.6,85.7,M
Michele Herrera,26.0,1.75,82.7,M
Lisa Douglas,26.0,1.9,97.1,F
Laura Calderon,21.0,1.74,68.3,F
Glenn Lester,52.0,1.77,72.7,F
Melissa Bradley,34.0,1.89,115.2,M
Christine Moore,51.0,1.83,97.5,M
Alexis Bray,41.0,1.7,107.9,F
Robert Williams,49.0,1.95,69.0,F
Ashley Riley,18.0,1.58,88.1,M
Spencer Estrada,25.0,2.0,118.0,M
Billy Rice,62.0,1.56,72.3,M
Lisa Jones,40.0,1.51,61.2,M
Elizabeth Thomas,64.0,1.95,85.8,F
Lindsay Long,57.0,1.62,77.1,F
Kelly Vazquez,29.0,1.86,61.2,M
Christian Smith,29.0,1.91,112.2,M
Jay Rodriguez,63.0,1.93,119.4,F
Kathleen Simmons,64.0,2.0,89.8,M
Lance Gibson,32.0,1.65,104.2,M
Julie Young,58.0,1.86,110.1,F
Tracy Copeland,36.0,1.56,99.1,F
Patty Daugherty,43.0,1.7,53.1,F
Mary Fletcher,69.0,1.92,61.0,M
Kristy Coffey,46.0,1.68,55.0,M
Sarah Ortega,39.0,1.8,50.7,F
Erin Berg,57.0,1.75,71.4,F
John Le,38.0,1.82,77.5,M
Tanya Mccann,68.0,1.99,66.9,M
Zachary Gonzales,55.0,1.53,54.5,M
Ricky Obrien,37.0,1.79,87.1,F
Robin Jordan,46.0,1.93,69.1,F
Carly Taylor,68.0,1.74,105.7,M
Sheryl Medina,21.0,1.54,50.6,F
Christopher Brown,24.0,1.78,109.0,F
Amy Aguirre,45.0,1.67,116.8,F
Tanner Patel,45.0,1.58,100.1,M
Lindsey Lee,21.0,1.92,101.4,M
John Montgomery,39.0,1.76,115.3,F
Bradley King,29.0,1.97,64.6,M
Angie Randolph,62.0,1.9,119.6,F
Andrew Edwards MD,20.0,1.85,104.1,F
Melissa Vargas,39.0,1.5,100.9,M
Robert Gross,61.0,1.71,75.3,F
Thomas Walker,19.0,1.6,88.2,F
Rebecca Warren,41.0,1.96,95.8,F
Melissa Boyer,51.0,1.59,93.4,F
Joshua Cole,44.0,1.64,99.3,F
Ronald Thompson,58.0,1.76,55.8,F
Brittany Robbins,18.0,1.63,74.9,M
Thomas Mcdonald,25.0,1.6,80.4,F
Brandon Chan,40.0,1.8,68.2,M
Evelyn Hamilton,55.0,1.54,62.1,M
Jason Martin,23.0,1.53,59.7,M
Dr. Rachael Campbell,39.0,1.69,75.6,M
Catherine Anderson,42.0,1.86,84.5,M
Kathleen Leonard,35.0,1.78,54.4,F
Jason Delacruz,34.0,1.71,116.3,F
Tony Cox,29.0,1.78,103.6,M
Bonnie King,23.0,1.68,101.2,F
Sheila Myers,43.0,1.97,62.1,M
Tasha Reynolds,44.0,1.53,92.3,F
Savannah Powers,25.0,1.84,87.1,M
Benjamin Mcdonald,36.0,1.95,118.8,M
Christopher Ramirez,59.0,1.9,102.3,M
Nicholas Davis,18.0,1.59,90.3,F
Kyle Sherman,46.0,1.65,109.6,F
Richard Andrews,62.0,1.86,60.9,M
Emily Pratt,66.0,1.54,51.1,M
John Cox,52.0,1.91,98.3,F
Aaron Silva,57.0,1.86,56.9,F
Scott Garcia,31.0,1.86,58.1,M
Jane Walker,52.0,1.55,102.1,M
Ruth Ball,65.0,1.86,68.9,M
Justin Valentine,62.0,1.84,94.0,F
Tammy Jordan,37.0,1.92,114.2,M
Jason Williams,66.0,1.52,72.2,F
Corey Finley,30.0,1.51,65.2,F
Jacqueline Booth,55.0,1.69,57.5,M
Mark Spencer,66.0,1.57,59.1,F
Kurt Ortega,63.0,1.78,54.4,M
Gabriela Schmidt,66.0,1.96,56.1,M
Eric Hardy,25.0,1.7,80.2,F
Amanda Johnson,60.0,1.92,72.5,M
William Turner,37.0,1.5,99.5,F
Margaret Jones,50.0,1.58,110.9,F
Todd Quinn,43.0,1.52,104.9,M
Michael Vaughan,56.0,1.66,87.1,F
Carrie Luna,38.0,1.95,57.2,F
Robert Porter,66.0,1.55,99.7,M
Mrs. Michelle Jackson DDS,59.0,1.8,75.4,F
Diana Miller,60.0,1.73,56.0,M
Breanna Blake,58.0,1.97,109.0,M
Donna Johnson,26.0,1.56,73.7,F
Lawrence Williams,41.0,1.61,65.3,F
Christopher Rodriguez,54.0,1.51,111.0,M
Holly Scott,66.0,1.72,113.1,F
Roberto Friedman,58.0,1.64,73.7,M
Jose Alexander,34.0,1.93,74.8,F
Martin Guerrero,41.0,1.8,90.6,M
Steven Gregory,38.0,1.81,101.3,M
Taylor Harrison,68.0,1.77,54.4,F
Karen Hampton,56.0,1.55,91.5,F
Kelly Moore,58.0,1.72,116.7,F
Dale Spencer,56.0,2.0,68.3,M
George Rodriguez,30.0,1.92,113.6,M
Tracey Hernandez,28.0,1.95,116.5,F
Anthony Acosta,63.0,1.91,68.8,F
Levi Dunn,36.0,1.55,102.8,M
Jay Martin,28.0,1.61,66.7,F
David Brooks,30.0,1.5,101.6,F
Robin Le,63.0,1.65,105.8,M
Miss Miranda Walsh,62.0,1.55,67.3,F
Kimberly Sandoval,18.0,1.74,100.1,M
Kevin Brown,57.0,1.84,106.8,M
Thomas Ramirez,61.0,1.94,75.1,F
Christopher Simpson,36.0,1.87,61.7,F
Kevin Fleming,29.0,1.97,56.4,F
Christine Joyce,25.0,1.53,90.3,M
Erica Smith,25.0,1.51,118.5,M
Ian Martinez,62.0,1.83,107.6,M
Sarah Weber,29.0,1.64,80.5,F
Susan Kim MD,65.0,1.63,87.6,M
Gregory Orr,50.0,1.67,69.6,M
Wendy Ware,62.0,1.63,61.4,M
Rebekah Young,43.0,1.76,83.7,F
Terry Perkins,56.0,1.72,82.4,M
Mark Cox,45.0,1.76,86.5,F
James Greer,22.0,1.84,116.7,F
Cynthia Ferguson,25.0,1.69,92.3,M
Stephen Kim,42.0,1.63,92.4,M
Alison Turner,44.0,1.58,59.0,M
Brandon Kelly,63.0,1.67,119.8,F
George Miller,40.0,1.87,104.1,F
Andrea Flores,47.0,1.88,111.4,F
Sarah Olson,62.0,1.83,79.0,F
Michele Miller,64.0,1.62,85.1,M
Daniel Guzman,40.0,1.79,86.5,M
Charles Villegas,66.0,1.79,63.6,F
Pamela Anthony,64.0,1.74,98.3,F
Mary Roy,37.0,1.77,113.2,F
Daniel Fuller,35.0,1.75,61.5,F
Mrs. Brittney Robinson,35.0,1.78,56.0,F
Robert King,19.0,1.86,101.7,F
Steve Ford,21.0,1.55,69.1,F
Melissa Hunter,47.0,1.87,93.7,F
Carmen Thomas,50.0,1.57,98.7,M
Jonathan Gross,53.0,1.53,72.5,M
Lindsay Ward,35.0,1.99,107.1,F
Tony Collins,54.0,1.98,88.5,M
Timothy Howell,36.0,1.53,110.8,M
David Allen,64.0,1.72,103.4,M
Melissa Ford,45.0,1.59,110.8,F
Jillian Alvarez,57.0,1.74,51.4,F
Monica Park,37.0,1.92,67.0,F
Taylor Gomez,66.0,1.98,56.3,M
Mitchell Garcia,50.0,1.82,80.9,F
Krista Green,29.0,1.68,112.3,M
Mrs. Kathryn Campbell DDS,68.0,1.8,82.7,F
Amber Gonzalez,32.0,1.66,109.5,F
James Taylor,58.0,1.95,72.9,M
Robert Parker,56.0,1.94,73.8,F
Robert Drake,19.0,1.78,112.7,M
William Rhodes,46.0,1.66,79.8,F
Christy Dawson,58.0,1.65,105.3,F
Julie Parker,27.0,1.52,66.6,F
Donald Long,19.0,1.91,116.4,M
Debra Mann,68.0,1.73,90.2,F
Stephanie Webb,28.0,1.66,103.2,M
Gabriel Santos,30.0,1.74,56.3,M
Jocelyn Sherman,27.0,1.91,84.5,M
Fernando Mcdaniel,31.0,1.56,113.1,F
Misty Jones,35.0,1.93,111.4,F
Linda Monroe,68.0,1.95,53.3,F
Pamela Flores,26.0,1.97,71.3,F
Reginald Lee,56.0,1.7,81.0,F
Kelsey Banks,45.0,1.61,62.1,M
Shari Romero,20.0,1.69,101.1,M
Matthew Wu,37.0,1.67,62.9,M
Ryan Hardy,23.0,1.59,74.3,M
Erin Griffin,44.0,1.8,96.4,M
Felicia Kim,19.0,1.74,83.7,M
Charles Nelson,46.0,1.93,101.7,F
Jordan Griffin,55.0,1.52,117.3,M
Tammy Williams,20.0,1.82,58.2,M
Matthew Smith,33.0,1.88,99.7,M
Erik Watts,47.0,1.88,66.1,M
Mary Sanchez,57.0,1.94,79.0,F
Kathleen Smith,19.0,1.86,52.3,M
Paul Jackson,34.0,1.96,59.5,F
Aaron Sanchez,58.0,1.67,72.4,F
Jennifer Horton,29.0,1.75,73.9,M
Travis Morales,52.0,1.51,113.0,M
Deborah Burke,60.0,1.5,101.9,F
Marie Nichols,18.0,1.62,118.1,M
Kimberly Elliott,62.0,1.55,91.9,M
James Brooks,32.0,1.63,66.9,M
Renee Potts,43.0,1.59,72.9,F
Andrew Knight,54.0,1.51,72.4,M
Lindsay Guerrero,38.0,1.95,72.9,F
Gabriela Sullivan,66.0,1.5,97.1,F
Jason King,48.0,1.87,87.2,F
Trevor Hooper,42.0,1.58,77.0,M
Tyler Trujillo,40.0,1.96,60.4,F
Julie Sullivan,41.0,1.95,51.5,M
Deanna King,55.0,1.83,65.3,F
Shane Key,45.0,1.84,57.5,M
Thomas Wilson,38.0,1.5,105.0,M
Eileen Donaldson,60.0,1.99,57.9,F
Emily Thompson,35.0,1.94,100.7,F
Alexander Robbins,53.0,1.95,77.0,F
Thomas Mcdonald,52.0,1.83,55.1,M
Laura Jackson,62.0,1.67,106.9,M
Stacy Soto,26.0,1.95,90.6,M
Christine Torres,55.0,1.65,66.5,F
Michael Long,47.0,1.78,112.6,M
Mrs. Deanna Woods,61.0,1.55,53.2,M
Jeffrey Baker,51.0,1.96,64.1,M
Mark Murillo,49.0,1.57,102.6,F
Andrew Alvarez,20.0,1.61,99.7,F
Kimberly Acosta,20.0,1.78,70.2,M
Michael Deleon,45.0,1.88,54.3,F
Brian Hammond,61.0,1.81,110.1,F
Carlos Anderson,32.0,1.62,72.0,F
Nicholas Flores,58.0,1.5,63.7,F
Brandon Austin,40.0,1.88,86.1,F
Benjamin Nguyen,57.0,1.99,113.7,F
Kathryn Johnson,28.0,1.9,53.0,F
Dawn Rice,65.0,1.73,103.6,F
Michelle Vincent,49.0,1.95,90.1,F
Dakota Mcpherson,53.0,1.7,79.8,M
Anthony Nguyen,50.0,1.76,102.1,M
Michael Villa,41.0,1.74,117.6,F
Tiffany Rocha,56.0,1.72,66.0,F
Gina Andrews,51.0,1.89,60.1,F
Becky Sullivan,45.0,1.76,113.9,F
Dylan Hunter,54.0,1.66,96.8,M
Carrie Branch,24.0,1.63,80.7,F
Jacob Brown,21.0,1.52,90.1,M
Louis Clarke,54.0,1.79,102.2,M
Elizabeth Ramirez,18.0,1.61,104.1,M
Tonya Phelps,18.0,1.57,114.4,M
Robert Roberts,64.0,1.83,79.9,M
Troy Strickland,37.0,1.84,70.5,M
Matthew Cochran,36.0,1.88,94.8,F
Tyler White,46.0,1.75,79.1,F
Tammy Velasquez,27.0,1.95,91.6,M
Robert Bennett,35.0,1.97,79.4,F
Dominique White,45.0,1.9,60.7,M
Jorge Williams,52.0,1.82,82.9,F
Nicole Valentine,60.0,1.65,98.4,M
Michael Johnson,64.0,1.99,105.9,M
Nicholas Wilson,48.0,1.64,84.5,F
Vicki Gregory,44.0,1.6,61.6,M
Matthew Cardenas,28.0,1.72,79.0,F
Kathryn Burnett,66.0,1.53,105.0,M
Holly Sanders,66.0,1.99,78.9,F
Erica Rose,55.0,1.79,98.8,F
Kristin Wilson,22.0,1.78,85.5,F
Hannah Ramirez,25.0,1.83,66.9,F
Lisa Romero,51.0,1.75,105.7,F
Christine Roberts,65.0,1.52,55.9,M
Patricia Taylor,69.0,1.81,86.7,M
David Dominguez,29.0,1.86,64.6,F
Kenneth Graham,55.0,1.71,54.7,M
Keith Lee,18.0,1.88,85.2,M
Harry Flores,48.0,1.61,85.0,F
Willie Phillips,21.0,1.61,99.5,F
Jordan Fitzgerald Jr.,66.0,1.58,102.1,M
Robert Reynolds,62.0,1.69,100.9,F
Brian Davis,67.0,1.92,78.7,F
Eduardo Bennett,22.0,1.91,94.2,F
Megan Johnson,47.0,1.69,90.4,M
Mrs. Kimberly Smith,41.0,1.79,79.5,F
Lisa Mooney,20.0,1.86,91.8,M
Brittany Gray,28.0,1.62,116.3,F
Sarah Smith,62.0,1.58,63.5,M
Derek Mooney,21.0,1.99,113.4,F
Jason Rosario,43.0,1.81,53.7,F
Erica Myers,44.0,1.99,71.6,F
Stacey Brown,63.0,1.67,70.2,M
Michael Garcia,60.0,1.85,93.8,M
Steven Davis,44.0,1.61,59.2,M
Rebecca Fitzgerald,59.0,1.63,111.8,M
Kathryn Martinez,68.0,1.76,108.0,F
Sierra Anderson,67.0,1.66,95.6,F
Brandi Ingram,23.0,1.58,82.1,M
Robert Odonnell,32.0,1.63,115.3,M
Lori Long,47.0,1.52,108.2,M
Edward Ray,59.0,1.85,85.0,M
Joseph Watson,54.0,1.75,99.1,M
Amber Owen,54.0,1.55,89.7,M
Amy Henry,59.0,1.59,91.2,F
Anne Chen,54.0,1.55,73.2,M
Scott Stanley,52.0,1.81,82.3,M
Christopher Pineda,40.0,1.55,55.5,M
Michael Johnson,23.0,1.88,75.0,F
Bobby Grimes,21.0,1.51,98.7,M
Jake Dunlap,35.0,1.62,116.7,F
Robert Cruz,26.0,1.95,117.4,F
Rebecca Buchanan,66.0,1.86,88.9,M
Tiffany Rodriguez,46.0,1.54,92.5,F
Morgan Lopez,30.0,1.91,63.0,M
Christopher Norris,64.0,1.75,98.7,F
Isaiah Spencer,69.0,1.92,54.9,M
Christopher Wallace,34.0,1.8,69.9,M
Michele Rios,62.0,1.84,96.8,F
Allison Barron,49.0,2.0,71.7,M
Alan Wilson,65.0,1.62,53.5,M
Patrick Todd,39.0,1.81,108.2,F
William Hansen,21.0,1.73,71.7,F
Aaron Campos,22.0,1.52,54.4,M
Melissa Turner,54.0,1.51,55.2,F
Ashley Peters,58.0,1.56,67.6,M
Felicia Graham,66.0,1.82,62.5,F
Roberta Moore,30.0,1.78,104.2,F
Michael Hicks,51.0,1.78,72.5,F
Brittany Watkins,62.0,1.52,106.3,M
Christina Charles,39.0,1.73,62.2,M
Nathan Salazar,40.0,1.96,84.5,M
Cameron Holland,68.0,1.7,98.2,M
Michael Gamble,20.0,1.81,95.6,M
Michael Davis,59.0,1.89,92.1,F
Jodi Pennington,51.0,1.89,114.7,M
Manuel Lee,49.0,1.76,66.0,F
William Hoover,62.0,1.93,84.6,F
Christopher Taylor,68.0,1.7,111.9,F
Dr. Martha Williams DVM,66.0,1.94,55.5,M
Jocelyn French,38.0,1.62,53.9,F
Kevin Smith,63.0,1.64,66.3,M
Holly Turner,61.0,1.53,94.3,M
Sherry Arias,38.0,1.9,68.2,M
Ryan Hubbard,61.0,1.71,63.3,M
Christine Ortiz,28.0,1.61,82.1,F
Glen Parsons,56.0,1.62,93.0,M
Christine Drake,21.0,1.95,67.4,F
Joshua Wilson,68.0,1.92,71.0,F
Kevin Cortez,18.0,1.78,92.9,M
Jordan Nguyen,45.0,1.81,116.2,F
Gregory Smith,41.0,1.74,97.2,F
John Miller,52.0,1.7,104.8,F
Todd Clark,30.0,1.96,75.7,M
Jennifer Cabrera,64.0,1.56,69.1,F
Lori Gardner,51.0,1.71,81.8,M
Barbara Bell,28.0,1.67,106.5,M
Alicia Schmidt,53.0,1.75,81.9,M
Ryan Huynh,68.0,1.73,109.3,M
Zachary Lopez,34.0,1.76,119.2,F
Arthur Hardin,52.0,1.57,55.0,F
Jacob Perez,35.0,1.76,53.2,F
Angela Roach,57.0,1.62,60.5,M
Jennifer Mendoza,39.0,1.59,76.9,F
Lisa Novak,41.0,1.53,59.2,M
Tracy Walters,36.0,1.88,110.9,F
Anthony Bowman,54.0,1.71,51.6,M
Peter Smith,56.0,1.81,72.1,M
Vanessa Castro,38.0,1.86,62.9,M
Erica Harris,25.0,1.84,115.2,M
Jason Suarez,45.0,1.74,96.9,F
Alexis Marshall,22.0,1.69,113.8,M
Alfred Stuart,34.0,1.69,118.1,F
Steven Hunt,54.0,1.82,84.8,F
Kenneth Mendoza,53.0,1.75,66.4,F
Tyler Leach,36.0,1.92,63.6,M
Daniel Hood,44.0,1.94,65.6,M
Peter Lopez,51.0,1.59,99.6,M
David Lin,28.0,1.57,52.8,F
Kenneth Ortiz,62.0,1.82,53.6,M
Bridget Young,64.0,1.65,92.6,M
Susan Robinson,29.0,1.51,94.9,F
Martha Jackson,38.0,1.94,96.6,M
Lisa Arias,28.0,1.61,76.0,F
Austin Schmidt,56.0,1.96,106.4,F
Tina Zamora,45.0,1.86,87.4,F
Jennifer Cook,22.0,1.88,57.4,M
John Evans,34.0,1.6,105.8,M
Dustin Black,37.0,1.62,116.7,F
Melissa Garcia,58.0,1.76,54.2,F
Amanda Dunlap,63.0,1.59,77.4,M
Ryan Fernandez,29.0,1.65,84.1,M
Kathleen Morris,23.0,1.66,60.3,F
Robert Copeland,34.0,1.58,110.7,F
John Fuentes,68.0,1.6,69.9,F
Anna Martinez,36.0,1.89,104.8,M
Jacob Daniel,43.0,1.58,97.0,F
Kelli Campbell,65.0,1.51,91.9,M
Daniel Thomas,61.0,1.81,63.4,F
Joshua Johnson,61.0,1.99,65.4,M
Jason Johnson,69.0,1.67,53.3,F
Kimberly Davis,49.0,1.56,66.8,M
Bradley Ramirez,23.0,1.79,74.2,M
Scott Rodriguez,53.0,1.95,108.3,M
Holly Patterson,55.0,1.89,75.6,M
Kristen Scott,28.0,1.81,102.8,M
Tonya Vazquez,50.0,1.66,80.8,M
Austin Adams,41.0,1.77,104.9,F
Lawrence Cooper,40.0,1.55,118.3,F
Matthew Welch,32.0,1.84,66.8,F
Christopher Thompson,44.0,1.86,110.4,M
Scott Dyer,28.0,1.98,93.5,M
Gloria Hernandez,68.0,1.63,107.2,F
Rose Fleming,67.0,1.51,95.6,M
Jay Clayton,34.0,1.77,79.7,M
Dr. David Brooks,68.0,1.85,66.0,F
Kara Morgan,31.0,1.9,54.9,F
Tammy Aguilar,44.0,1.6,87.5,F
Sandra Schultz,35.0,1.63,119.3,F
Adam Stark,45.0,1.76,101.7,F
David Walker,68.0,1.67,72.9,F
Scott Lawson,64.0,1.93,107.9,F
Mary Jackson,64.0,1.74,103.8,M
Beverly Garcia,21.0,1.9,69.7,M
Heather Pineda,24.0,1.79,51.0,M
Brian Hanson,62.0,1.89,58.3,M
Samuel Dean,52.0,1.67,111.4,F
Alexis Morrison,65.0,1.92,108.6,M
David Hall,26.0,1.64,70.7,M
Karen Bullock,25.0,1.77,70.0,M
Cheryl Johnson,69.0,1.61,105.5,M
Catherine Taylor,62.0,1.74,115.6,F
Amy Newman,34.0,1.66,104.5,M
Christy Graham,34.0,1.63,92.4,F
Lonnie Lawrence,66.0,1.98,67.0,F
Claudia Mendoza,50.0,1.58,86.8,M
Kevin Cochran,49.0,1.89,66.3,F
Nathaniel Williams,25.0,1.99,106.6,M
Lisa Carter,36.0,1.51,77.1,F
Kimberly Gonzales,55.0,1.85,108.4,F
Travis Fisher,20.0,1.63,76.7,F
Joshua Watson,22.0,1.52,107.7,M
Rhonda Schroeder,30.0,1.7,73.3,M
Phillip Morales,64.0,1.97,80.8,M
Jonathan Kramer,63.0,1.51,93.1,M
Kyle Jordan,48.0,1.79,54.9,F
Tiffany Phillips,33.0,1.75,116.4,M
Kimberly Butler,67.0,1.94,90.2,F
Shawn Collier,49.0,1.54,85.5,F
Jamie Rollins,39.0,1.84,108.8,F
Richard Lane,46.0,1.84,110.6,F
Joel Fischer,39.0,1.83,86.6,F
Elizabeth Gardner,60.0,1.97,114.9,F
Miranda Jackson,20.0,1.91,54.5,F
Gloria Kelley,27.0,1.52,57.9,F
Marcus Johnson,59.0,1.74,91.8,F
Robert Lozano,38.0,1.7,74.8,F
Stacie Cardenas,33.0,1.66,82.5,F
Jennifer Vaughn,29.0,1.73,73.0,M
Jennifer Jones,19.0,1.69,78.3,F
Rose Valentine,58.0,1.72,107.6,M
Anthony Martin,41.0,1.99,91.5,M
Amanda Rogers,52.0,1.54,119.8,F
Corey Velazquez,47.0,1.96,105.1,F
Martin Walker,47.0,1.74,69.2,F
Mr. Joseph Morris,64.0,1.81,68.5,F
Sarah Hernandez,52.0,1.92,73.5,M
Curtis Fleming,36.0,1.68,109.0,M
Margaret Wright,67.0,1.72,51.9,F
David Camacho,25.0,1.7,66.1,M
Vincent Gray,43.0,1.69,113.3,F
Rickey Kelly,66.0,1.96,94.8,F
Christie Lane,57.0,1.91,65.9,F
Matthew Goodman,24.0,1.55,65.3,M
Anthony Williams,47.0,1.55,110.4,M
Angela Reynolds,24.0,1.71,112.6,M
Steven Villarreal,20.0,1.55,67.9,F
Maria Case,18.0,1.81,79.4,M
Dennis Watkins,53.0,1.57,108.4,F
Amber Martinez,42.0,1.76,104.0,F
Daniel Patel,54.0,1.5,107.0,M
Alexis Henson,18.0,1.66,86.3,F
Shaun Jimenez,32.0,1.84,113.8,F
Phillip Buck MD,54.0,1.74,72.8,F
Gary Wang,30.0,1.99,61.0,F
Marvin Greene,57.0,1.94,99.6,M
Aaron Marks,25.0,1.68,87.8,F
Terry Lopez,22.0,1.52,109.8,F
Kristie Rivers,26.0,1.92,55.7,F
James Shaffer,18.0,1.96,109.1,M
Ashley Lewis,53.0,1.91,70.5,F
David Huffman,52.0,1.56,95.8,F
Mrs. Gina Williams,19.0,2.0,52.8,M
Nathan Mills,57.0,1.63,92.7,F
Sue Jones,40.0,1.86,100.2,M
Keith Clark,26.0,1.95,75.8,F
Annette Adkins,51.0,1.62,65.1,M
Bradley Edwards,63.0,1.95,87.6,F
Amber Wang,31.0,1.65,108.3,M
Justin Brewer,21.0,1.99,72.6,M
Johnny Mahoney,47.0,1.64,67.7,F
Joseph Jones,48.0,1.98,69.5,F
Clinton Bailey,55.0,1.53,116.4,M
Anthony Atkinson,28.0,1.85,75.1,F
Christopher Jackson,52.0,1.77,50.3,F
Patrick Hill,25.0,1.74,104.7,M
Joseph Le,20.0,1.61,98.9,M
Ashley Martinez,31.0,1.85,59.0,F
Mr. Curtis Pratt,30.0,1.6,118.9,F
Michael Reyes,62.0,1.78,92.6,F
Desiree Mercado,49.0,1.63,85.1,F
Mr. Raymond Camacho,51.0,1.98,76.8,M
Joshua Martinez,62.0,1.51,112.9,M
Christopher Farmer,36.0,1.6,67.1,M
Ryan Cooley,55.0,1.62,70.0,M
Alison Russell,33.0,1.71,58.6,F
Ashley Dawson,19.0,1.62,103.1,M
Jesus Campbell,57.0,1.75,91.7,M
Vincent Wong,34.0,1.94,92.6,F
Robert Townsend,51.0,1.86,65.3,F
Kimberly Hernandez,59.0,1.79,95.6,M
Heather Singleton,33.0,1.54,103.6,F
Lisa Snyder,55.0,1.85,75.1,M
Samantha Flores,19.0,1.58,106.1,F
Carolyn Whitaker,19.0,1.89,74.4,F
Jordan Jones,43.0,1.63,103.1,M
Abigail Santiago,30.0,1.71,52.4,F
Laura Esparza,64.0,1.68,88.6,M
Melissa Ayers,48.0,1.93,117.9,M
Sydney Hamilton MD,51.0,1.56,118.7,M
Noah Jordan,56.0,1.78,69.7,F
David Houston,20.0,1.57,80.9,M
Angela Spencer,25.0,1.85,54.4,M
Andrew Wright,40.0,1.95,111.1,M
Richard White,31.0,1.72,89.8,M
Wendy Tucker,44.0,1.74,77.0,M
Stephanie Reyes,46.0,1.96,57.9,M
Steven Willis,56.0,1.76,116.3,F
Meghan Bell,56.0,1.74,87.1,M
Tony Alexander,18.0,1.79,69.8,F
Misty Bray,34.0,1.84,74.5,F
Manuel Russell,58.0,1.55,68.9,M
Jaime Snyder,47.0,1.91,92.1,F
Tonya Brown,30.0,1.72,115.1,F
Edward Woods,38.0,1.54,110.0,M
Amanda Garcia,36.0,1.89,82.2,F
Kyle Newman,36.0,1.69,107.9,M
Elizabeth Jones,42.0,1.55,79.6,F
Matthew Parsons,39.0,1.82,67.7,M
Dr. Thomas Wright,48.0,1.94,118.8,F
Jessica Trevino,34.0,1.94,71.3,M
Jerry Moss,40.0,1.98,72.7,M
Kyle Rodriguez,49.0,1.93,119.3,F
Aaron Cohen,27.0,1.5,59.4,M
Crystal Berry,27.0,1.69,103.2,M
Rachel Huber,53.0,1.91,115.5,F
Rachel Harris MD,25.0,1.68,85.8,M
Julie King,69.0,1.8,50.2,M
Vanessa Preston,37.0,1.8,76.3,F
Sherry Maddox,49.0,1.68,57.8,F
Nicholas Rodriguez,67.0,1.95,79.1,F
Christopher Cook,31.0,1.75,105.3,F
Ashley Ramirez,67.0,1.73,80.7,F
Kurt Snow MD,45.0,2.0,80.2,F
Kathleen Peters,63.0,1.75,89.0,M
Denise Bates,69.0,1.59,90.7,F
Edwin Gibson,41.0,1.76,109.9,F
Connie Johnson,32.0,1.91,71.6,F
Christina Cunningham,39.0,1.89,107.5,M
Holly Grant,47.0,1.89,89.6,M
Brittany Mason,21.0,1.85,71.0,M
Chelsea Gonzales,30.0,1.63,70.7,F
Kyle Cantu,40.0,1.93,75.3,M
Stephanie Gonzalez,25.0,1.95,93.6,M
Glenn Flores,35.0,1.6,66.2,M
Jacob Boyd,29.0,1.57,114.4,M
Holly Davis,48.0,1.99,90.2,F
Ian Williams,31.0,1.93,114.4,F
Joe Johnson,51.0,1.95,53.2,F
Stacy Mays,35.0,1.94,74.0,F
Claire Mata,51.0,1.77,51.6,F
Alicia Smith DVM,28.0,1.82,69.1,F
Carolyn Williams,58.0,1.77,110.3,M
Lori Hernandez,29.0,1.53,52.6,F
Christopher Walker,66.0,1.87,80.5,F
Robert Wilson,32.0,1.75,58.2,F
Elizabeth Castaneda,48.0,1.82,79.2,F
Megan Pearson,66.0,1.75,108.7,F
Brenda Mueller,46.0,1.75,93.6,M
Kathryn Dorsey,43.0,1.59,101.6,M
Matthew Fields,35.0,1.64,74.4,M
Kristin Thompson,49.0,1.58,116.1,M
Richard Hoffman,39.0,1.6,99.6,M
William Miller,55.0,1.99,79.5,F
Cynthia Moreno,34.0,1.58,79.9,M
Sarah Mullen,40.0,1.63,114.3,M
Zachary Hayes DDS,41.0,1.8,90.3,F
Emily West,67.0,1.81,99.4,M
Alicia Bray,25.0,1.58,79.2,M
Lori Bennett,58.0,1.9,65.7,F
Lindsay Miller,23.0,1.89,100.6,F
George Lewis,22.0,1.62,92.5,F
Megan Rogers,61.0,1.64,85.1,M
Steven Hill,46.0,1.97,93.7,M
Greg Gonzales,45.0,,64.6,M
Michael Gregory,28.0,1.85,105.6,F
Jerry Norman,18.0,1.54,116.4,M
Geoffrey Adams,60.0,1.71,112.4,M
Priscilla Park,36.0,1.78,72.5,M
Wendy Fleming,26.0,1.59,78.4,M
Mary Marks MD,44.0,1.72,106.6,F
Cynthia Aguilar,51.0,1.8,,F
Rickey Thompson,61.0,1.66,88.4,F
Joshua Sanchez,21.0,1.89,114.9,F
Gabrielle Rice,53.0,1.92,87.5,M
Eric Page,35.0,1.66,86.0,F
Jason Myers,32.0,1.92,52.9,M
Sandra Jennings,68.0,1.55,54.9,F
Alyssa Beck,30.0,1.92,50.5,F
Kerri Walter,36.0,1.58,113.9,M
Michael Nguyen,66.0,1.54,78.6,M
Stephen Obrien,23.0,1.82,82.8,F
Darrell Rollins,65.0,1.74,109.2,M
Sarah Brooks,29.0,1.95,92.6,F
Edwin Farrell,68.0,1.68,92.7,M
Hannah Garcia,54.0,1.64,70.8,F
Marc Wilson,34.0,1.75,108.4,F
Michael Brown,40.0,1.73,61.6,F
Felicia Cervantes,43.0,1.67,53.7,F
Sherri Ashley,46.0,1.85,63.4,M
Scott Leach,50.0,1.88,68.7,M
Jennifer Bowman,44.0,1.93,69.8,F
William Ryan,42.0,1.99,96.9,F
Eric Blanchard,27.0,1.63,65.2,F
Marco Scott,64.0,1.86,97.4,M
Raymond Watkins,40.0,1.7,56.4,F
Kristen Santiago,38.0,1.84,60.3,M
Sharon Payne,38.0,1.74,85.6,M
Daniel Navarro,60.0,2.0,114.5,F
Amber Townsend,30.0,1.86,110.2,M
Maurice Crawford,54.0,1.98,117.8,F
Kristine Ray,50.0,1.92,95.5,F
Sydney Rodriguez,41.0,1.95,97.3,M
Courtney Weiss,61.0,1.91,93.8,M
Richard Adams,28.0,1.73,93.6,F
Steven King,34.0,1.63,60.3,M
Molly Martinez,21.0,1.69,88.1,M
Jose Ramirez,64.0,1.51,77.0,M
Raymond Berg,42.0,1.76,81.0,F
Kevin Torres,47.0,1.75,86.7,F
Morgan Bates,26.0,1.76,59.0,M
Dwayne Kim,38.0,1.99,75.2,F
Stephen Esparza,37.0,1.96,54.4,F
Deborah Williams,36.0,1.58,118.6,M
Bradley Clark,36.0,1.68,58.3,M
Jose White,29.0,1.71,68.1,M
Carrie Chavez,54.0,1.68,112.4,F
Tracey Russell,59.0,1.9,83.8,F
Lori Allison,34.0,1.76,59.5,M
Angela Wade,54.0,1.79,76.9,F
Jennifer Allen,65.0,1.93,58.1,F
Michael Drake,56.0,1.9,64.0,F
Susan Wells,45.0,1.57,53.6,M
Jennifer Kim,58.0,1.86,80.7,F
Carolyn Strickland,52.0,1.72,106.5,F
Mary Williams,64.0,1.65,91.0,M
Bradley Gill,65.0,1.53,92.4,F
Richard Ellis,35.0,1.74,64.0,F
Gregory Arnold,31.0,1.68,74.1,M
Michael Bailey,52.0,1.63,109.2,F
Anthony Moore,61.0,1.85,56.1,M
Kayla Ryan,58.0,1.88,110.1,F
Matthew Joyce,24.0,1.62,83.9,F
Michael Smith,58.0,1.52,108.6,M
Pamela Powell,30.0,1.92,72.3,M
Valerie Baker,35.0,1.5,73.7,M
Susan Hill,54.0,1.97,102.6,F
Heather Meza,30.0,1.81,104.9,F
Cory Robinson,53.0,1.66,66.1,M
Linda Sawyer,48.0,1.62,118.1,M
Eric Simmons,19.0,1.5,55.9,M
Jason Wright,33.0,1.62,54.8,F
Kathryn Gray,26.0,1.57,91.7,F
Erin Benson,26.0,1.81,100.6,M
Teresa Harper,55.0,1.58,117.3,F
Edward Garner,28.0,1.76,78.3,F
Ronald Thornton,39.0,1.8,51.8,F
Alexander Christensen,50.0,1.65,92.2,M
Lauren Johnson MD,53.0,1.52,70.3,F
Kristin Stark,62.0,1.52,80.3,M
Miguel Wells,40.0,1.51,84.2,M
Stacy Cortez,62.0,1.87,54.5,M
Victoria Thomas,62.0,1.66,84.0,M
Michael Russo,51.0,1.9,79.8,M
Melinda Schneider,26.0,1.72,99.9,M
Victoria Carter,41.0,1.73,95.2,F
Timothy Davis,25.0,1.76,63.0,M
William Weaver,24.0,1.86,64.4,F
Destiny Schaefer,53.0,1.64,67.6,F
Bradley Moore,35.0,1.56,62.5,F
Ashley Foster,20.0,1.78,96.0,F
Melissa Lloyd,45.0,1.66,119.6,M
Megan Jensen,23.0,1.72,95.6,F
Jessica Butler,61.0,1.82,92.5,M
Ashley Floyd,61.0,1.75,78.7,M
Ricardo Johnson,38.0,1.81,71.9,F
Ann Wiggins,45.0,1.77,113.8,M
Brian Richardson,57.0,1.87,117.8,F
Robert Donovan,18.0,1.85,84.8,M
Hannah Oconnell,53.0,1.77,70.3,M
Danielle Fletcher,38.0,1.84,103.9,M
Jacob Carr,60.0,1.94,59.3,F
Crystal Luna,52.0,1.72,103.6,F
Taylor Obrien,30.0,1.71,107.3,M
Tammy Martin,66.0,1.88,58.7,M
Tanya Williams,27.0,1.79,118.4,F
John Rodriguez,61.0,1.54,119.0,M
Kimberly Barber,64.0,1.95,115.6,F
Victoria Lambert,27.0,1.52,84.7,F
Shirley Taylor,63.0,1.87,67.2,F
Michael Owens,30.0,1.88,90.7,F
Tammy Schroeder,54.0,1.98,79.4,M
Gregory Jones,55.0,1.53,64.4,F
Joshua Allison,41.0,1.8,79.7,F
Pamela Espinoza,19.0,1.71,96.5,F
Derek Powell,39.0,1.67,55.0,F
Gina Stein,34.0,1.55,73.3,M
Ellen Montgomery,53.0,1.78,51.2,F
Karen Simmons,31.0,1.74,102.5,M
Matthew Turner,27.0,1.55,94.8,F
Jerry Ross,52.0,1.81,54.4,F
Stephanie Rodriguez,42.0,1.87,117.5,M
Robert Jacobson,20.0,1.88,51.6,F
Justin Anderson,64.0,1.95,91.3,M
Norma May,55.0,1.7,104.3,F
Taylor Petersen,34.0,1.98,105.2,M
Terry Greene,29.0,1.93,52.4,M
Elizabeth Becker,69.0,1.65,113.4,M
Daniel Avila,41.0,1.58,114.3,M
Laura Black,46.0,1.72,89.3,M
Jesus Burton,60.0,1.7,83.7,F
Natalie Salazar,42.0,1.79,53.1,M
Karl Coleman,53.0,1.79,89.3,M
David Sanchez,43.0,1.87,78.7,F
Antonio Barker,55.0,1.75,104.1,M
James Frazier,18.0,1.55,78.3,F
Susan Cisneros MD,37.0,1.93,97.9,F
Andrea Wright,45.0,1.65,57.1,M
Sharon Johnson,33.0,1.99,59.3,M
Jennifer Kennedy,64.0,1.56,59.8,M
Lisa Randolph,34.0,1.98,53.2,M
Jonathan Rios,57.0,1.55,87.9,M
Sara Burgess,45.0,1.62,105.6,M
Laura Alvarez,29.0,1.52,92.7,F
Christopher White,44.0,1.85,90.2,F
Andrea Mitchell,59.0,1.93,97.6,F
Christopher Le,64.0,1.72,73.8,F
Colton Wilson,47.0,1.96,75.3,M
Julia Smith,58.0,1.8,72.0,M
Cynthia Barrera,51.0,1.82,99.8,F
Ashley Klein,54.0,1.92,61.3,M
Bryan Ball,23.0,1.65,50.9,M
Sarah Swanson,24.0,1.68,91.7,F
Bernard Mcneil,49.0,1.95,116.0,F
Stephanie Frank,49.0,1.95,92.7,F
Mark Gillespie,42.0,1.99,104.8,F
Travis Orozco,50.0,1.95,97.1,M
Katherine Nguyen DDS,24.0,1.56,84.8,F
Travis Mccoy,69.0,1.91,100.3,M
Kimberly Long,29.0,1.7,107.7,F
Stephen Alexander,33.0,2.0,65.7,F
Kevin Soto,33.0,1.74,73.5,F
Theresa Shaw,60.0,1.78,65.7,M
Kenneth Stewart,53.0,1.76,81.7,M
Alexis Schultz,30.0,1.66,112.0,M
Craig Brown,24.0,1.54,74.2,M
Lisa Carr,53.0,1.95,76.2,F
Amanda Sullivan,64.0,1.9,110.2,F
Robin Castillo,68.0,1.57,86.1,F
Jeffrey Powers,26.0,1.89,87.5,F
Laura Myers,49.0,1.81,110.3,M
Charles Ross,28.0,1.7,84.3,F
Jacob Jones,25.0,1.63,97.7,F
Kristina Byrd,50.0,1.93,56.0,F
Carol Johnson,40.0,1.85,62.5,M
Debra Mccormick,42.0,1.77,78.3,M
Tammy Roberts,25.0,1.8,84.6,M
Lisa Carroll,62.0,1.55,117.6,F
Jack Kemp,39.0,1.74,117.9,M
Eric Fleming,21.0,1.6,109.6,M
Benjamin Beck,57.0,1.6,72.1,F
Andrew Rivera,20.0,1.83,117.5,M
Regina Garza,46.0,1.96,98.3,F
Ashley Dunn PhD,58.0,1.7,77.5,F
Albert Holmes,46.0,1.6,99.1,M
Carrie Snow,51.0,1.82,51.2,F
Ashley Anderson,51.0,1.94,60.2,F
Danny Carney,45.0,1.87,108.1,F
Daniel Travis,30.0,1.93,95.2,F
Mrs. Krista Villa,32.0,1.77,75.5,M
William Wilson,40.0,1.88,85.0,F
Christina Evans,61.0,1.57,113.4,M
Tanya Thomas,43.0,1.67,94.2,F
Audrey Hawkins,21.0,1.69,77.9,F
Sarah Miles,43.0,1.76,58.4,F
Timothy Robinson,57.0,1.96,70.6,F
Erin Kelly,26.0,1.94,118.5,F
Miranda Stevens,22.0,1.57,80.6,F
Michelle Sutton,49.0,1.59,83.0,F
Rebecca Preston,37.0,1.68,84.9,M
Jennifer Morris,67.0,1.65,111.9,M
Matthew Smith,28.0,1.81,92.3,M
Catherine Graham,32.0,1.95,98.6,F
Stephanie Moore,49.0,1.98,77.3,M
Joanne Fernandez,45.0,1.83,52.0,F
David Barker,39.0,1.92,115.2,M
Erik Jones,58.0,1.76,116.4,M
Jasmine Thomas,34.0,1.6,116.4,F
Stephanie Gutierrez,43.0,1.76,116.1,F
Jordan Schneider,61.0,1.78,107.1,F
Stephen Pratt,24.0,1.87,97.9,F
Adrian Anderson,59.0,1.61,109.1,F
Caroline Lane,43.0,1.68,92.0,M
Joshua Lynn,42.0,1.68,59.4,F
Stephanie Herrera,27.0,1.98,77.4,F
Jennifer Holden,62.0,1.72,118.0,F
Stephanie Harper,36.0,1.88,74.6,M
Amanda Barnes,28.0,1.88,110.7,F
Valerie Donovan,30.0,1.63,56.5,M
Nathan Cooper,25.0,1.79,73.4,M
Felicia Price,57.0,1.95,74.6,M
Michael Patterson,21.0,1.74,53.6,M
Stanley Mccoy,64.0,1.97,58.3,F
Ann Stokes,48.0,1.61,63.5,F
Michael Hebert,45.0,1.54,108.6,F
Tyler Vasquez,28.0,1.95,54.4,F
Deborah Rodriguez,60.0,1.92,70.9,M
Shane Griffin,18.0,2.0,50.7,M
Cameron Smith,66.0,1.84,98.7,F
Marissa Schultz,64.0,1.97,93.4,F
Paul Raymond,69.0,1.91,95.1,F
Anna Hansen,55.0,1.92,76.2,M
Zachary Hall,41.0,1.78,64.6,M
Dr. Valerie Lee,64.0,1.69,100.4,M
Brian Smith,48.0,1.97,106.8,F
Mr. Zachary Weaver,58.0,1.72,59.7,M
John Wilson,63.0,1.77,84.1,M
Debra Fields,67.0,1.72,67.4,M
Joshua Yang,43.0,1.78,61.8,F
Christopher Travis,66.0,1.74,101.4,M
Steven Drake,67.0,1.52,87.7,F
William Rogers,22.0,1.94,65.1,F
Margaret Potter,37.0,1.72,71.7,F
Robert Long,69.0,1.79,117.7,M
Shane Smith,58.0,1.57,109.4,F
Danny Bailey,28.0,1.5,111.6,M
Gabriel Mckinney,50.0,1.62,82.2,M
Dr. James Turner,67.0,1.85,93.7,F
Lori Ray,55.0,1.55,76.4,F
Mark Jacobs,44.0,1.95,55.4,F
Brandon Chandler,51.0,1.61,78.1,M
Devin Mullen,32.0,1.6,91.6,F
Billy Richardson,49.0,1.59,70.1,M
Sarah Brown,38.0,1.51,109.4,F
Henry Mills,63.0,1.89,60.6,M
Mrs. Beverly Fowler,22.0,1.94,75.7,F
Jay Murillo,23.0,1.81,58.7,F
Tina Nelson,55.0,1.59,78.3,M
Gerald White,39.0,1.64,52.8,F
Michael Jones,35.0,1.74,69.1,F
Dustin Guzman,31.0,1.98,78.1,F
Jose Pope,27.0,1.62,83.5,F
Vanessa Bartlett,63.0,1.87,88.1,M
Katherine Giles,30.0,1.72,69.2,M
Tamara Coleman,48.0,1.65,86.6,M
Rebecca Nguyen,47.0,1.73,85.6,M
Maria Rowland,20.0,1.54,72.1,M
Nicole Martin,47.0,1.9,108.1,F
Marissa Escobar PhD,23.0,1.62,88.2,M
Tracy Grant,46.0,1.86,73.3,F
Joseph Cole,25.0,1.53,116.3,M
Charles Townsend,61.0,1.98,109.2,F
Scott Vazquez,62.0,1.6,118.8,M
Keith Campbell,60.0,1.94,98.5,F
Jacob Meyer,61.0,1.9,76.5,M
David Wilson,50.0,1.98,69.7,F
Dawn Saunders,34.0,1.74,96.4,F
Jeremy Bell,65.0,1.86,118.7,F
Ian Smith,28.0,1.69,93.9,F
Erika Gomez,30.0,1.59,111.7,F
Dean Hawkins,67.0,1.72,73.0,M
John Perkins,28.0,1.58,78.5,F
Joseph Bailey,48.0,1.99,113.4,F
Todd Lee,45.0,1.55,103.0,F
Amanda Miller,61.0,1.79,118.7,M
Michael Cervantes,23.0,1.81,104.2,F
Kevin Jackson,58.0,1.77,81.4,F
Susan Pace,33.0,1.83,87.2,M
Robert Roberts,21.0,1.56,113.0,M
Sean Dennis,52.0,1.78,88.6,F
Rachel Ross,65.0,1.64,67.9,F
Stephen Torres,43.0,1.97,80.5,M
Brett Woodard,29.0,1.88,86.1,F
Latasha Mccarthy,28.0,1.99,56.8,F
Jordan Ward,54.0,1.52,102.1,F
Theresa Mcintosh,42.0,1.64,57.7,M
Charlotte Murphy,35.0,1.6,78.3,F
Shelly Morris,36.0,1.51,106.3,F
Russell Williams,40.0,1.62,82.7,M
Phillip Harris,55.0,1.84,108.9,M
Stephanie Owens,35.0,1.62,73.9,M
Shelia Carson,43.0,1.75,117.0,F
Robert Green,23.0,1.94,64.7,F
William Lee,21.0,1.85,52.7,M
Kevin Gibbs,61.0,1.7,111.1,F
Bryan Burnett,68.0,1.69,102.7,M
Angela Caldwell,46.0,1.73,66.2,F
Jennifer Ramos,51.0,1.59,118.9,F
Alexis Mcbride,34.0,1.82,85.2,F
Stacy Hughes,60.0,1.68,116.6,F
Jason Thompson,60.0,1.93,85.4,F
Shane Burnett,33.0,1.88,83.0,F
Danielle Booth,19.0,1.81,81.4,M
Karen Cox,51.0,1.68,73.4,F
Megan Mccoy,25.0,1.6,87.4,M
Jay Barker,30.0,1.89,81.7,F
David Rodriguez,59.0,1.74,52.6,M
Brian Tucker,25.0,1.61,68.2,M
Chad Clayton,47.0,1.6,64.9,F
Elizabeth Reid,49.0,1.58,110.7,F
David Lamb,53.0,1.89,91.9,F
Jamie Hardy,64.0,1.61,103.5,M
Jacqueline Chase,47.0,1.76,117.0,F
David Archer,18.0,1.73,95.1,F
Carrie Mack,60.0,1.79,118.8,F
David Graves,56.0,1.94,71.8,F
Sara Miller,34.0,1.93,63.0,M
Leslie Coleman,37.0,1.73,78.2,F
Joel Perez,41.0,1.51,83.0,M
James Robbins,67.0,1.71,112.7,M
Melissa Finley,39.0,1.8,89.2,F
Jason Sims,46.0,1.78,70.5,F
Jake Levine Jr.,39.0,1.83,102.0,M
Dominique Turner,61.0,1.58,85.4,F
Nicholas Cruz,26.0,1.82,61.3,M
William Ramirez DDS,54.0,1.59,90.4,M
Melinda Smith,27.0,1.88,113.8,F
Mrs. Amy Mcneil,53.0,1.67,,F
Jason Gonzalez,54.0,1.85,91.1,F
Teresa Hurst,45.0,1.52,76.4,M
Michael Malone,45.0,1.7,56.1,M
Stephanie Lopez,59.0,1.85,82.9,F
Rachel Morales,60.0,1.61,102.6,F
Nicole Rios,38.0,1.9,75.2,M
Laura Williams,41.0,1.82,66.5,M
Tonya Hampton,59.0,1.79,115.2,F
Stephen Coleman,57.0,1.68,107.5,M
Megan Kelley,19.0,1.74,94.7,F
William Norton,25.0,1.8,59.6,M
April Park,65.0,1.74,60.1,F
Joseph Meyers,44.0,1.85,57.2,F
Carolyn Spears,39.0,1.72,93.1,M
Ms. Tracy Brock,54.0,1.6,58.1,M
Benjamin Jackson,44.0,1.61,109.0,F
Robert Anderson,46.0,1.5,119.5,F
Rachael Gutierrez,20.0,1.65,75.6,F
Mason Myers,61.0,1.87,81.8,F
Jeffery Montoya,30.0,1.9,99.8,M
Jessica Martinez,62.0,1.6,115.6,F
Joshua Roberson,27.0,1.98,112.6,M
Victoria Nichols,53.0,1.75,54.0,M
William Michael,26.0,1.96,61.8,F
Susan Jones,44.0,1.85,102.8,M
Paul Graham,51.0,1.86,98.2,M
Samuel Davis,68.0,1.54,59.3,F
Karla Holloway,18.0,1.61,85.1,F
Miguel Anderson,49.0,1.5,104.7,F
Joseph Ferguson,42.0,1.86,65.3,F
Joshua Briggs,46.0,1.67,111.0,F
John Payne,24.0,1.89,53.7,M
Joseph Richardson,66.0,1.67,104.8,F
Brandon Mason,20.0,1.91,93.1,F
Robert Lane,37.0,1.57,72.1,M
David Clark,37.0,1.59,100.5,F
Joy Willis,47.0,1.67,104.8,F
Lisa Moore,52.0,1.7,115.4,F
Tammy Jackson,52.0,1.67,75.7,M
Kelly Barnes,66.0,1.88,98.0,F
Danielle Smith,56.0,1.55,92.2,F
Michael Cruz,44.0,1.68,86.8,F
Cody Moore,43.0,1.92,112.3,F
Megan Daniel,31.0,1.53,50.2,F
Wendy Brown,34.0,1.97,69.7,M
Joseph Parker,35.0,1.99,87.7,F
Kevin Woods,62.0,1.54,62.5,F
Samantha Hill,69.0,1.65,113.6,F
Michael King,46.0,1.69,95.3,F
Edward Hill,37.0,1.89,83.5,F
Nicholas Garcia,44.0,1.8,107.0,M
Joseph Mclaughlin,35.0,1.82,81.6,M
Monica Velazquez,21.0,1.88,89.1,F
Kathryn Hill,18.0,1.56,50.2,F
Brett Gonzalez,67.0,1.92,75.6,M
Andrea Nelson,18.0,1.85,59.7,M
David Smith,43.0,1.79,98.3,M
Kevin Bishop,62.0,1.94,83.5,F
Michael Hall,37.0,1.85,71.1,M
Michael Avila,69.0,1.6,82.7,F
David Davis,40.0,1.71,64.7,F
Rebecca Mitchell,27.0,1.75,114.8,M
Andrew Morris,28.0,1.53,53.8,F
Courtney Hammond,58.0,1.98,110.6,F
Geoffrey Cruz,58.0,1.56,85.8,M
Dr. Marc Salazar,22.0,1.85,93.3,F
Michael Johnson DDS,18.0,1.75,71.2,M
Jeffery Burton,34.0,1.51,117.7,M
Frederick Cooper,39.0,1.96,69.7,M
Elizabeth Ortiz,51.0,1.93,91.2,F
Lance Cruz,62.0,1.76,119.5,M
Tracey Macdonald,58.0,1.61,111.7,M
Jesse Santana,46.0,1.56,87.5,F
Ernest Juarez,21.0,1.68,119.3,M
Michael Delacruz,22.0,1.63,99.1,F
Steven Colon,28.0,1.75,64.6,F
James Day,68.0,1.98,78.4,M
John Fuentes,38.0,1.79,73.4,M
Sarah Anderson,52.0,1.94,74.1,F
Paula Barton,29.0,1.83,103.2,M
Daniel Burns,43.0,1.74,90.9,F
Dana Fuentes,68.0,1.93,52.7,M
Catherine Acosta,36.0,1.74,111.4,F
Laura Mccullough,62.0,1.93,70.8,M
Sara Edwards,24.0,1.65,119.8,M
Savannah Rosales,64.0,1.56,116.8,F
Tammie White,24.0,1.93,115.8,M
Scott Moore,43.0,1.79,106.8,M
Mrs. Susan Rivera,57.0,1.94,65.4,F
Sean Stevenson,22.0,1.97,87.3,F
Robert Hebert,38.0,1.53,65.7,F
Leonard Mckinney,31.0,1.75,68.2,M
Ronald Wright,21.0,1.69,92.8,M
Joshua Malone,40.0,1.81,52.9,F
John Reynolds,59.0,1.9,117.9,F
Daniel Daniel,37.0,1.64,114.3,M
Gavin Williams,32.0,1.78,76.7,F
Austin Benton,67.0,1.85,86.1,F
Mrs. Sara Rowe,69.0,1.57,82.6,F
Timothy Salas,62.0,1.91,111.8,M
Michael Stevens,46.0,1.8,98.2,M
Michael Miller,25.0,1.97,69.5,F
Nicole Nguyen,58.0,1.67,81.3,M
Jenny Lowe,65.0,1.55,80.0,M
Jason Hale,36.0,1.75,117.2,F
Leslie Garcia,65.0,1.54,62.3,M
Wayne Brooks,56.0,1.98,56.3,F
John Ellis,63.0,1.52,111.6,M
Jessica Ray,45.0,1.88,112.8,F
Michael Peterson,63.0,1.76,111.0,F
Keith Rodriguez,44.0,1.68,85.8,F
Tristan Thompson,21.0,1.53,96.2,M
Candace Hays,32.0,1.81,89.4,F
Alejandra Williams,52.0,1.79,54.9,M
Patricia Martin,54.0,1.64,91.7,F
James Chavez,18.0,1.96,51.0,M
William Kelley,20.0,1.65,72.7,F
Michael Banks,64.0,1.72,115.3,F
Katherine Green,41.0,1.77,71.3,M
Andrew Hamilton,44.0,1.55,115.8,F
Daniel Bolton,57.0,1.97,67.5,F
Jacob Little,53.0,1.69,72.0,M
Mary Davis MD,51.0,1.54,94.0,M
Scott Rush,46.0,1.69,103.3,F
Andrea Cain MD,41.0,1.8,85.1,F
Tammy Clark,41.0,1.76,111.7,M
Nathan Morris,59.0,1.85,52.8,F
Angela Mullins,21.0,1.53,114.6,F
Maria Barry,20.0,1.64,63.7,M
Elizabeth Rodgers,51.0,1.91,111.9,F
James Hall DVM,66.0,1.54,78.1,F
Kimberly Williams,40.0,1.93,108.3,M
Ashley Sweeney,69.0,1.55,97.0,F
Kimberly Villanueva,40.0,1.92,62.3,F
Dwayne Mendoza,62.0,1.68,114.3,F
Helen Smith,22.0,1.81,67.2,F
Ruben Hernandez,48.0,1.58,67.1,F
Erika Conrad,58.0,1.53,107.0,M
Zachary Kim,23.0,1.61,57.4,F
Wendy Jones,54.0,1.56,65.5,F
Amber Brown,27.0,1.66,85.3,M
Amanda Scott,57.0,1.76,108.1,F
Brandi Mckenzie,24.0,1.79,60.3,F
Jon Contreras,56.0,1.89,88.3,F
William Lucas,55.0,1.83,99.8,M
Brooke Hill,38.0,1.8,110.2,F
James Mitchell,37.0,1.71,115.5,M
Amy Carter,20.0,1.74,104.9,M
Donna Roberts,68.0,1.71,95.7,F
Zachary Norris,39.0,1.92,80.4,M
John Mendoza,64.0,1.62,57.8,M
Christina Lawson,21.0,1.5,99.7,M
Jennifer Nguyen,45.0,1.83,119.5,M
Audrey Taylor,29.0,1.6,101.6,F
Richard Foster,55.0,1.95,51.2,F
Joshua Scott,68.0,1.93,84.7,F
Jake Montoya,53.0,1.54,93.0,F
Eric Fields,64.0,1.55,98.3,M
Samantha Wright,58.0,1.75,100.4,F
Joseph Powell,22.0,1.8,89.1,F
Breanna Berg,30.0,1.64,65.6,M
Stephen Cunningham,40.0,1.86,116.0,F
Katie Smith,67.0,1.8,98.8,M
Emma King,47.0,1.66,66.6,F
David Miller,54.0,1.51,72.6,F
Mark Fry,42.0,1.88,114.5,F
Thomas Berry,65.0,1.61,112.1,M
Kelly Miller,44.0,1.92,78.4,F
Tracy Schmidt,68.0,1.71,52.7,F
Tammy Alexander,31.0,1.79,53.4,M
Kimberly Garcia,65.0,1.94,69.9,F
Brandon Newman,64.0,1.93,94.0,F
Gary Logan,53.0,1.69,90.9,M
Kevin Patterson,56.0,1.6,94.4,M
Linda Arnold,33.0,1.89,100.2,F
Christina David,39.0,1.72,51.3,M
Barry Wolf,38.0,1.6,57.4,M
Julie Benton,38.0,1.95,75.2,M
Valerie Cannon,25.0,1.6,60.8,F
David Bryant,66.0,1.51,55.3,F
John Beck,33.0,1.51,94.9,M
Brett Martinez,48.0,1.81,107.1,M
Shelby Farmer,59.0,1.83,102.7,F
Jennifer Luna,27.0,1.66,107.2,M
Christopher Carr,49.0,1.66,96.6,M
Alexis Gutierrez,51.0,1.67,101.5,F
Aaron Delgado,26.0,1.84,69.0,F
Hannah Turner,34.0,1.53,119.5,F
Jeffrey Sherman,28.0,1.96,62.8,M
Tracy Hamilton,49.0,1.61,65.0,M
Michael White,27.0,2.0,70.2,M
Tyler Taylor,39.0,1.59,118.3,F
Nathan Murphy,34.0,1.89,119.2,M
Ronald Burns,21.0,1.61,105.6,F
Aimee Wagner,65.0,1.54,94.0,F
Dr. Monique Maddox,69.0,1.94,86.4,M
Maria Gutierrez,64.0,1.93,117.9,F
Dr. Jonathan Rogers,42.0,1.7,98.7,M
Rebecca Anderson,38.0,1.85,116.1,M
Charles Hamilton,54.0,1.78,72.2,F
Jacob Wells,55.0,1.93,73.4,M
Shannon Stone,66.0,1.66,109.8,F
Melissa Buckley,18.0,1.76,60.5,F
Sean Taylor,42.0,1.74,116.2,F
David Phillips,68.0,1.68,85.5,M
Cassie Clark,53.0,1.95,114.8,M
Susan Cabrera,34.0,1.58,73.6,M
Stephanie Turner,58.0,1.57,100.1,F
Timothy Franklin,41.0,1.79,83.8,F
Paul Garrett,19.0,1.83,93.9,M
Diane Burns,57.0,1.6,85.3,F
Michael Butler,32.0,1.7,117.7,M
Donald Browning,49.0,1.97,98.4,M
Kimberly Park,56.0,1.62,67.6,M
Justin Ruiz,23.0,1.83,113.7,M
Judy Powers,18.0,1.87,70.6,F
Cynthia Snyder,64.0,1.72,76.0,M
Shannon Mcdowell,40.0,1.97,57.1,F
Summer Day,56.0,1.87,113.0,F
Ashley Williams,34.0,1.73,70.0,M
Carol Johnson,51.0,1.78,68.1,M
Dr. Bridget Rodriguez,58.0,1.85,114.4,F
Bradley Ballard,46.0,1.8,106.4,M
William Rivera,26.0,1.94,59.9,F
Dalton Arellano,30.0,1.68,103.9,F
James Ramirez,23.0,1.65,113.9,F
Rebecca Glass,23.0,1.61,55.5,F
Kimberly Johnson,37.0,1.52,107.8,M
Vickie Mckay,69.0,1.52,88.3,M
Janet Rivera,20.0,1.94,96.8,M
Mario Phillips,34.0,1.84,84.5,F
Jennifer Mosley,66.0,1.83,98.8,M
Alison Watson,29.0,1.81,52.4,F
Cindy Luna,65.0,1.92,103.4,F
Alicia Harris,64.0,1.74,52.3,F
Kelly Horton,62.0,1.94,81.9,M
Brandi Miller,18.0,1.68,60.6,M
Wendy Booth,34.0,1.96,107.7,F
Mr. John Meyers DVM,20.0,1.85,72.0,M
Sarah Lowe,43.0,1.63,81.8,F
Eric Henderson,32.0,1.78,80.0,M
Steven Rogers,53.0,1.77,104.1,M
Thomas Price,49.0,1.57,83.7,M
Steven Williams,49.0,1.8,105.2,F
Terri Smith,21.0,1.66,55.1,M
Matthew Arnold,35.0,1.53,63.4,M
William Gardner,66.0,1.97,88.6,F
Erin Trujillo,36.0,1.82,116.3,M
Crystal Floyd,60.0,1.94,55.2,F
Kelsey Best,69.0,1.84,53.0,M
Tracey Cole,52.0,1.68,61.0,F
Elijah Peterson,57.0,1.76,94.9,F
Dr. Abigail Collins,31.0,1.84,77.9,M
Aaron Flowers,50.0,1.98,107.8,F
Adam Boyle,31.0,1.63,55.0,F
Felicia Bennett,51.0,1.94,63.7,M
Danielle Lloyd,21.0,1.96,71.0,M
Meghan Rogers,41.0,1.84,93.9,M
William Oconnell,46.0,1.97,98.0,M
Barry Gilbert,36.0,1.7,58.7,F
Stephen Hernandez,23.0,1.98,116.1,F
Cheryl Jackson,50.0,1.85,73.9,M
Eric Williams,66.0,1.52,99.9,M
Jason Cooper,57.0,1.95,86.7,M
Tiffany Kelly,36.0,1.74,65.6,M
Jonathan Bridges,18.0,1.73,109.2,F
Michael Murphy,22.0,1.78,107.3,F
Stacy Whitehead,44.0,1.57,77.7,F
Michael Lamb,33.0,1.73,91.2,F
Richard Cunningham,23.0,1.92,68.0,F
Casey Luna,57.0,1.51,98.3,M
Audrey Gray,30.0,1.64,71.6,M
Rebecca Obrien,65.0,1.5,109.1,F
Brian Brown,52.0,1.71,65.2,F
Sara Taylor,36.0,1.86,51.0,M
Dr. Robin Johnson MD,29.0,1.9,68.8,F
Thomas Wright,33.0,1.97,63.4,F
Bonnie Anderson,60.0,1.8,85.6,F
Kristin Davis,27.0,1.63,64.3,F
Stephanie Adams,42.0,1.96,103.4,M
Sandra Jones,37.0,1.89,66.9,F
Hannah Thomas,48.0,1.79,99.5,F
Makayla Bartlett,21.0,1.85,90.5,F
Alyssa Patton,61.0,1.96,119.0,F
Debra Mann,40.0,1.86,120.0,F
Amanda Hinton,19.0,1.68,110.9,M
Joseph Herrera,39.0,1.86,103.2,M
Amber Guerrero,68.0,1.52,77.1,M
Joseph Fox,54.0,1.69,102.7,F
Julie Mullen,25.0,1.7,117.0,F
Gregory Gibson,24.0,1.58,51.6,M
Jeremy Adams,31.0,1.51,87.7,M
Meghan Jones,20.0,1.57,65.3,F
Joseph Jones,67.0,1.83,89.1,F
Miranda Park,33.0,1.9,82.7,M
Elizabeth Cantrell,36.0,1.99,90.3,F
Christina Black,68.0,1.67,88.6,F
Mark Grant,35.0,1.8,117.2,M
Sean Bailey,69.0,1.97,88.7,F
Ann Weaver,33.0,1.58,109.2,F
James Houston,25.0,1.86,72.4,F
Eduardo Fields,50.0,1.88,80.7,M
Amy Dennis,66.0,1.54,82.9,F
Jasmine Davis,29.0,1.93,69.5,F
Donald Gutierrez,28.0,1.91,76.6,M
Steven Lee,22.0,1.52,91.9,F
Hannah Avila,44.0,1.55,90.6,F
Anne Ingram,29.0,1.52,94.6,F
Danielle Douglas,34.0,1.67,74.6,M
Lindsay White,23.0,1.75,72.1,M
Tara Hawkins,50.0,1.77,92.8,F
Randy Macdonald,22.0,1.63,59.3,M
Johnathan Fisher,45.0,1.96,67.7,M
David White,31.0,1.68,52.9,M
Robert Hubbard,22.0,1.52,55.1,M
Keith Gilbert,50.0,1.65,67.0,M
John Flores,67.0,1.77,51.4,M
Amy Mccann,65.0,1.7,67.2,M
Danielle Daniels,58.0,1.64,95.8,M
David Brooks,36.0,1.57,54.3,M
Mary Stevens,39.0,1.91,80.6,F
Timothy Johnson,22.0,2.0,113.9,M
Jennifer Leblanc,19.0,1.66,105.4,M
Joshua Krueger,47.0,1.69,71.4,F
Tara Brown,64.0,1.81,114.7,F
Michael Guerrero,56.0,1.86,73.1,F
Kelly Lucero,21.0,1.7,55.1,F
David Jones,50.0,1.95,119.6,M
Matthew Duke,30.0,1.78,110.9,M
Phillip Elliott,37.0,1.73,82.6,M
Andrew Hale,24.0,1.82,96.6,F
Jacob Page,32.0,1.98,97.0,M
Taylor Morgan,40.0,1.9,63.6,M
Christina Smith,31.0,1.52,64.0,F
Michael Gilbert,40.0,1.67,82.9,F
Suzanne Jordan,36.0,1.74,113.8,F
Edward Rhodes,46.0,1.66,50.7,F
Kelly Mccullough,37.0,1.85,104.8,F
Joel Harris,46.0,1.91,54.0,M
Nancy Edwards,41.0,1.87,83.5,F
Thomas Garcia,35.0,1.99,94.7,F
Michelle Phillips,27.0,1.64,98.1,M
Christie Adams,58.0,1.94,54.1,M
Tammy Walsh,25.0,1.88,79.3,M
Juan Anderson,43.0,1.68,90.9,F
Joshua Gonzalez,46.0,1.87,54.6,F
David Atkinson,27.0,1.55,59.5,M
Brian Miller,34.0,1.89,96.5,M
Cassandra May,19.0,1.77,86.5,F
Kenneth Roberts,23.0,1.65,61.3,M
Desiree Garcia,22.0,1.83,87.5,M
Wayne Knight,45.0,1.82,113.9,M
Monica Gomez,58.0,1.6,51.1,M
Robert Sandoval,22.0,1.52,95.0,F
Anthony Phillips,35.0,1.72,55.2,F
Christine Mcgrath,43.0,1.78,50.5,F
Melissa Mcdonald,37.0,1.94,60.5,M
Rodney Meza,58.0,1.96,79.6,F
Shane Spencer,66.0,1.76,106.2,F
Jacob Crawford,44.0,1.88,69.7,M
Michael Hanna,66.0,1.72,93.8,M
Steven Fuller,29.0,1.87,78.8,F
Tim Hernandez,24.0,1.6,66.4,M
Jesse Smith,20.0,1.69,86.0,M
Katelyn Robertson,27.0,1.82,105.8,F
Elizabeth Evans,51.0,1.51,108.3,F
Kelly Spencer,42.0,1.86,109.3,F
Jason Chapman,52.0,1.92,73.7,M
Elizabeth Patel,33.0,1.7,105.5,M
Daniel Kemp,19.0,1.72,64.9,M
Rachel Martin,41.0,1.93,101.7,M
Michael Mayo,27.0,1.89,116.4,M
Matthew Yu,55.0,1.64,51.0,M
Alexis Montgomery,39.0,1.66,80.8,F
David Ali MD,43.0,1.84,95.3,F
Andrew Maynard,60.0,1.78,99.1,M
Dr. Michael Jones,56.0,1.58,62.3,F
Whitney Russell MD,44.0,1.65,118.1,F
Renee Harris,46.0,1.95,93.1,F
Jonathan Miller,64.0,1.84,61.5,M
Randall Weaver,55.0,1.99,51.4,F
Nancy Stevens,37.0,1.88,104.8,F
Christopher Torres,44.0,1.97,55.6,M
Shannon Dyer,58.0,1.61,59.9,M
Lisa Taylor,37.0,1.89,90.2,M
Christina Martinez,61.0,1.51,92.2,F
Joshua Mills,36.0,1.84,98.1,F
Emily Rogers,37.0,1.73,77.5,F
Heather Hayes,52.0,1.67,104.2,M
Christina Garrett,64.0,1.93,118.2,M
Todd Hoover,19.0,1.93,69.0,M
Anthony Yang,47.0,1.51,99.2,F
Catherine Huber,51.0,1.8,115.0,F
Angela Ray,39.0,1.68,98.0,F
Gregory Torres,20.0,1.71,97.7,M
John Myers,23.0,1.92,65.7,M
Joseph Price,32.0,1.65,87.5,F
Richard Sanchez,44.0,1.97,89.4,F
Stephen Gutierrez,27.0,1.59,99.0,F
Philip Martin,26.0,1.83,119.8,M
Melissa Cabrera,50.0,1.84,52.4,F
Jamie Olson,49.0,1.63,54.6,M
Sean Alvarez,65.0,1.66,55.5,F
Brooke Romero,23.0,1.92,102.0,F
Brandon Jones,58.0,1.88,59.5,F
Tyrone Middleton,53.0,1.66,93.6,F
Andrew Adkins,19.0,1.77,72.7,F
Ronnie Wilson,46.0,1.53,82.0,F
Nicholas Morgan,21.0,1.6,65.1,F
Jessica Rogers,18.0,1.74,110.6,F
Billy Long,36.0,1.54,91.0,F
Robert Gonzalez,43.0,1.92,116.1,F
Teresa Gonzalez,42.0,1.86,90.2,M
James Lopez,27.0,1.97,58.7,M
Mark Gordon,32.0,1.85,62.0,F
Jessica Carpenter,39.0,1.97,119.2,F
Kelly Cortez,68.0,1.78,100.8,M
Charles Hall,65.0,1.8,53.4,M
Hannah Kim,38.0,1.99,99.3,M
Cindy Lambert DDS,39.0,1.82,78.9,F
Angel Riley,53.0,1.52,71.5,F
Adrian Walsh,51.0,1.86,60.8,F
Cynthia Wilson,47.0,1.95,108.8,F
Ronald Lara,42.0,1.9,54.5,M
Jodi Mckenzie,62.0,1.79,70.3,M
Cody Martinez,45.0,1.84,71.4,M
Robert Lewis,18.0,2.0,61.3,M
Angela Cherry,66.0,1.55,85.6,F
Barbara Lawson,62.0,1.83,50.8,M
Rick Small,21.0,1.64,71.1,M
Natalie Mason,24.0,1.82,115.4,F
Sarah Jackson,66.0,1.8,71.7,F
Joshua Lee PhD,26.0,1.58,75.2,F
Jack Dominguez,53.0,1.6,83.1,M
Robert Williams,36.0,1.81,89.3,M
Todd Johnson,18.0,1.56,106.6,F
Sarah Johnson,27.0,1.63,63.3,F
Randy Brown,53.0,1.92,111.0,F
Amanda Brown,26.0,1.66,103.0,F
Jennifer Garcia,62.0,1.74,100.6,M
Kent Weaver,63.0,1.97,56.1,F
Kimberly Garcia,59.0,1.61,51.5,M
Sarah Bell,49.0,1.69,91.6,F
Jamie Gay,49.0,1.8,110.4,F
Antonio Arnold,23.0,1.88,90.9,M
Gloria Contreras,65.0,1.95,64.9,F
Grace Marquez,55.0,1.96,56.3,F
Cody Davis,34.0,1.89,99.0,F
Mr. Michael Rice,27.0,1.61,100.5,M
Daniel Brown,67.0,1.51,62.1,M
Cynthia Everett,44.0,1.69,52.0,F
Steven Lynn,67.0,1.57,78.6,F
Matthew Walker,52.0,1.86,90.8,M
Sara Johnson,69.0,1.83,99.4,M
Mackenzie Garcia,38.0,1.52,106.7,M
Yesenia Robinson,42.0,1.92,92.7,F
Andre Thomas,45.0,1.62,57.8,F
Brandon Curtis,64.0,1.72,97.8,F
Rhonda Olson,32.0,1.83,118.9,F
Abigail Cox,21.0,1.71,113.4,M
Leonard Bennett,46.0,1.72,111.0,M
James Spencer,26.0,1.53,71.2,M
Kenneth Garcia,44.0,1.7,102.6,F
Sean Coleman,43.0,1.88,109.6,M
Joseph Blair,36.0,1.96,97.5,F
Michael Powell,45.0,1.71,67.5,M
Dr. Jenny Anderson,34.0,1.71,116.8,F
Mr. Thomas Ochoa,60.0,1.85,81.6,F
Kristy Robinson,58.0,1.97,59.1,M
Donna White,59.0,1.63,57.7,M
Susan Johnson,67.0,1.72,95.3,M
Megan Wright,37.0,1.9,80.6,M
Angela Walters,62.0,1.8,56.6,M
Shannon Winters,57.0,1.56,101.8,M
John Lewis,56.0,1.81,106.0,F
Nicholas Robinson,66.0,1.59,100.8,M
Brittney Wilson,40.0,1.76,64.2,F
Jodi Sutton,64.0,1.76,98.3,F
Christopher Ramirez,49.0,1.94,50.8,F
Caroline Barton,69.0,1.73,71.4,M
Tiffany Warner,64.0,1.64,77.9,M
Daniel Brooks,50.0,1.62,108.5,M
James Lambert,63.0,1.94,77.3,M
Eric Lester,22.0,1.59,50.8,M
Jermaine Jordan,60.0,1.71,74.7,M
Kara Andrews,65.0,1.59,84.9,F
Catherine Jones,51.0,1.89,116.4,F
Anna Garcia,57.0,1.74,115.9,F
James Wilson,28.0,1.68,62.7,F
Lori Kelly,67.0,1.68,63.0,F
Ricky Sparks,20.0,1.93,61.4,M
Matthew Randolph,50.0,1.78,105.2,M
Julie Acevedo,28.0,1.86,50.4,F
Amy Butler,33.0,1.95,58.9,F
Daniel Lewis,35.0,1.95,87.7,F
Tony Morgan,47.0,1.66,67.3,M
Jose Hahn,65.0,1.98,56.5,M
Kendra Frazier,27.0,1.51,75.2,M
Melanie Garrett,35.0,1.69,69.2,M
Bridget Ward,55.0,1.95,85.8,M
Daniel Heath,36.0,1.64,118.5,M
Jessica Rodriguez,53.0,1.64,58.7,M
Damon Smith,30.0,1.65,76.1,F
Chris Edwards,63.0,1.81,115.2,F
Joseph Stewart,20.0,1.72,111.4,M
Samantha Copeland,27.0,1.86,77.6,F
Nancy Caldwell,55.0,1.95,98.9,M
Samantha Adams,18.0,1.84,56.1,F
Philip Gordon,44.0,1.6,99.9,M
Megan Parks,63.0,1.97,118.1,M
Jeffrey Castillo MD,25.0,1.63,87.6,F
Melissa Taylor,68.0,1.57,84.9,M
Kristina Davis,63.0,1.54,63.1,F
Anthony Peterson,59.0,1.78,94.4,M
Jonathon Edwards,34.0,1.56,91.3,F
John Travis,26.0,1.57,95.6,M
Harold Weaver,23.0,1.65,51.8,F
Cameron Horton,60.0,1.64,88.4,M
Vincent Decker,42.0,1.8,91.6,F
Marissa Arellano,56.0,1.91,64.5,F
Maria Valdez,66.0,1.88,64.6,F
Joseph Fitzpatrick,45.0,1.63,69.3,F
Emily Johnson,50.0,1.62,99.8,M
Michael Singleton,54.0,1.98,92.4,F
Tracey Matthews,26.0,1.5,109.2,M
Grace Todd,35.0,1.94,70.7,M
Sarah West,38.0,1.6,113.8,M
Jeffery Griffin,19.0,1.97,102.1,M
Cindy Harrington,60.0,1.67,77.7,M
Howard Jordan,55.0,1.72,56.7,M
Gail Thompson,57.0,1.85,68.0,M
Joseph Hayden,53.0,1.79,117.0,M
Jake Tucker,67.0,1.66,71.7,F
Gloria Johnston,60.0,1.78,73.1,F
Garrett Miller,54.0,1.87,63.3,M
Diane Yates,32.0,1.52,106.5,F
Stephanie Schaefer,45.0,1.51,69.3,F
Walter Morgan,35.0,1.73,73.1,M
Mark Keller,51.0,1.57,79.0,F
Michael Kelly,39.0,1.83,80.4,F
Frank Martin,28.0,1.61,78.8,F
Kathryn Cook,30.0,1.72,85.3,M
John Schultz,21.0,1.6,107.0,M
Linda Williams,39.0,1.77,107.3,F
,24.0,1.56,105.9,M
Bryan James,60.0,1.51,57.1,M
Anthony Grant,41.0,1.53,106.0,F
Paula Ballard,21.0,1.98,58.4,F
Megan Lee,45.0,1.57,58.7,F
Steven Johnson,32.0,1.85,116.4,F
Mr. Seth Simmons,18.0,1.53,107.4,M
Brianna Osborne,20.0,1.55,88.7,M
Pamela Gordon,31.0,1.75,111.2,M
Briana Williams,55.0,1.73,119.3,M
William Rodriguez,67.0,1.98,92.7,M
Clinton Mccarthy,18.0,1.97,92.9,M
Sandra Fisher,55.0,1.89,102.8,M
Bryan Byrd,55.0,1.8,66.2,M
Erik Shelton,38.0,1.73,61.7,M
Brooke Warren,65.0,1.68,103.2,F
Gregory Johnson,46.0,1.97,74.1,M
Angela Cole,22.0,1.8,59.5,M
Calvin Smith,66.0,1.79,72.0,M
Keith Everett,27.0,1.62,75.1,F
Nicole Carson,45.0,1.52,117.6,F
Linda Mccann,38.0,1.97,98.9,M
Elaine Vaughn DDS,67.0,1.66,87.2,M
Daniel Jenkins,24.0,1.72,117.8,F
Shawn Lynch,20.0,1.56,113.2,M
Michael Brewer,62.0,1.92,85.8,F
Phillip Miller,64.0,1.51,113.4,M
Timothy David,37.0,1.92,78.3,F
Michael Cooper,36.0,1.57,66.1,F
Lisa Mcmahon,52.0,1.94,66.3,M
Derek Lyons,21.0,1.86,96.4,F
Margaret Graham,22.0,1.58,85.1,F
Ann Monroe,18.0,1.78,96.1,F
Kendra Diaz,21.0,1.66,98.0,M
Alison Davis,29.0,1.59,51.6,M
Travis Clark,44.0,1.93,53.8,F
Ashley Rice,59.0,1.7,87.3,F
Sandy Martin,40.0,1.7,63.4,M
Mrs. Brandy Mcdaniel,42.0,1.58,94.3,M
Jose Blevins,38.0,1.69,88.7,M
Anita Zhang,69.0,1.94,91.0,F
Jessica Brown,41.0,1.68,71.2,M
Ronald Peterson,42.0,1.98,94.8,M
Shawn Palmer,62.0,1.97,108.1,M
Kenneth Meyer,63.0,1.57,119.9,M
Kevin Lynch,49.0,1.59,108.7,F
Ashley Simmons,49.0,1.93,89.0,F
Paige Frazier,22.0,1.7,63.5,M
Melissa Mason,53.0,1.5,97.7,F
Bruce Henry,63.0,1.64,115.6,M
Nancy Mcintosh,59.0,1.8,64.8,F
Kevin Barron,66.0,1.9,67.9,M
Raymond Kent,59.0,1.57,60.4,M
Sarah Noble,56.0,1.56,101.6,F
Victoria Black,33.0,1.96,78.5,M
John Ramirez,50.0,1.88,54.4,M
Emma Garrison,66.0,1.79,111.2,F
Sarah Jones,38.0,1.88,89.0,M
Brooke Moore,26.0,1.71,73.2,F
Jessica Lopez,23.0,1.88,74.1,M
Amber Wells,68.0,1.69,70.3,M
Amanda Moore,62.0,1.62,81.9,F
Brittany Smith,52.0,1.86,73.6,F
Tyler Nguyen,56.0,1.71,88.4,M
Christopher Hernandez,39.0,1.99,104.1,M
Debra Sharp,58.0,1.67,97.2,F
Shane Cooper,22.0,1.96,70.6,F
Kathleen Ramirez,59.0,1.97,87.0,M
Brian Cruz,40.0,1.62,108.8,M
Melanie Gibson,34.0,1.9,54.8,M
Crystal Hudson,29.0,1.72,55.5,F
Jeffrey Wise,40.0,1.96,88.9,M
Thomas Evans,33.0,1.73,94.7,F
Kevin Scott,20.0,1.87,64.8,M
Jacob Bennett,47.0,1.73,102.2,F
Ann Bell,39.0,1.61,95.2,M
Victor Gentry,26.0,1.6,114.6,F
Jennifer Lutz,46.0,1.71,61.8,F
Christy Campbell,64.0,1.88,102.6,M
Dawn Hill,54.0,1.8,55.9,F
Juan Short,40.0,1.84,89.6,F
Kevin Miller,30.0,1.64,88.6,F
Michelle Khan,49.0,1.74,77.2,M
Lisa Shaw,63.0,1.52,109.1,M
Kevin Patel,69.0,1.91,50.3,M
Melissa Anderson,64.0,1.99,86.4,M
Margaret Moore,65.0,1.7,65.2,F
Brian Jackson,40.0,1.51,102.0,F
David Stewart,62.0,1.58,53.0,M
Krystal Ball,34.0,1.83,108.2,F
Joseph Mcgee,57.0,1.81,108.7,F
Jeffrey Burton,38.0,1.89,108.3,M
Ashley Diaz,19.0,1.63,60.7,M
Tracy Mcintosh,54.0,1.88,94.1,F
Fred Miller,23.0,1.84,51.0,M
Sheena Graham,61.0,1.66,109.4,F
Lisa Poole,35.0,1.77,100.6,F
Melissa Cruz,47.0,1.57,87.2,M
Alicia Rivera,39.0,1.73,101.1,M
Michael Sullivan,50.0,1.94,56.6,F
Rebecca Meyer,47.0,1.71,87.0,M
William Forbes,34.0,1.92,70.4,F
David Small,60.0,1.8,118.1,F
Keith Henry,49.0,1.6,110.0,M
Duane Scott,59.0,1.79,101.3,M
Courtney Phillips,68.0,1.75,115.4,M
Andrea Walker,31.0,1.7,74.3,M
Alan Mathews,27.0,1.56,113.1,F
Kimberly Acevedo,64.0,1.71,72.8,M
Jason Reese,68.0,1.54,101.3,M
Pamela Wall,53.0,1.55,101.5,M
Michael Thomas,51.0,1.71,51.3,F
Sarah Mendoza,26.0,1.65,75.3,M
Christian Coleman,59.0,1.96,51.4,M
Susan Wilson,45.0,1.69,119.8,M
Sandra Meadows,28.0,1.88,58.6,M
Bradley Schwartz,31.0,1.77,88.0,M
Brandy Soto,56.0,1.85,105.3,F
Darrell Welch,64.0,1.63,64.1,F
Allison Drake,36.0,1.97,84.0,F
Cheyenne Rhodes,32.0,1.77,92.5,M
Lauren Harris,45.0,1.92,61.2,M
Cynthia Poole,41.0,1.68,104.5,F
Catherine Tate,25.0,1.55,71.0,M
Christopher Carter,60.0,1.84,64.8,F
Jill Hopkins,26.0,1.5,89.1,M
Megan Bradley,64.0,1.74,78.7,F
Anthony Carter,50.0,1.6,114.4,F
Howard Levy,50.0,1.81,111.6,M
Sarah Norman,36.0,1.99,83.8,M
Michelle Patton,20.0,1.73,75.1,M
Jeffery Hart,27.0,1.91,72.8,M
Mrs. Pam Rogers,57.0,1.75,68.7,M
David Mora,64.0,1.75,88.1,F
Gregory Brooks,59.0,1.97,106.3,M
Christine Lee,18.0,1.94,71.8,F
Ryan Martinez,46.0,1.89,63.3,M
Andrew Sheppard,67.0,1.65,83.3,F
Courtney Smith,51.0,1.77,54.8,F
Jaime Stark,68.0,1.61,99.1,F
Curtis Patterson,30.0,1.72,86.3,M
Megan Spence,18.0,1.74,84.7,F
Shannon West,51.0,1.92,71.0,M
Darrell Mitchell,46.0,1.95,113.3,F
Ashley Hernandez,65.0,1.71,56.3,M
Alison Gutierrez,64.0,1.51,110.9,F
Joseph Smith,30.0,1.93,76.4,M
Melissa Brown,65.0,1.59,111.6,M
Mrs. Christy Campbell,66.0,1.81,101.0,F
Stacey Clark,46.0,1.51,57.3,F
Gary White,56.0,1.7,108.2,M
Bradley West,41.0,1.99,97.8,F
Richard Griffin,43.0,1.55,52.3,M
Troy Smith,34.0,1.71,59.4,M
Jennifer Sweeney,24.0,1.65,94.5,F
Duane Perez,30.0,1.95,96.4,M
Edward Ballard,22.0,1.93,102.3,F
Kevin Snow,43.0,1.62,100.4,M
Jerome Stone,66.0,1.54,96.2,M
Amber Smith,20.0,1.81,103.6,M
Jasmine Reed,24.0,1.67,90.3,M
Jessica Hughes,66.0,1.84,68.3,F
Daniel Hill,56.0,1.52,113.9,M
Melinda Bell,18.0,1.57,51.3,F
April Manning,66.0,1.84,75.7,M
Nancy Steele,34.0,1.61,101.0,M
Sheri Williams,60.0,1.93,79.9,F
Monica King,42.0,1.53,51.7,M
Darryl Johnson,20.0,1.61,54.6,M
Stephanie Dean,32.0,2.0,95.4,F
Natalie Romero,46.0,1.72,117.5,M
Laurie Jones,60.0,1.85,88.6,M
Andrew Bartlett,49.0,1.59,85.5,M
Jennifer Cochran,43.0,1.8,72.3,F
Olivia Smith,33.0,1.86,68.0,F
Paul Miranda,42.0,1.66,51.5,F
Timothy Lee,45.0,1.91,69.1,F
Justin Davis,26.0,1.8,81.4,F
Brandon Williamson,18.0,1.69,63.9,F
Kevin Morgan,46.0,1.78,56.1,F
Andrea Dunn,39.0,1.79,100.2,F
Peggy Patterson,33.0,1.58,112.6,M
Brandon Moody,58.0,1.7,115.6,F
Kyle Williams,68.0,1.67,93.3,M
Stanley Roberts,61.0,1.7,53.7,M
Valerie Brown,68.0,1.88,101.9,M
Edwin Jackson,58.0,1.74,57.7,M
Daniel Nelson,24.0,1.97,96.9,M
Melissa Chen,31.0,1.65,104.6,F
Heather Cox MD,46.0,1.71,100.8,F
Nathaniel Duncan,36.0,1.89,116.6,M
Kelly Rasmussen,36.0,1.77,101.7,F
Justin Morton,19.0,1.77,98.5,F
Patricia Morrow,58.0,1.53,68.3,F
Emily Smith,62.0,1.7,114.7,F
David Rios,32.0,1.64,62.6,F
Traci Bradley,20.0,2.0,113.3,M
Jennifer Butler,28.0,1.65,71.9,M
Bryce Reed,63.0,1.94,59.1,M
Melissa Ayala,47.0,1.84,107.9,M
Marie Brooks,57.0,1.67,50.2,M
William Rose,35.0,1.77,108.2,F
Michelle Hudson,68.0,1.92,68.4,F
Connie Fry,65.0,1.94,111.9,M
Tony Combs,19.0,1.58,98.4,M
Catherine Marks,49.0,1.67,96.6,F
Kerry Thompson,25.0,1.67,75.6,F
Jared Torres,39.0,1.52,54.2,M
Danielle Haynes,23.0,1.8,108.1,M
Bonnie Berg,29.0,1.93,62.0,F
Timothy Jones,64.0,1.69,76.1,F
Randall Campbell,57.0,1.87,92.0,M
Patrick Huff,53.0,1.81,83.8,F
Thomas Graham,32.0,1.69,63.9,F
Crystal Clark,45.0,1.57,59.8,M
Samantha Harvey,69.0,1.85,58.6,F
Catherine Johnson,66.0,1.93,110.4,M
Amanda Hernandez,62.0,1.84,52.2,F
Mrs. Anna Matthews,35.0,1.51,118.4,M
Joseph Mcmahon,19.0,1.61,63.9,F
Eric Villarreal,30.0,1.53,57.7,F
Steven Moore,62.0,1.79,90.4,M
Beverly Castillo MD,32.0,1.88,55.6,M
Caitlin Miller,37.0,1.56,92.2,F
Miguel Cervantes,46.0,1.92,109.5,M
Donna Rose,59.0,1.78,53.4,M
Nicole Henderson,46.0,1.84,106.0,F
Kayla Lin,20.0,1.99,77.6,F
Brandi Krueger,36.0,1.54,61.2,F
Shannon Dominguez,20.0,1.95,62.3,M
Chris Robertson,31.0,1.56,114.3,F
Misty Garza,57.0,1.7,57.7,F
Brittany Hull,21.0,1.93,110.7,M
Elizabeth Peters,69.0,1.95,88.1,M
Elizabeth Santana,28.0,1.75,52.7,M
Cynthia Green,48.0,1.8,82.5,F
Samantha Tran,60.0,1.85,107.2,M
Nancy Cline,49.0,1.92,100.8,F
Jordan Jones,44.0,1.56,84.2,F
Sarah Evans,47.0,1.91,110.2,F
Karen Robinson,60.0,1.74,58.4,F
Lisa Flores,19.0,1.73,113.7,M
Chelsea Yoder,66.0,1.71,109.3,M
Jessica Stout,26.0,1.75,99.6,M
Patrick Williams PhD,45.0,1.97,107.3,M
Brian Hahn,48.0,1.77,88.1,F
Aaron Smith,51.0,1.98,97.3,M
Robin Owens,32.0,1.59,89.2,F
Kathleen Rivera,65.0,1.86,74.9,M
Jennifer Hamilton,42.0,1.91,89.8,M
Michelle Miller,53.0,1.84,68.0,F
Christopher Stewart,25.0,1.8,80.8,F
Olivia Brown,26.0,1.78,69.7,F
Selena Castro,54.0,1.93,58.6,M
Dwayne Curtis,65.0,1.91,72.5,F
Tricia Mccoy,62.0,1.56,109.6,M
Patricia Becker,56.0,1.92,76.7,F
Barbara Boyle,49.0,1.71,102.4,M
Brandy Wheeler,69.0,1.63,62.3,F
Martin Williams,34.0,1.93,79.7,F
Heather Johnson,52.0,1.72,58.0,F
Lindsay Green,54.0,1.9,59.7,F
Dr. Kevin Mitchell,36.0,1.63,93.2,M
Shawn Taylor,61.0,1.5,92.5,M
Stephanie Davis,46.0,1.75,64.9,M
Amanda Myers,24.0,1.55,83.2,M
Kelli Rice,45.0,1.88,110.4,F
Jorge Baker,26.0,1.64,62.2,F
Amanda Baker,45.0,1.72,51.3,M
Randy Shah,23.0,1.54,95.6,M
Christopher Ingram,46.0,1.64,53.7,M
Candace Lopez,34.0,1.89,118.6,M
Rebecca Keller,33.0,1.58,92.7,M
David Ross,40.0,1.82,82.9,F
Jerome Estrada,48.0,1.96,80.1,F
Ryan Hunter,20.0,1.84,90.1,M
Sylvia Stanley,38.0,1.91,56.3,M
Michael Carr,43.0,1.55,115.1,F
James Johnson,53.0,1.63,93.8,M
Elizabeth Thomas,59.0,1.95,62.9,M
Ronald King,54.0,1.86,89.4,F
Darren Durham,39.0,1.82,59.3,F
Anthony Alexander,59.0,1.83,51.2,F
Caitlyn Perez,29.0,1.71,94.1,M
Paul Young,59.0,1.52,95.4,M
Lisa Johnson,30.0,1.89,90.9,F
Brandon Jones,28.0,1.84,62.8,M
Robert Lewis II,33.0,1.74,92.2,M
Sharon Adams,25.0,1.95,54.0,M
Sherry Phillips,57.0,1.67,92.6,M
Terrence Weber,57.0,1.65,88.8,M
Joseph Webb,62.0,1.94,95.9,F
Robert Blair,19.0,1.9,112.7,M
Nicholas Weber,47.0,1.76,109.5,F
Tara Harrison,47.0,1.57,118.6,F
Vicki Collier,29.0,1.61,118.3,M
Jorge Johnson,27.0,1.83,104.1,F
Francisco Ferguson,61.0,1.69,116.9,F
Stephanie Richardson,28.0,1.92,110.7,M
James Davis,32.0,1.97,100.9,F
Andrew Curtis,33.0,1.9,55.3,M
William Warren,34.0,1.69,53.4,M
Elizabeth Flores,43.0,1.89,108.6,F
Justin Mcconnell,19.0,1.68,84.3,M
Diana Hudson,67.0,1.58,107.0,F
Amy Andrews,29.0,1.52,71.9,F
Robert Ortega,68.0,1.69,77.8,M
Kimberly Shelton,43.0,1.95,99.0,M
Roy Barry,40.0,1.62,114.1,M
Natasha Mccarthy,35.0,1.6,56.1,M
Wendy Hill,49.0,1.98,110.3,M
Jacob Barrera,66.0,1.51,105.5,M
Abigail Rivers,55.0,1.89,72.1,M
Alexis Lopez,64.0,1.66,74.9,M
Austin Jones,20.0,1.52,53.3,M
Bradley Reilly,55.0,1.96,51.1,M
Sarah Sparks,20.0,1.57,83.4,F
Jennifer Ramirez,47.0,1.78,56.7,F
Deborah Martin,18.0,1.64,63.6,M
Lance Davis,47.0,1.53,109.3,M
James Young,62.0,1.52,90.0,M
Monique Munoz,49.0,1.56,94.4,M
Christopher Santos,45.0,1.54,63.1,M
Eric Rodriguez,38.0,1.88,108.0,F
Howard Carter,63.0,1.74,110.8,M
Lisa Burke,30.0,1.67,86.6,M
Mr. Michael Costa,44.0,1.71,113.9,F
Susan Cameron,53.0,1.96,109.1,M
John Kerr,24.0,1.96,101.2,M
Benjamin Mendoza,39.0,1.86,101.4,F
Natasha Garcia,27.0,1.94,57.4,M
Richard Hall,56.0,1.66,69.0,M
Scott Foster,32.0,1.69,54.7,F
Rebecca Howell,32.0,1.81,50.6,M
Richard Mathews,21.0,1.81,61.1,F
Sean Moore,49.0,1.74,111.6,M
Joseph Reyes,40.0,1.7,66.8,F
Ronald Castaneda,23.0,1.99,117.9,F
Jennifer Jensen,41.0,1.91,91.8,M
Eddie Powell,37.0,1.72,66.6,F
Kenneth Sanchez,54.0,1.86,84.8,F
Amy Baker MD,37.0,1.63,65.3,M
Brian Smith,29.0,1.55,118.9,F
Jonathan Vargas,50.0,1.68,109.3,F
Cynthia Petersen,45.0,1.7,51.8,M
Thomas Powers,25.0,1.51,116.3,F
Kyle Holloway,18.0,1.91,100.5,M
Adam Dominguez,54.0,1.68,55.8,F
Terry Morgan,39.0,1.79,96.9,F
Monica Anderson,23.0,1.54,95.3,F
Charles Riley,38.0,1.59,65.3,F
Eric Ferrell,49.0,1.94,103.1,M
Tara Miller,52.0,1.8,56.1,F
Joshua Mendoza,32.0,1.98,84.3,M
Megan Rowland,22.0,2.0,50.7,M
Shawn Wilson,63.0,1.69,117.8,F
Phyllis Little,67.0,1.65,102.6,M
Michael Downs,65.0,1.93,61.1,F
Glenn Cunningham,23.0,2.0,73.9,M
Donna Hood,42.0,1.81,61.2,F
Manuel Brown,63.0,1.9,103.7,M
Chad Torres,57.0,1.89,54.1,M
James Cole,46.0,1.68,108.8,F
Nicole Harris MD,24.0,1.79,116.0,F
Robert Macdonald,57.0,1.92,97.4,M
Angela Tucker,30.0,1.84,64.9,M
Angela Lewis,55.0,1.51,75.2,M
Matthew Morgan,35.0,1.67,83.4,M
Angela King,19.0,1.57,92.3,M
Benjamin Williams,25.0,1.62,96.8,M
Robert Smith,28.0,1.95,88.8,F
Michael Johnson,50.0,1.52,74.6,F
Guy Davis,55.0,1.61,112.4,F
Michael Williams,65.0,1.65,55.7,M
Brenda Williams,44.0,1.81,82.6,M
Michelle Landry,37.0,1.77,104.3,F
Ashley Brown,29.0,1.61,54.3,F
Karen Li,60.0,1.58,99.4,F
Terry Young,48.0,1.62,107.4,F
Matthew Clark,44.0,1.75,96.3,F
Erika Jenkins,49.0,1.64,50.9,F
Jared Cooper,27.0,1.97,62.6,F
Monica Duke,20.0,1.73,73.9,F
Raymond Washington,62.0,1.53,66.4,M
Marc Mays,44.0,1.86,117.4,F
Lisa Harrell,52.0,1.66,95.6,F
Michael Grant,48.0,1.83,70.8,F
Paula Duarte,32.0,1.64,115.1,M
Jeffrey Shannon,33.0,1.79,101.8,F
Jessica Phillips,30.0,1.89,69.9,M
Zachary White,66.0,1.96,76.5,M
James Carroll,52.0,1.63,64.0,M
Charles Hernandez,69.0,1.67,118.0,M
Todd Briggs,28.0,1.73,86.2,M
Glenn Weaver,38.0,1.96,112.7,F
Yolanda Harvey,68.0,1.95,74.3,F
Dr. Adam Christian,28.0,1.54,110.3,M
Joshua House,47.0,1.57,53.8,M
Ashley Hughes,65.0,1.75,118.7,M
Linda Boyd,52.0,1.55,113.8,M
Jennifer Morales,39.0,1.67,75.4,M
Michael Garcia,55.0,1.57,104.2,F
Rebecca Salazar,48.0,1.82,102.7,M
Ann Keller,31.0,1.97,113.1,M
Dr. Katie Bell,41.0,2.0,71.5,M
Amanda Moore,67.0,1.69,82.6,F
Carolyn Williams,66.0,1.8,110.5,F
Dawn Garrett,49.0,1.93,104.5,F
Andres Wilson,53.0,1.56,77.5,M
Brady Lopez,49.0,1.84,109.2,M
Michael Owens,32.0,1.7,53.3,F
John Gillespie,60.0,1.6,104.7,F
Carlos Thompson,52.0,1.7,64.5,F
Ashley Holder,20.0,1.54,70.0,M
Andrea Hawkins,33.0,1.85,84.5,M
Matthew Hicks,22.0,1.63,81.5,F
Raymond Bradley,38.0,1.66,86.4,F
Casey Garcia,27.0,1.56,88.1,M
Nicholas Cooper,36.0,1.93,73.2,F
Mary Hall,42.0,1.75,62.3,M
Amanda Lee,21.0,1.79,103.8,F
Felicia Nichols,46.0,1.78,78.0,M
Andrew Rodriguez,36.0,1.71,85.4,M
Jamie Abbott,60.0,1.6,95.1,F
Michael Simpson,19.0,1.87,113.7,M
Gregory Johnson,27.0,1.56,99.5,M
John Bernard,60.0,1.55,53.2,F
Michael Webster,42.0,1.86,108.7,M
Christine Obrien,37.0,1.6,119.3,F
Jason Shaffer,65.0,1.65,83.1,M
Jordan Stewart,36.0,1.74,117.9,F
Cole Wilson,40.0,1.72,88.3,M
Randall Gill,41.0,1.85,82.2,M
Stephen Bailey,28.0,1.81,73.2,F
Aimee Brown,63.0,1.82,96.0,F
John Green,51.0,1.86,66.1,M
Timothy Sanchez,45.0,1.65,57.3,F
Carolyn Berg,22.0,1.66,51.9,F
Dale Boyd,22.0,1.72,70.5,M
Julie Lewis,68.0,1.65,77.7,F
Jordan Ryan,38.0,1.99,88.6,M
Darlene Palmer,29.0,1.91,70.5,F
Mrs. Michelle Foley PhD,67.0,1.58,118.9,M
Kaitlyn Gross,21.0,1.5,70.4,F
Eric Bauer,66.0,1.52,80.9,M
Benjamin Kelley,59.0,1.62,57.2,M
Amber Roberts,37.0,1.56,68.2,F
Raven Miller,55.0,1.77,53.4,F
Michael Kim,42.0,1.93,89.2,M
Katherine Hayes,31.0,1.87,102.6,F
Brian Boyle,28.0,1.61,63.7,M
Nathaniel Warren,49.0,1.7,75.8,M
Anita Blankenship,28.0,1.75,51.2,F
Carrie Cameron,35.0,1.91,108.8,F
Kelly Young,44.0,1.92,104.6,F
Sarah Mays,35.0,1.95,54.4,M
Christopher Anderson,40.0,1.75,75.5,F
Tiffany Sanders,28.0,1.85,116.9,F
James Sanders,38.0,1.56,77.4,F
Gabrielle Monroe,61.0,1.78,86.8,M
Linda Acosta,22.0,1.62,74.9,F
Allen Cummings,40.0,1.72,91.7,F
Teresa Smith,58.0,1.82,118.5,M
Wendy Evans,42.0,1.63,119.8,F
Dennis Ramos,58.0,1.53,104.2,M
Alyssa Anderson,27.0,1.51,78.3,F
Elizabeth Lindsey,39.0,1.51,84.6,M
Catherine Livingston,36.0,1.5,75.0,M
Melissa Reynolds,18.0,1.56,119.0,M
Kimberly Serrano,24.0,1.62,99.5,F
Teresa Davis,21.0,1.61,81.4,F
Jonathan Lynch,18.0,1.99,50.8,M
Samantha Escobar DVM,32.0,1.65,86.4,F
Billy Mooney,57.0,1.56,118.9,F
Brian Cook Jr.,29.0,1.77,86.6,F
Elizabeth Williams,39.0,1.93,62.8,M
Peter Cole,39.0,1.84,51.5,F
Denise Parker,67.0,1.65,74.8,M
Randy Jensen,64.0,1.78,114.3,M
Vickie Costa,34.0,1.86,119.8,F
Nicole Castillo,46.0,1.86,116.2,F
James Holt,63.0,1.83,101.1,M
James Smith,31.0,1.94,89.1,F
Andrea Bond,67.0,1.94,91.3,F
Ashley Ward,37.0,1.79,87.7,M
Joseph Hill,67.0,1.71,99.5,F
Dennis Duarte,65.0,1.82,79.3,M
Megan West,50.0,1.91,96.8,M
Jeffrey Garcia,60.0,1.5,58.5,F
Tina Jones,32.0,2.0,68.6,M
Teresa Young,29.0,1.59,108.5,F
Vanessa Parks,57.0,1.74,113.3,F
Mr. Kyle Martin,37.0,1.94,87.7,F
Spencer Williams,47.0,1.61,52.2,M
Jeffery Mccall,55.0,1.74,114.9,M
Jamie Roberts,20.0,1.57,99.1,M
Debbie Gibson,45.0,1.7,79.0,F
Jill Lopez,43.0,1.59,91.9,F
Tamara Porter,47.0,1.68,80.1,M
Lynn Lowery,30.0,1.69,82.6,F
Madeline Thomas,30.0,2.0,112.1,F
Justin Wilson,19.0,2.0,61.3,M
Ronald Nelson,54.0,1.56,57.3,M
Miss Karen George MD,66.0,1.86,50.2,M
Miss Tracy Richardson,55.0,1.53,72.0,F
Michael Bowers,19.0,1.52,60.3,F
Julia Williams,53.0,1.55,65.4,F
Jesse Dean,43.0,1.98,50.8,M
David Wiggins,28.0,1.97,65.9,M
Ruth Taylor,25.0,1.6,73.3,M
Carl Henry,61.0,1.58,52.2,M
Jordan Moore,57.0,1.62,92.6,F
Brittany Hayes,60.0,1.76,89.8,M
Joseph Hoffman,39.0,1.78,56.8,F
Michele Owens,37.0,1.61,91.7,M
Amy Love,25.0,1.88,119.9,F
Elizabeth Rodriguez,46.0,1.65,116.1,M
Mary Park,57.0,1.96,50.2,F
Shawn Gilmore,43.0,1.83,105.7,F
Dawn Ware,47.0,1.72,74.8,M
Jacob Montes,34.0,1.89,54.5,F
Sean Wright,37.0,1.91,70.7,M
Deborah Young,69.0,1.65,72.5,F
Michelle Nelson,33.0,1.67,86.6,M
Sean Santiago,63.0,1.97,96.3,M
Lindsey Davis,60.0,1.58,102.4,M
Michael Cortez,24.0,1.52,67.2,F
Justin Snyder,33.0,1.73,72.5,F
Jill Robertson,62.0,1.9,71.6,M
Rachel Smith,64.0,1.89,75.4,F
Stephanie Roberts,65.0,1.96,120.0,M
Christina Wilson,44.0,1.77,104.5,F
Benjamin Schmitt,40.0,1.55,118.2,M
Tracy Porter,41.0,1.79,98.5,M
Sara Barry,26.0,1.89,78.4,M
Michelle Hurst,52.0,1.55,77.3,M
Charles Jones,68.0,1.59,84.2,M
Mr. Chase Thompson,37.0,1.51,79.2,F
Robert Carter,54.0,1.8,108.0,F
Bridget Best,59.0,1.94,82.6,F
Cindy Ramirez,34.0,1.84,70.7,F
Lawrence Christian,64.0,1.99,104.2,M
James Osborn,48.0,1.53,109.8,M
Sarah Holder,25.0,1.95,79.4,M
Troy Patrick,32.0,1.91,96.7,F
Carlos Melton,48.0,1.66,54.1,M
Lauren Thomas,47.0,1.99,87.1,F
Justin Wilson,63.0,1.64,53.1,F
Holly Doyle,37.0,1.94,52.0,F
Dominic Kemp,56.0,1.94,92.9,M
Kyle Daniels,29.0,1.88,71.2,F
Brenda Sellers,66.0,1.78,102.0,F
Ryan Bauer,34.0,1.56,112.7,F
Raymond Oconnor,59.0,1.77,59.8,F
Ryan Williams,47.0,1.68,100.7,F
Richard Brown,46.0,1.9,86.0,M
Margaret Jenkins,36.0,1.88,57.8,F
Brian Tyler,63.0,1.96,95.6,F
Carrie Lee,28.0,1.51,92.7,F
Jasmine Ward,51.0,1.9,86.1,M
Tracy Morgan,67.0,1.97,114.9,F
Elizabeth Bowen,24.0,1.89,86.5,M
Shannon Johnson,61.0,1.57,119.3,F
Nancy Rios,51.0,1.54,85.6,M
Shannon Smith,37.0,1.51,58.1,M
Kenneth Brown,67.0,1.81,82.9,M
Perry Pierce,55.0,1.81,62.8,F
Michael Martin,41.0,1.99,91.8,F
Chris Hawkins,27.0,1.7,98.5,F
Kathryn Hill,49.0,1.67,82.8,F
Alexander Wilson,69.0,1.81,56.8,M
Alejandra Shaw,32.0,1.91,82.8,F
William Barker,54.0,1.97,55.7,F
Terry Mcdonald,37.0,1.9,97.7,M
Mary Rogers,20.0,1.71,105.3,M
Susan Powers,54.0,1.82,117.4,M
Nicholas Jefferson,57.0,1.93,60.4,M
Patrick Kane,25.0,1.75,87.3,F
Anna Osborn,57.0,1.61,89.7,F
Maria Robinson,61.0,1.58,114.6,M
Michael Brady,40.0,1.5,93.9,M
Evan Smith,57.0,1.86,60.2,F
Michael Shepherd,28.0,1.56,80.5,M
Christopher Johnson,63.0,1.62,95.8,M
Brandy Fitzgerald,25.0,1.65,99.0,M
Michelle Reyes,46.0,1.78,110.4,F
Susan Robinson,47.0,1.7,62.6,F
Vanessa Gibson,27.0,1.84,116.6,F
Alicia Dominguez,56.0,1.53,54.1,M
Lauren Jones,45.0,1.56,118.9,F
Sarah Richardson,66.0,1.75,110.0,M
Steven Williams,53.0,1.67,96.2,F
Matthew Ashley,30.0,1.65,101.4,M
Jessica Vaughn,49.0,1.53,55.1,M
Shannon Moss,53.0,1.95,52.9,F
Laura Simpson,54.0,1.85,57.1,F
Eric Lynch,43.0,1.56,56.1,M
Dawn Ayers,39.0,1.53,88.3,M
Jose Wilson,21.0,1.99,65.1,M
Miss Rachel Adkins,48.0,1.84,110.2,M
Lisa Allen,35.0,1.71,81.2,M
Janice Logan,55.0,1.85,98.7,F
Courtney Nichols,41.0,1.88,95.7,M
Johnny Faulkner,40.0,1.89,72.4,F
Melissa Snyder,39.0,1.74,67.0,F
William Abbott,19.0,1.71,74.0,F
Diana White,48.0,1.51,105.8,F
Justin Smith,28.0,1.96,91.0,M
Jasmine Shepherd,45.0,1.8,67.7,F
Holly Bailey,63.0,1.6,107.2,F
Allen Jordan,49.0,1.96,53.8,F
Patrick Smith,22.0,1.96,98.9,M
Matthew Wong,55.0,1.99,80.7,F
Joshua Kim,27.0,1.94,101.2,F
Mary Miller,57.0,2.0,114.9,F
Monica Ellis,63.0,1.62,102.5,M
Rebecca Mitchell,41.0,1.92,80.9,M
Shawn Roberts,52.0,1.91,60.6,M
Melanie Watkins,61.0,1.62,106.4,F
Lisa Myers,65.0,1.55,82.2,M
Andrea Jones DDS,40.0,1.99,55.3,M
Suzanne Boone,34.0,1.65,100.3,M
Jennifer Lewis,18.0,1.94,70.4,F
Kelly Martinez,48.0,1.5,53.4,M
Jeremiah Jackson,48.0,1.51,113.2,F
Jacob Andersen,59.0,1.73,83.8,F
Rebecca Jenkins,59.0,1.62,69.7,F
Jonathan Lee,51.0,1.84,100.1,F
James Marquez,26.0,1.78,112.0,M
Jessica Martin,39.0,1.54,50.0,M
Andrew Bass,30.0,1.58,98.1,F
Bonnie Chambers,42.0,1.69,103.7,F
Grace Brown,65.0,1.59,64.7,F
Joel Adams,35.0,1.9,84.3,F
Sabrina Bradley MD,68.0,1.71,56.3,M
Erika Flores,29.0,1.55,102.3,M
Maria Turner,57.0,1.74,109.3,F
John Johnson,34.0,1.55,57.6,M
Barbara Jenkins,32.0,1.56,107.2,M
Melissa Norris,59.0,1.62,104.0,M
Jessica Dudley,32.0,1.93,74.3,M
Sarah Cooke,32.0,1.96,98.3,F
Rebecca Gutierrez,56.0,1.91,50.0,M
Kelly Lane,30.0,1.67,115.2,F
Jennifer Stanley,34.0,1.64,88.5,M
Corey Roman,49.0,1.77,93.4,M
Anna Romero,26.0,1.86,96.5,F
Taylor Mckinney,57.0,2.0,89.3,M
Ryan Colon,37.0,1.57,110.0,F
Sarah Martin,43.0,1.52,92.7,M
Donna Kramer,44.0,1.85,113.5,F
Scott Young,38.0,1.92,90.8,M
Kenneth Santana,35.0,1.92,62.0,F
Molly Neal,30.0,1.84,113.9,M
Erin West,33.0,1.98,97.7,F
Tracy Gonzalez,26.0,1.76,98.9,M
Kaitlyn Barrera,29.0,1.96,119.0,F
Benjamin Browning,61.0,1.98,55.3,F
Douglas Murray,55.0,1.92,80.0,M
Benjamin Gilmore,36.0,1.65,66.7,F
Denise Hill,24.0,1.6,94.1,F
Jeffrey Calhoun MD,52.0,1.77,106.5,M
Andrew Garcia,65.0,1.73,117.6,M
Trevor Diaz,35.0,1.94,81.8,M
Deborah Hodges,33.0,1.55,105.0,F
Abigail Shelton,56.0,1.63,114.2,F
Ryan Thompson,21.0,1.88,97.8,M
Matthew Oneill,42.0,1.55,67.0,F
Amanda Weaver,49.0,1.66,92.5,M
Kimberly Martin,57.0,1.69,117.9,F
Rhonda Poole,30.0,1.81,119.1,M
Amy Johnson,62.0,1.58,95.0,F
Angela Bell,34.0,1.93,112.1,M
Michael Smith,66.0,1.72,64.0,M
Charles Trujillo,54.0,1.96,67.2,M
Jessica Williams,23.0,1.73,116.7,F
Virginia Phillips,36.0,1.64,59.5,F
Emily Payne,30.0,1.57,63.4,F
Thomas Fox,43.0,1.5,79.4,M
Jacob Everett,31.0,1.77,91.3,F
Kathryn Shannon,48.0,1.55,92.3,F
Tyler Robertson,21.0,1.7,70.4,M
Kevin Clark,56.0,1.79,114.4,M
Daniel Taylor,25.0,1.64,114.1,M
Randy Johnson,42.0,1.59,77.4,M
Amy Walker,30.0,1.89,80.4,F
Charles Wong,49.0,1.97,99.2,M
Matthew Hughes,55.0,1.55,96.4,F
Steven Richardson,55.0,1.58,76.8,M
Joseph Woods,45.0,1.98,79.0,F
Ana Mcdonald,47.0,1.52,74.4,M
Tom Walker,20.0,1.99,66.5,M
Mr. Steven Mccoy,45.0,1.5,82.1,M
Lori Chase,20.0,1.94,98.1,M
Jason Boyd,62.0,1.65,101.9,M
Jessica Ramsey,51.0,1.97,104.5,F
Jose Henry,33.0,1.66,76.2,F
Derrick Mendoza,39.0,1.83,103.5,F
Matthew James,49.0,1.54,50.5,F
Robin Hendricks,55.0,1.62,83.4,F
Bradley Pacheco,25.0,1.89,105.6,M
Dillon Garcia,25.0,1.76,94.1,M
Helen Molina,23.0,1.96,83.2,F
Patricia Ball,31.0,1.71,95.1,F
David Walker,49.0,1.93,113.5,F
Tyler Anderson,52.0,1.72,89.6,F
Sean Carey,27.0,1.99,106.0,F
Willie Smith,20.0,1.98,118.7,M
Danielle Miller,29.0,1.66,99.4,F
Cole Crane,66.0,1.94,90.1,M
Vanessa Lee,48.0,1.92,52.6,F
Jeffrey Smith,46.0,1.61,76.2,M
Jesus Marshall,22.0,1.81,89.6,F
Norma Ramsey,69.0,1.54,105.8,F
Karen Smith,42.0,1.92,80.7,M
Kathleen Barr,58.0,1.59,117.2,M
Kyle Cooper,48.0,1.54,69.0,M
Carolyn Cole,38.0,1.7,102.1,F
Barbara Harris,37.0,1.79,79.3,F
Nicole Sullivan,56.0,1.93,84.0,F
Tammy Aguilar,39.0,1.99,106.2,F
Matthew Mayer,21.0,1.72,70.7,M
Nathan Thomas,30.0,1.53,56.8,M
Laura Mcdonald,62.0,1.87,86.4,M
Roger Adams,59.0,1.78,87.0,M
Kathleen Vance,67.0,1.72,105.8,M
Jessica Good,66.0,1.65,117.8,M
Deanna Williams,37.0,1.75,53.9,M
Terry Cross,69.0,1.67,91.4,F
Karen Lester,30.0,1.88,97.7,F
Katelyn Nguyen,34.0,1.77,119.0,M
Johnathan Lee,53.0,1.94,116.0,M
Shane Edwards,50.0,1.77,99.9,F
Jennifer Murray,18.0,1.62,86.5,M
Eric Powell,32.0,1.93,61.3,F
Nathan Hughes,30.0,1.78,76.9,F
Randall Middleton,34.0,1.6,91.0,M
Zachary Clark Jr.,41.0,1.81,100.8,F
Maria Hobbs,25.0,1.68,94.5,F
Anthony Hughes,67.0,1.92,100.0,F
Marilyn Roberts,44.0,1.73,80.0,M
Denise Martin,62.0,1.86,100.9,M
Tammy Brown,40.0,1.55,60.1,F
Kristin Lee,63.0,1.7,61.4,M
Jonathan Blevins,25.0,1.99,61.4,F
Joseph White,25.0,1.9,112.4,F
Christie Garrett,43.0,1.58,55.3,M
Michael Tapia,64.0,1.64,106.1,F
Michael Guzman,30.0,1.66,66.3,F
Tina Patterson,56.0,1.83,82.8,F
Cathy Bowen,54.0,1.88,114.1,F
Joel Brown,66.0,1.87,91.0,F
Amanda Kelly DVM,45.0,1.75,64.7,F
Dr. Morgan Ellis,42.0,1.91,69.9,F
Jessica Hall,33.0,1.72,114.4,M
Alicia Collins,19.0,1.56,79.9,M
Joshua Hensley,35.0,1.78,91.1,F
Sean Arnold,34.0,1.98,82.2,M
Patricia Wagner,47.0,1.9,76.5,F
Monica Farmer,56.0,1.79,65.6,F
Kirsten Stanton,30.0,1.82,98.0,F
Amy Wilson,49.0,1.97,100.3,F
Carrie Velazquez,67.0,1.71,69.2,M
Robert Mcdowell,46.0,1.67,105.2,F
Brian Austin,63.0,1.99,109.8,F
James Garcia,47.0,1.93,114.4,M
John White,35.0,1.66,61.3,M
Jeremy Peterson,30.0,1.73,71.3,M
Mandy Nelson,60.0,1.71,110.2,M
Larry Gutierrez,38.0,1.57,63.9,M
Dr. Leah Hawkins,47.0,1.98,50.2,M
Christina Burns,38.0,1.7,111.0,F
Yvonne Avila,65.0,1.94,72.9,F
Jacob Wilson,34.0,1.59,79.0,M
Sally Cunningham,57.0,1.77,81.2,M
Daniel West,36.0,1.51,109.4,F
Katrina Jones,69.0,1.88,73.7,M
Katherine Mcpherson,32.0,1.79,112.5,M
Ashley Aguilar,26.0,1.81,93.2,M
Travis Barnett,69.0,1.53,86.9,F
Brandon Moreno,27.0,1.61,72.8,M
Meghan Williams,61.0,1.54,67.1,F
Chris Valdez,48.0,1.64,93.7,F
Anne Smith,40.0,1.81,81.3,F
Mark Huber,69.0,1.78,113.7,M
Tyler Johnson,47.0,1.81,84.4,M
Jeremiah Harrell,50.0,1.77,85.8,F
Amy Chavez,69.0,1.64,79.2,F
Mark Walker,26.0,1.62,105.2,M
Erica Anderson,64.0,1.57,79.7,F
Robert Fisher,18.0,1.92,68.9,M
Tina Ingram,61.0,1.81,110.3,F
April Olson,52.0,1.59,91.8,M
Kristin Powell,28.0,1.59,91.4,M
Sheri Jenkins,51.0,1.94,92.8,F
Louis Long,33.0,1.87,100.3,F
Lauren Garcia,26.0,1.83,71.9,M
Cynthia Campbell DDS,49.0,1.7,52.4,F
Misty Berry,32.0,1.63,106.7,F
Kathleen Nichols,29.0,1.99,59.0,F
Kenneth White,50.0,1.9,100.5,M
Charles Gonzalez,62.0,1.65,55.8,F
Frank Williams,31.0,1.92,76.3,F
Seth Bennett,25.0,1.88,54.4,F
David Ruiz,25.0,1.65,86.6,F
Dennis Ellis,44.0,1.71,95.7,M
Carrie Rogers,29.0,1.59,62.0,F
Kevin Gilbert,18.0,1.56,76.0,M
Edward Robinson,60.0,1.86,115.1,M
Michael Park,57.0,1.63,81.0,F
Oscar Perez,59.0,1.91,106.2,F
Edward Flores,68.0,2.0,114.9,M
Tammy Rodriguez,28.0,1.54,118.2,F
Edward Black,56.0,1.74,112.9,F
Katelyn Bradley,60.0,1.9,72.2,M
Catherine Simpson,48.0,1.89,117.4,F
Holly Christian,34.0,1.88,106.9,F
Theresa Green,50.0,1.67,108.6,F
Gabriel Brown,49.0,1.73,51.1,M
Jasmine Lyons,46.0,1.8,116.8,F
Brittany Stewart MD,38.0,1.99,104.5,M
Mary Church,38.0,1.66,103.8,M
Margaret Martin,57.0,1.96,55.7,M
Brianna Morris,40.0,1.63,66.3,F
Kimberly Patel,23.0,1.99,117.4,F
Elizabeth Clark,39.0,1.84,85.0,M
Monica Morris MD,67.0,1.73,77.9,M
Gregory Potter,55.0,1.81,108.8,F
Cody Ramirez,54.0,1.64,56.1,F
Autumn Woods,62.0,1.64,79.2,M
John Chavez,68.0,1.56,76.3,F
Mark Ross,25.0,1.56,74.5,M
Steven Wolf,58.0,1.67,71.5,M
Alexis Taylor,66.0,1.88,64.7,F
Kimberly Ryan,52.0,1.8,62.1,F
Sandra Arnold,68.0,1.55,94.8,F
Kyle Walker,28.0,1.93,114.4,M
Kevin Campbell,41.0,1.8,85.6,F
Ryan Campbell,66.0,1.98,70.9,F
Amber Wilson,38.0,1.84,61.1,M
Devin Burke,68.0,1.59,108.1,M
Amanda Silva,19.0,1.74,118.0,F
Steven Alexander,57.0,1.82,74.4,F
Richard Flynn,36.0,1.51,70.4,M
Maria Hutchinson,56.0,1.51,92.1,M
Catherine Castillo,45.0,1.56,104.3,F
Eduardo Fletcher,34.0,1.63,81.9,F
Eric Young,23.0,1.71,94.1,M
Anthony Clark,36.0,1.74,100.2,F
Tonya Vazquez,55.0,1.57,117.2,M
Michael Hanson,45.0,1.84,61.6,M
Terri Bonilla,19.0,1.8,119.8,F
Gabriella Williams,55.0,1.65,77.5,F
Karen Dunlap,54.0,1.51,100.6,M
Taylor Smith,68.0,1.54,90.1,M
Monica Hall,69.0,1.7,84.1,M
Melanie Reyes,21.0,1.58,98.9,F
Mrs. Carrie Middleton,39.0,1.69,77.7,M
Laura Hess,43.0,1.81,58.8,M
Meagan Silva,66.0,1.77,84.2,M
Miranda Armstrong,60.0,1.62,86.5,F
Rodney Novak,53.0,1.67,64.1,M
Steven Scott,30.0,1.81,115.5,F
Travis Davis,69.0,1.93,65.9,F
Troy Murphy,49.0,1.88,78.6,M
Jennifer Ford,34.0,1.78,60.8,M
Christina Barnes,58.0,1.68,87.5,M
Andrew Johns,53.0,1.68,71.5,F
Joseph White,63.0,1.94,84.2,M
Michael Strong,36.0,1.52,65.7,F
Thomas Fleming,52.0,1.99,53.8,F
Amanda Schroeder,63.0,1.83,104.5,F
Nicholas Harris,57.0,1.84,94.9,F
Cristian Ward,45.0,1.52,73.9,F
Kyle Davis,18.0,1.8,53.3,F
Nancy Ortiz,59.0,1.74,110.6,M
Brittany Howard,35.0,1.55,61.9,M
Michael Boone,65.0,1.64,115.2,F
Jennifer Warren,57.0,1.95,83.5,F
Beth Carter,50.0,1.77,73.8,M
David Hendrix,29.0,1.71,101.9,M
Rebecca Suarez,25.0,1.54,111.4,M
Kristen Hunt,41.0,1.86,75.9,M
Catherine Buchanan,33.0,1.85,78.5,F
Darren Preston,67.0,1.81,80.3,M
Misty David,21.0,1.76,114.6,F
Sarah Ho,55.0,1.72,98.5,F
Timothy Nguyen,61.0,1.8,67.3,M
Michael Wilson,44.0,1.62,62.9,M
Bobby Taylor,26.0,1.97,66.1,F
Cindy Bell,64.0,1.79,68.4,F
David Oconnell,33.0,1.66,66.1,F
Erin Martinez,29.0,1.72,96.1,F
Brian Russo,48.0,1.9,58.1,M
Amy Vaughan,41.0,1.58,77.1,M
Christian Jackson,31.0,1.65,93.8,M
Kelly Callahan,62.0,1.84,70.4,M
Tammy Mills,42.0,1.66,54.6,M
William Watkins,51.0,1.9,55.7,F
Carol Olson,20.0,1.57,58.8,F
Jennifer Boone,41.0,1.88,108.5,M
Travis York,59.0,1.53,96.1,M
Lauren Kim,26.0,1.51,54.5,F
Haley Turner,43.0,1.95,77.4,F
Christopher Kirk,37.0,1.79,69.5,M
Daniel Berry,57.0,1.68,90.5,M
Kyle Mathis,27.0,1.62,86.6,F
Maria Ingram,36.0,1.81,83.7,M
Nicole Hutchinson,20.0,1.75,72.0,M
Gene Garcia,41.0,2.0,59.6,F
Virginia Delacruz,22.0,1.99,102.0,F
Roberto Adams,20.0,1.82,111.6,F
Denise Bradley,44.0,1.72,116.1,M
Joseph Daniels,33.0,1.75,54.1,F
Trevor Williams,66.0,1.84,101.8,M
Sarah Riley,32.0,1.55,100.9,F
Andrew Johnson,52.0,1.66,116.3,M
Deborah Martin,29.0,1.54,67.7,M
Christine Green,58.0,1.54,102.0,F
,61.0,1.6,53.8,M
Erin Rose,43.0,1.74,94.2,M
Michael Wilson,64.0,1.89,74.6,F
Derek Pacheco,51.0,1.74,103.8,M
Stephen Smith,40.0,1.67,110.4,F
Eric Keller,48.0,1.54,75.5,M
Sarah Farmer,67.0,1.78,86.8,F
Micheal Ramirez,37.0,1.64,58.2,F
Renee Quinn,29.0,1.81,79.2,M
Adam Hart,40.0,1.99,75.3,F
Kevin Montgomery,21.0,1.56,62.8,F
Christopher Reynolds,40.0,1.61,112.6,M
John Smith,65.0,1.74,60.4,F
Anna Rich,65.0,1.98,94.5,F
Sean Warren,18.0,1.89,112.3,F
Adrienne Scott DVM,42.0,1.95,113.8,F
Marcus Barr,19.0,1.67,105.5,M
James Ryan,47.0,2.0,62.3,F
Samantha Elliott,20.0,1.55,107.2,F
Jennifer Young,38.0,1.53,69.4,F
Carl Benton,42.0,1.93,114.6,M
Donald Clark,37.0,1.96,99.6,M
Natalie Taylor,66.0,1.55,105.0,F
Marcia Vasquez DDS,69.0,1.56,56.0,F
Virginia Wise,39.0,1.52,90.8,M
Andrea Simpson,38.0,1.55,107.5,F
Carlos Savage,50.0,1.6,110.3,F
Omar Robbins,69.0,1.99,52.0,F
Jason Guzman,55.0,1.83,115.7,F
Chloe Moore,32.0,1.89,53.0,M
Jose Oneal,63.0,1.89,93.0,M
Donna Medina,69.0,1.77,98.5,M
Tammy Evans,32.0,1.9,57.5,M
Robin Barnes,63.0,1.8,53.4,M
Desiree Collins,42.0,1.66,104.9,F
Lisa Mayer,38.0,1.78,76.9,M
Daniel Conley,41.0,1.77,57.5,F
Victoria Bates,22.0,1.91,103.4,M
Michael Martin,23.0,1.99,109.4,F
Lauren Santiago,66.0,1.71,91.1,M
Robert Melton,60.0,1.88,61.3,M
Ann Flynn,65.0,1.55,51.1,F
Jeffrey Cole,61.0,1.89,99.1,F
Brandi Schroeder,64.0,1.69,88.5,F
Wendy Franklin,40.0,1.52,95.6,M
Heather Cochran,21.0,1.68,106.9,M
Corey Baker,44.0,1.81,80.4,F
Susan Hampton,35.0,1.56,58.7,M
Chad Barber,38.0,1.96,115.8,F
Gregory Joseph,45.0,1.54,88.2,M
Kenneth Hunter,52.0,1.97,93.1,F
Michelle Phillips,39.0,1.85,115.3,F
Robert Hernandez,57.0,1.66,115.2,M
Tim Jenkins,40.0,1.7,90.0,F
William Ortiz,20.0,1.87,70.8,M
Martin Mitchell,57.0,1.8,119.8,M
Joe Gordon,67.0,1.84,97.7,M
Courtney Coleman,27.0,1.69,78.6,F
Jacqueline Estrada,42.0,1.74,89.2,F
Jamie Jackson,69.0,1.99,79.1,F
Jade Johnson,66.0,1.61,112.2,M
Jessica Williams,25.0,1.71,83.8,M
Brandon Hudson,28.0,1.65,107.6,F
Dylan Wright,22.0,1.88,108.8,M
Kimberly Guerrero,62.0,1.88,107.7,M
Raymond Scott,54.0,1.65,100.6,M
Justin Cooley,62.0,1.54,109.8,F
Sally Jones,55.0,1.51,77.1,F
James Cline,46.0,1.71,58.0,F
Fred Cooper,22.0,1.71,109.0,M
Diane Anderson,26.0,1.99,84.9,M
Christina Ray,65.0,1.73,58.9,F
Jacob Lawrence,19.0,1.63,58.1,F
Lisa Sharp,18.0,1.95,61.1,F
John Neal,57.0,1.75,102.6,M
Robert Bowman,68.0,1.8,99.8,F
Angelica Richard,47.0,1.55,64.3,F
James Hoover,28.0,1.69,109.3,F
Tiffany Wise,45.0,1.97,69.7,M
Lucas Perez,61.0,1.79,105.5,F
Jason Mcdowell,29.0,1.67,84.2,M
Bradley Griffin,56.0,1.81,101.2,F
Kelsey Edwards,43.0,1.96,76.7,M
Nicholas Crawford,30.0,1.64,74.3,F
Tyler Oconnell,25.0,1.75,108.9,F
Roberto Matthews,45.0,1.98,52.5,M
Joshua Hall,47.0,1.59,118.2,F
Holly Bailey,26.0,1.86,95.4,F
Joseph Elliott,56.0,1.81,80.3,F
Julie Williams,48.0,1.84,94.0,F
Billy Mullins,38.0,1.68,58.6,M
Lisa Olson,64.0,1.66,86.0,M
Susan Carr,51.0,1.84,119.0,M
Christopher Mcdonald,48.0,1.61,66.5,M
Benjamin Espinoza,69.0,1.71,100.6,M
Paul Anderson,42.0,1.59,80.4,M
Jaime Hanna,,1.5,95.7,M
Joel Schmidt,18.0,1.99,64.3,M
Debra Lowe,39.0,1.72,82.9,F
Jessica Snyder,57.0,1.98,118.6,F
Melissa Summers,54.0,1.57,63.7,M
Angela Gill,64.0,1.79,94.6,M
Jeffrey Bailey,18.0,1.6,90.3,M
Cassidy Pierce,18.0,1.9,89.6,F
Monique Evans,59.0,1.89,93.1,M
Vernon Miller,59.0,1.56,85.2,M
Joseph Garcia,38.0,1.96,51.2,M
Chelsea Foley,32.0,1.6,113.0,M
Jonathan Garza,34.0,1.81,107.9,F
Gregory Thomas,39.0,1.99,62.2,M
Andrea Wells,55.0,1.94,78.9,F
Kristi Mann,52.0,1.98,103.9,F
Matthew Smith,62.0,1.67,118.6,F
Tina Callahan,33.0,1.55,116.6,M
Stephanie Bennett,25.0,1.59,113.0,F
Hannah Price,64.0,1.75,61.1,M
Christine Morrison,34.0,1.9,114.0,M
Jamie Fisher,34.0,1.58,111.5,M
Steven Todd,43.0,1.83,76.4,M
Nicole Patel,30.0,1.66,77.6,M
Garrett Guzman,34.0,1.67,82.2,M
Barbara Brown,55.0,1.83,95.9,M
David Jones,34.0,1.73,68.3,M
Kristen Mercado,65.0,1.91,51.6,F
Angela Houston,31.0,1.58,59.9,M
Edgar Oliver,62.0,1.89,80.8,F
David Parsons,23.0,1.53,69.7,M
Sabrina Huynh,52.0,1.6,103.5,F
Kelly Morgan,63.0,1.83,57.5,F
Whitney Stanley,31.0,1.93,114.2,M
Paul Benson,64.0,1.63,112.7,F
Andrew Simpson,25.0,1.66,113.6,M
Jennifer Guerrero,32.0,1.77,101.8,F
Mr. Phillip Bishop DVM,44.0,1.61,57.5,M
Christopher Tucker,30.0,1.91,80.7,F
Daniel Mendoza,66.0,1.89,59.2,F
Roger Shelton,48.0,1.57,119.1,M
Colton Mccarty,52.0,1.73,73.3,F
Sarah Miller,23.0,1.89,91.0,M
Andrew Green,22.0,1.67,104.6,M
Erica Woodard,39.0,1.82,114.4,F
Kimberly Baker,66.0,1.53,102.9,F
Debra Harrington,40.0,1.8,97.2,F
Robert Morales,42.0,1.58,82.6,M
Andrew Elliott,51.0,1.92,92.4,M
Natalie Spencer,43.0,1.68,56.6,M
Brian Hall,64.0,1.64,111.9,M
Austin Morgan,22.0,1.92,88.1,F
Charles Brown,43.0,1.53,52.8,M
Phillip Gray,37.0,1.7,114.4,M
Samantha Harrison,23.0,1.69,84.3,F
Haley Rodriguez,23.0,1.64,110.8,F
Patricia Gordon,67.0,1.96,110.0,F
David Wilson,35.0,1.88,107.1,M
Catherine Floyd,21.0,1.53,54.3,F
Mariah Williams,34.0,1.86,67.3,F
Kathleen Quinn,31.0,1.76,111.3,M
Paul Miller,31.0,1.95,112.9,M
Connie Young,30.0,1.66,82.1,M
Mark Smith,24.0,1.79,80.8,M
Dawn Taylor,61.0,1.75,62.3,F
Kelly Tran,32.0,1.74,117.8,M
Vanessa Zimmerman,36.0,1.73,64.9,F
April Dudley,60.0,1.6,63.4,F
Brett Lin,64.0,1.88,96.3,M
Brittany Moreno,61.0,1.73,67.0,M
Patrick Smith,52.0,1.98,115.7,M
Diane Lee,34.0,1.63,50.8,M
John Collins,52.0,1.84,50.4,F
Luis Reynolds,36.0,1.97,85.3,M
Terry Hall,37.0,1.83,84.2,M
Shannon Leblanc,53.0,1.94,61.4,F
Joshua Smith,52.0,1.91,84.6,F
Bobby May,49.0,1.68,78.8,F
Rose Kelley,65.0,1.8,112.3,M
Sarah Sanchez,61.0,1.58,50.6,F
Robert Caldwell,57.0,1.77,118.3,F
Tracey Lucas,41.0,1.62,93.7,F
Richard Hansen,34.0,1.87,60.6,M
Stacy Gutierrez,24.0,1.76,53.3,F
Teresa Williams,60.0,1.71,87.7,M
Mary Nelson,67.0,1.63,66.4,F
Spencer Barron,18.0,2.0,71.1,F
Alexander Williams,52.0,1.54,67.2,F
Thomas Horton,49.0,1.52,95.5,F
Sheri Perez,53.0,1.61,88.7,F
Ryan Carlson,30.0,1.99,55.5,F
Heather Jackson,23.0,1.99,86.9,M
Michael Evans,31.0,1.83,105.4,M
Juan Maynard,54.0,1.94,55.7,M
Carly Montes,65.0,1.61,112.3,F
Victoria Wilson,32.0,1.99,90.5,M
John Rodriguez,64.0,1.57,116.5,F
Jared Flores,21.0,1.55,60.4,M
Guy Flores,57.0,1.56,119.5,F
David Turner DDS,33.0,1.79,95.1,M
Ronald Robinson,45.0,1.89,89.7,F
Morgan Martinez,33.0,1.68,86.1,F
Larry Jackson,21.0,1.99,51.7,M
John Gibbs,62.0,1.72,115.8,F
Linda Larsen,43.0,1.58,95.1,M
William Mooney,45.0,1.73,56.4,M
Jamie Thomas,49.0,1.84,51.5,M
Cory Spencer,62.0,1.92,53.6,M
Beth Gross,19.0,1.73,92.7,F
Laurie Krueger,48.0,1.8,93.0,M
Kenneth Vaughn,20.0,1.63,85.0,F
Brandy Smith,25.0,1.82,71.5,F
Kevin Banks,41.0,1.99,87.2,F
Amanda Ward,32.0,1.52,86.1,M
Scott Zimmerman,60.0,1.94,51.4,F
Paul Patterson,48.0,1.78,69.8,F
George Pena,26.0,1.63,53.7,M
Paula Brown,56.0,1.98,113.0,F
Sara Morrow,62.0,1.74,100.8,F
Pamela Solomon,19.0,1.67,119.7,F
Jamie Gomez,25.0,1.59,71.2,F
Darren Hall,24.0,1.62,111.5,F
Joseph Pratt,61.0,1.92,92.2,M
Gary Morgan,68.0,1.81,81.7,M
Kyle Davis,56.0,1.96,65.6,M
Christopher Owens,59.0,1.62,101.7,M
Zachary Davis,33.0,1.56,113.3,M
Robert Davis,52.0,1.5,66.5,F
Caitlin Wade,47.0,1.75,62.3,M
Jill Green,27.0,2.0,98.7,F
Raymond Griffith,55.0,1.85,118.4,F
Paula Trevino,35.0,1.65,102.5,M
Timothy Knight,67.0,1.94,69.9,M
Mary Harris,22.0,1.89,79.4,F
Keith Jenkins,46.0,1.51,76.9,F
Juan Alvarado,56.0,1.91,109.6,M
Jordan Ellis,51.0,1.65,104.0,M
Elizabeth Lewis,60.0,1.57,91.2,F
Tami Hinton,62.0,1.61,69.2,F
Ashley Cole,40.0,1.73,115.7,M
Brandy Lee,22.0,1.71,95.7,M
Michael Munoz,47.0,1.64,117.9,M
Daniel King,23.0,1.59,90.6,F
Jacob Smith,63.0,1.88,107.5,F
Miss Sherri Reed,61.0,2.0,106.9,F
Martin Castro,21.0,1.89,73.6,F
Michael Dunn,46.0,1.65,117.5,M
Crystal Hammond,40.0,1.62,51.5,M
Adam Murphy,23.0,1.61,103.8,F
Jennifer Mccarthy,49.0,1.57,117.6,F
Tiffany Cortez,59.0,1.78,73.7,M
Michael Thornton,35.0,1.8,95.4,F
Theresa Bond,32.0,1.85,89.4,M
Sara Thompson,57.0,1.84,103.3,M
Barbara Thomas,49.0,1.65,110.6,F
Jennifer Castaneda,26.0,1.67,92.2,F
Pedro Mcdonald,54.0,1.84,107.1,M
Catherine Simmons,27.0,1.67,71.9,M
Patricia Pope,37.0,1.61,66.0,F
Joshua Johnson,23.0,1.69,80.1,F
Nathan Moore,65.0,1.64,97.4,F
Nancy Lewis,20.0,1.54,63.1,M
Cody Holland,59.0,1.92,97.6,F
Katherine Mitchell,28.0,1.93,77.6,M
Kelly Ramirez,60.0,1.61,105.7,M
Jorge Peterson,34.0,1.53,52.6,F
Jacqueline Nguyen,49.0,1.87,96.8,M
Clayton Brown,21.0,1.61,95.5,F
John Payne,21.0,1.7,115.9,F
Nicole Lewis,34.0,1.53,99.9,F
James Freeman,58.0,1.61,105.7,F
Adam Sellers,36.0,1.9,113.3,F
Rachel Davis,22.0,1.9,97.3,M
Todd Shaffer,49.0,1.6,70.3,F
Joseph Hunt,39.0,1.67,110.9,M
Kyle Smith,23.0,1.57,102.3,F
Stephen Mccarthy,52.0,1.54,79.7,F
Christina Novak,39.0,2.0,99.7,F
Jesus Morris,18.0,1.83,110.7,F
Elizabeth Robles,37.0,1.77,118.3,M
Kimberly Patton,39.0,1.88,116.7,F
Dorothy Warner,65.0,1.92,72.8,F
Valerie Carroll,28.0,1.9,79.5,F
Robert Martinez,,1.51,57.7,M
Amber Peters,59.0,1.59,67.3,F
James Porter,20.0,1.83,111.8,M
Kelly Alexander,26.0,1.69,75.3,F
Yvonne Mills,29.0,1.99,93.4,F
Stephanie Cooper,40.0,1.83,96.6,F
Brian Levine,31.0,1.98,104.7,F
Morgan Lewis,50.0,1.6,62.8,F
Haley Pierce,35.0,1.93,71.3,F
Megan Cox,66.0,1.66,81.4,F
Kyle Nicholson,58.0,1.99,75.5,M
Kurt Howard,26.0,1.58,118.8,F
Victoria Walker,40.0,1.76,108.4,F
Heather Smith,27.0,1.9,83.6,M
Janet Gomez,36.0,1.72,111.5,F
Billy Murphy MD,64.0,1.73,74.3,F
Joanne Fisher,22.0,1.99,105.0,M
Randy Watson,64.0,1.71,65.7,F
Joshua Baker,,1.8,104.1,F
William Robinson,40.0,1.53,82.0,M
Lauren Rivers,47.0,1.92,57.5,M
Erin Kelley,42.0,1.82,69.1,F
Dawn Thomas,45.0,1.7,78.2,M
Mark Fry,51.0,1.51,102.5,M
Jason Austin,62.0,1.8,55.1,M
Michael Palmer,65.0,1.51,96.2,F
Charles Vasquez,64.0,1.5,100.1,F
Grace Barnes,42.0,1.81,95.8,M
Kristen Colon,27.0,1.59,103.2,M
Patricia Taylor,31.0,1.6,62.5,M
Daniel Vega,59.0,1.83,91.1,M
Kyle Mccall,63.0,1.53,115.9,F
Anita Pratt,47.0,1.66,92.8,F
Brian Carter,58.0,1.57,92.8,F
William Whitney,42.0,1.79,101.6,F
Jamie Cruz,31.0,1.83,73.3,M
Gary Silva,52.0,1.86,99.0,F
Jennifer Francis,69.0,1.63,114.1,M
Roberto Burton,65.0,1.54,50.8,M
Michelle Koch,51.0,1.54,110.9,M
Tina Williams,27.0,1.71,65.3,M
Rebecca Woods,52.0,1.97,81.9,F
Ryan Cole,28.0,1.61,109.7,M
April Taylor,28.0,1.63,107.7,M
Carrie Gonzales,38.0,1.55,112.4,M
Erin Castaneda,38.0,1.8,115.8,M
Mark Garcia,39.0,1.84,81.3,F
Maxwell Jackson,62.0,1.82,95.9,M
Matthew Perry,24.0,1.93,77.3,F
Chelsea Gardner,34.0,1.74,74.6,M
Christopher Martin,19.0,1.57,80.2,F
Dr. Lauren Bates,29.0,1.64,102.0,M
Jonathan Browning,59.0,1.83,85.1,M
Susan Reed,35.0,1.81,107.0,F
Margaret Hayes,28.0,1.77,102.2,F
Sean Rodriguez,33.0,1.84,51.4,F
Krista Cummings,66.0,1.82,94.1,M
Anita Yang,68.0,1.94,80.6,F
Willie Wilkerson,35.0,1.79,82.0,F
Todd Lin,52.0,1.89,107.3,M
Michael Hart,43.0,1.62,88.3,F
James Hicks,33.0,1.84,112.0,M
Christine Hampton,23.0,1.95,99.9,M
Anna Scott DVM,61.0,1.69,88.7,F
Renee Malone MD,60.0,1.89,102.8,M
Olivia Bell,64.0,1.86,52.7,M
Kevin Robinson,64.0,1.53,51.9,M
Mary Anthony,65.0,1.79,55.8,M
Katherine Thomas,59.0,1.57,80.6,F
Chelsea Cruz,29.0,1.98,66.5,F
Jamie Cain,30.0,1.91,118.9,M
Anthony Diaz,21.0,1.55,88.0,F
Kaylee Blair,56.0,1.56,96.4,M
Sara Lee,19.0,1.8,69.5,F
Michael Peterson,43.0,1.67,72.5,F
Cynthia Jacobson MD,44.0,1.52,73.5,M
Ronald Cook,44.0,1.77,98.9,M
Jaime Turner MD,32.0,1.69,83.2,M
Christopher Williams,25.0,1.55,86.2,M
Michael Martin,24.0,1.9,91.4,F
Kimberly May,64.0,1.96,103.8,M
James Smith,63.0,1.88,56.3,F
John Barber,57.0,1.91,104.4,F
Sarah Golden,29.0,1.61,89.4,M
Kristina Gonzalez,30.0,1.63,96.8,F
Rebecca Harris,60.0,1.6,72.9,M
Jeremy Berry,34.0,1.88,78.7,M
Tiffany Green,34.0,1.97,66.2,F
James Barton,53.0,1.86,118.6,M
Miss Emily Jones,38.0,1.94,84.8,M
Douglas Ruiz,25.0,1.82,119.7,M
Beth Jackson,22.0,1.69,84.3,F
Jessica Reed,43.0,1.71,65.4,F
Michelle Rodriguez,33.0,1.54,85.5,M
Manuel Harris,53.0,1.52,52.8,M
Cole Perkins,45.0,1.85,113.3,F
Donald Walton III,46.0,1.72,107.3,F
Michael Wagner,64.0,1.78,100.8,M
Sherry Johnson,29.0,1.78,92.7,F
Kenneth Hernandez,54.0,1.64,90.6,M
Angela Wall,47.0,1.74,119.8,M
Jennifer Black,40.0,1.74,69.5,M
Amanda Johnson,33.0,1.69,104.6,F
Christopher Daniels,31.0,1.91,90.7,F
Taylor Ward,27.0,1.73,118.3,F
Anthony Clark DDS,24.0,1.8,107.9,M
Paul Boyd,62.0,1.95,119.9,F
Tonya Vaughn,69.0,1.93,91.2,F
Ashley Baker,54.0,1.95,64.3,M
Robert Davis,46.0,1.64,85.3,F
Grace Bowman,20.0,1.52,99.8,M
Daniel Potter,32.0,1.63,104.2,M
Natalie Parker,53.0,1.64,50.0,F
Emily Carroll,64.0,1.95,85.4,F
Barbara Lopez,63.0,1.82,66.5,M
Johnathan Walker,69.0,1.54,111.2,F
James Fernandez,36.0,1.57,60.7,F
Allison Wagner,30.0,1.58,96.7,F
Cynthia Daniel,59.0,1.82,68.6,M
Jason Walters,38.0,1.87,75.0,M
Kristen Wiggins,54.0,1.93,115.8,F
Keith Stone,44.0,1.97,66.8,M
Sara Houston,69.0,1.6,56.7,F
Susan Martin,46.0,1.65,54.8,F
David Lopez,37.0,1.62,85.3,F
Gabriella Leblanc,42.0,1.68,94.9,F
Alicia Bryant,23.0,1.96,72.9,M
Jenna Farmer,53.0,1.79,98.3,F
Amy Charles,19.0,1.87,54.3,M
Mrs. Jillian Contreras,39.0,1.75,110.0,M
Virginia Meadows,49.0,1.51,107.2,F
Judy Beasley,33.0,1.53,119.0,F
Gregory Butler,35.0,1.77,115.6,M
Phillip Howard,22.0,1.86,74.9,F
Oscar Flores,53.0,1.61,77.9,F
Pamela Prince,47.0,1.86,102.2,M
Tammy Villegas,62.0,1.91,59.4,M
Brent Williams,36.0,1.71,72.0,M
Tammy Perez,40.0,1.87,58.3,F
Karen Brown,51.0,1.7,81.8,F
Louis Williamson,30.0,1.84,88.6,M
Bonnie Woods,60.0,1.88,64.8,M
David Flores,46.0,2.0,51.9,F
Juan White,53.0,1.67,100.4,M
Phillip Ramsey MD,39.0,1.71,51.4,M
Todd Moreno,69.0,1.58,118.1,F
Brenda Simpson,69.0,1.6,65.5,M
Reginald Arroyo,64.0,1.85,96.5,F
Aaron Schmidt,53.0,1.96,80.4,M
Jamie Vance,26.0,1.7,54.2,F
Steven Thomas,56.0,1.59,83.1,F
Christopher Fields,68.0,1.64,86.2,M
Michael Young,36.0,1.73,109.8,M
Robert Crosby,55.0,1.65,101.3,M
Barbara Rivera,23.0,1.62,55.6,F
David Aguilar,69.0,1.87,64.6,M
Susan Miller,64.0,1.5,71.8,F
Daniel Clark,32.0,1.77,58.1,M
Sheri Meyer,37.0,1.9,82.0,F
Tina Hall,26.0,1.63,118.9,M
Michelle Stewart,49.0,1.8,86.0,F
Austin Williams,21.0,1.83,101.9,F
Heather Mcmahon,67.0,1.83,97.8,F
Mike Hill,35.0,1.72,109.5,F
Deborah Hardin,22.0,1.67,65.1,F
Kelly Ortega,37.0,1.92,102.8,F
Catherine Wilson,40.0,1.88,111.7,M
Casey Juarez,28.0,1.66,62.0,F
Melissa Gomez,54.0,1.55,74.3,M
Trevor Delacruz,39.0,1.54,117.9,M
Kyle Stone,21.0,1.55,104.7,M
Taylor Powell,46.0,1.79,69.8,M
Sarah Walsh,61.0,1.53,89.5,M
Brendan Henderson PhD,51.0,1.67,78.3,M
Brandon Conner,30.0,1.88,84.3,M
Timothy Thornton,59.0,1.65,74.9,F
Chad Jordan,26.0,1.88,69.6,M
Brittany Riley,59.0,1.87,97.2,M
Judy Wallace,48.0,1.62,104.5,F
Dr. Haley Ramos DDS,24.0,1.86,111.2,F
Tony Turner,21.0,1.87,60.9,M
William Harrison,36.0,1.7,107.6,F
Lauren Delgado,59.0,1.61,67.8,M
Alejandra Armstrong,47.0,1.76,79.9,F
Timothy Glover,48.0,1.96,113.1,M
Robert Davis,52.0,1.82,81.8,F
Jonathan Chavez,38.0,1.59,63.8,M
Jennifer Johnson,48.0,1.84,61.2,F
Emily Diaz,36.0,1.71,83.1,M
Mark Fernandez,48.0,1.8,103.4,F
Richard Davis,49.0,1.87,119.8,F
Kyle Hines,19.0,1.76,105.1,F
Jamie Walsh,69.0,1.91,111.4,F
Michelle Bryant,27.0,1.86,102.3,F
Ernest Chen,19.0,1.81,112.7,M
Joshua Price,19.0,1.58,55.3,M
Brandy Garcia,41.0,1.92,115.1,M
Haley Mccarthy,34.0,1.97,77.7,F
Samantha Green,49.0,1.57,114.5,F
Jimmy Cooke,33.0,1.74,55.3,F
Anthony Molina,33.0,1.63,100.1,M
Anthony Mullen,63.0,1.88,101.5,M
Kimberly Matthews,56.0,1.86,119.8,M
Aaron Bowen,48.0,1.57,103.8,F
Brian Johnson,60.0,1.94,76.8,F
Cindy Parker,41.0,1.59,89.0,F
Robert Price,18.0,1.9,75.7,M
Samuel Morton,28.0,1.73,63.7,F
David Baker,38.0,1.66,67.4,F
Michelle Marsh,21.0,1.58,65.5,F
Arthur Gibson,24.0,1.58,88.4,M
William Nichols,43.0,1.83,113.4,M
Sarah Brown,64.0,1.78,113.9,M
Scott Gould,67.0,1.56,53.8,F
Anna Sanchez,29.0,1.56,55.6,F
Ashley Guerra,48.0,1.54,67.2,M
Daniel Reese,34.0,1.87,67.9,F
Laura Miller,50.0,1.86,56.6,F
Angelica Holden,28.0,1.53,77.2,F
Jeffrey Arias,45.0,1.78,91.1,M
Mr. Scott Stevens,49.0,1.54,90.5,M
Juan Ferguson,18.0,1.95,88.0,M
Maria Vaughn,64.0,1.95,73.7,F
Wendy Brooks,45.0,1.85,99.5,M
Robert Baker,59.0,1.96,107.9,M
Raymond Hensley,24.0,1.91,74.2,M
Victoria White,19.0,1.91,56.0,M
Stephanie Stone,59.0,1.78,70.7,M
Stephen Smith,41.0,1.65,59.6,F
Daniel Rodriguez,21.0,1.61,82.7,F
Kelly Chapman,61.0,1.66,60.9,F
Tammy Henderson,36.0,1.81,82.4,F
April Smith,43.0,1.59,65.5,F
Andre Martinez,28.0,1.63,101.7,F
Anthony Soto,57.0,1.73,51.9,M
Michael Guerra,67.0,1.62,88.8,F
Tommy Castillo,60.0,1.79,61.9,F
Brooke Hughes,28.0,1.96,50.1,F
Brent Peterson,62.0,1.87,110.8,F
Julie Hughes,20.0,1.83,97.0,F
Sarah Spencer DVM,29.0,1.79,56.9,F
Jon Brown,20.0,1.74,96.5,F
Lucas Spencer,59.0,1.59,92.8,F
Michael Mason,44.0,1.95,83.1,M
Jenny Edwards,66.0,1.62,79.3,F
Laura Gibbs,19.0,1.55,112.1,F
Ana Watkins,66.0,1.88,67.2,F
David Garcia,33.0,1.59,77.9,F
Adam Tanner,19.0,1.69,73.0,F
Michele Taylor,47.0,1.51,104.0,M
Michael Gibson,37.0,1.57,114.2,M
Karina Watkins,55.0,1.59,109.5,M
Kathy Moore,45.0,1.53,105.8,M
Marie Curtis,42.0,1.83,119.1,M
Gloria Davis,49.0,1.92,98.8,F
Jessica Jensen,27.0,1.69,102.6,M
Kayla Daniel,59.0,1.94,118.8,M
Shane Curtis,57.0,1.61,50.5,M
Michele Moore,50.0,1.66,94.4,M
Mr. Jeremiah Ibarra,30.0,1.58,101.7,F
Jason Knapp,58.0,1.81,114.2,F
Taylor Gilmore,59.0,1.71,111.9,M
Richard Ponce,64.0,1.81,108.9,F
Emily Flores,54.0,1.88,116.2,F
Steven Perez,33.0,1.77,87.6,F
Brandi Walker,62.0,1.81,50.5,F
Gina Murphy,39.0,1.97,50.8,M
Sherry Garcia,37.0,1.65,88.1,F
Steven Riley,67.0,1.68,80.5,F
Michelle Martinez,60.0,1.86,81.6,M
Matthew Williams,44.0,1.81,78.0,M
Daniel Meyers,58.0,1.59,114.2,F
Cassidy Jones,33.0,1.69,75.1,M
Samantha Williams,51.0,1.73,109.9,M
Marie Perez DDS,49.0,1.71,113.2,M
Rebecca Ross,43.0,1.59,85.0,M
Jeffrey Henderson,42.0,1.96,81.3,F
Calvin Swanson,19.0,1.88,103.3,M
Stacy Bridges,29.0,1.74,99.6,F
Steven Miller,57.0,1.84,73.0,M
Kaylee Torres,26.0,1.95,57.2,F
Laurie Bailey,29.0,1.57,68.5,M
Tammy Kirby,43.0,1.63,59.2,M
Michelle Pineda,26.0,1.77,70.6,M
Nancy Williams,27.0,1.9,68.3,F
Natalie Peters,49.0,1.52,94.6,F
Dorothy Bridges,51.0,1.99,116.8,M
Christine Adams,65.0,1.73,98.0,M
Michael Morrison,37.0,1.68,114.9,M
Karen Coffey,56.0,1.65,104.9,F
Steven Curtis,19.0,1.59,101.0,F
Dr. Gary Stevens,18.0,1.9,79.0,F
Todd Wilson,68.0,1.98,72.7,F
Jonathan Richardson,53.0,1.71,109.2,M
Melissa Gallegos,41.0,1.98,113.4,F
Jose Jones,44.0,1.91,81.6,F
Karla Weeks,19.0,1.74,50.6,M
Victoria Nelson,48.0,1.84,105.5,M
Aaron Howard,31.0,1.72,70.0,F
Laura Brown,19.0,1.78,50.7,F
Brandon Nelson,46.0,1.53,106.3,M
Edward Patterson,32.0,1.85,86.2,F
Brianna Smith,29.0,1.53,98.0,M
Joel Henson,54.0,1.91,114.0,F
Jonathan Clark,45.0,1.91,87.9,F
Jose Hoffman,37.0,1.62,85.2,F
Martin Washington,56.0,1.66,70.3,M
Thomas Patterson,41.0,1.74,71.4,F
Danielle Martin,38.0,1.8,105.8,M
Charles Curry,27.0,1.64,81.4,M
Heidi Wolfe,63.0,1.8,61.4,F
Kara Shields,31.0,1.65,56.6,F
Andre Stone,54.0,1.53,83.1,F
Chad Conley,35.0,1.5,82.5,M
Donald Gardner,41.0,1.55,95.7,F
Matthew Stuart,31.0,1.9,83.0,M
Brandy Diaz,51.0,1.98,60.0,M
Eric Kim,29.0,1.71,85.5,F
Richard Williams,39.0,1.76,113.5,F
Julie Cox,23.0,1.57,61.2,F
Derek Logan,53.0,1.78,98.3,F
Tony Wilson,62.0,1.57,91.6,M
Kimberly Everett,53.0,1.81,102.4,F
Lisa Bryant,39.0,1.97,60.5,M
Lindsey Reynolds,31.0,1.6,115.9,F
Robert Burgess,33.0,1.88,93.5,M
Ralph Diaz,53.0,1.51,109.3,M
Jessica Brown,42.0,1.69,67.3,M
Jason Martinez,49.0,1.56,101.8,M
Roy Jones,50.0,1.68,104.7,F
Jamie Scott,62.0,1.59,77.8,F
Paula Hartman,53.0,1.69,76.9,F
Paul Hunt,37.0,1.71,96.0,F
Lorraine Johnson,35.0,1.65,56.5,M
Claudia Jackson,55.0,1.83,101.5,F
Barbara Smith,20.0,1.96,53.0,M
Christopher Houston,40.0,1.7,63.3,M
Darrell Carroll,49.0,1.6,96.5,M
Michele Heath,62.0,1.64,56.9,M
Jennifer Zimmerman,33.0,1.93,118.0,M
Alicia Brown MD,22.0,1.79,110.8,M
Samantha Brennan,21.0,1.73,93.8,M
Tonya Castaneda,38.0,1.57,107.3,M
David Jones,57.0,1.72,112.1,M
Mary Lam,68.0,1.64,68.2,M
Jared Pugh,31.0,1.97,109.5,M
Rodney Singh,56.0,1.94,63.6,F
Savannah Harmon,48.0,1.54,78.9,M
Caroline Moore,31.0,1.76,89.1,F
Jennifer Alvarez,23.0,1.61,100.0,M
Andrew Carney,29.0,1.71,52.1,M
Mark Dixon,33.0,1.94,70.3,M
Heidi Anderson,34.0,1.76,92.6,M
Jennifer Gardner,62.0,1.67,75.0,M
Thomas Stewart,40.0,1.6,104.3,F
Dr. Danny Hernandez PhD,31.0,1.9,95.6,F
Linda Vaughan,24.0,1.81,66.4,M
Kyle Wilson,63.0,1.73,60.2,M
Ariana Thomas,49.0,1.61,94.0,M
Brandon Miller,32.0,1.67,81.5,F
Terry Melton,61.0,1.98,61.8,F
Amanda Mason,34.0,1.76,72.8,M
John Dean,58.0,1.7,71.2,M
Michael Cabrera,64.0,1.76,57.6,M
Heather Owens,61.0,1.89,88.3,F
Amy Henderson,51.0,1.67,103.5,M
Richard Meyer,22.0,1.59,90.3,M
Kelly Miller,62.0,1.79,107.8,M
Joshua Wallace,44.0,1.83,58.9,F
Carlos Williams,69.0,1.86,80.5,M
Heather Ross,40.0,1.94,92.7,M
Dr. Antonio Wagner DVM,57.0,1.69,97.3,M
Sharon Pearson,31.0,1.54,98.7,F
Crystal Hamilton,32.0,1.98,101.0,F
Philip Lewis,60.0,1.72,95.6,M
Jennifer Dominguez,50.0,1.81,56.6,F
Adam Carpenter,48.0,1.83,98.7,M
William Collins,52.0,1.77,100.7,F
Joseph Martinez,34.0,1.6,119.5,M
Jessica King,45.0,1.88,98.5,M
Donna Miller MD,36.0,1.9,98.1,M
Michael Weaver,63.0,1.78,86.0,F
Stacy Holland MD,40.0,1.74,110.8,F
Donald Davis,49.0,1.56,119.8,F
Vernon Stanley,57.0,1.54,104.5,M
Tanner Williams,30.0,1.67,92.9,F
Edward Phelps,37.0,1.66,55.5,M
Karen Lee,52.0,1.98,100.9,F
Michelle Stevens,22.0,1.89,99.6,M
Ryan Bennett,26.0,1.83,104.3,M
Mary Martinez,46.0,1.76,58.7,M
Alison Strong,23.0,1.58,95.8,M
James Bradshaw,42.0,1.99,70.7,F
Heather Greene,48.0,1.69,103.2,M
Becky Bell,39.0,1.55,66.8,F
Amanda Meyers,19.0,1.75,97.9,M
Ruth Bryant,62.0,1.94,70.6,M
Jeremy Gardner,22.0,1.94,50.6,M
Ian Myers,44.0,1.51,94.3,F
Anthony Gordon,42.0,1.94,57.9,M
Lisa Johnson PhD,25.0,1.64,96.2,M
Mrs. Ashley Casey,18.0,1.52,114.8,M
Jeremiah Irwin,37.0,1.92,117.8,M
David Francis,61.0,1.93,66.5,F
Phillip Manning,40.0,1.8,106.6,M
Heather Garrison,49.0,1.79,74.7,M
Elizabeth Swanson,28.0,1.91,113.0,M
Bradley Hickman,56.0,1.89,105.1,F
Anne Zamora,64.0,1.95,55.2,F
Brenda Moyer,41.0,1.78,78.5,M
Eric Keller,28.0,1.98,73.6,F
Kimberly Gomez,46.0,2.0,105.0,M
Gina Simmons MD,43.0,1.56,78.7,F
Kelly Meyer,33.0,1.92,97.9,M
Kenneth Sherman,52.0,1.75,92.2,M
Adrian Johnson,37.0,1.69,118.3,F
Andrew Parker,63.0,1.81,115.6,M
Randall Hill,20.0,1.53,79.9,M
Adam Fuentes,18.0,1.75,100.7,F
Rhonda Garcia,64.0,1.94,108.1,M
Ms. Cynthia Jacobs,18.0,1.61,112.9,M
Teresa Johnson,34.0,1.71,54.8,M
Brandy Kramer,19.0,1.97,71.1,F
Brent Burnett,46.0,1.71,72.4,F
Wendy Lewis,37.0,1.68,80.4,M
Harry Elliott,23.0,1.72,61.8,F
Sandra Santiago,25.0,1.76,84.7,M
Rebecca Moss,46.0,1.82,96.4,F
Jason Gardner,65.0,1.9,84.8,F
Michael Gregory,68.0,1.73,96.6,F
Denise Lang,50.0,1.91,54.7,M
Peter Bradley,20.0,1.77,111.3,F
Tiffany Logan,52.0,1.67,115.7,M
Amanda Webb,22.0,1.83,93.3,M
Amy Rodriguez,44.0,1.86,111.7,F
Melissa Buckley,61.0,1.78,59.2,M
Danielle Murphy,29.0,1.53,105.8,F
Willie Stevenson,37.0,1.58,58.3,M
Troy Taylor,62.0,1.64,78.6,M
Alison Burgess,37.0,1.64,72.7,M
Dr. Jordan Myers,26.0,1.84,91.0,F
Lynn Ho,56.0,1.51,71.1,M
April Jones,21.0,1.88,94.6,F
Lisa Guerra,68.0,1.63,75.7,M
Mary Jenkins,36.0,1.66,110.3,M
Ryan Pacheco,55.0,1.76,94.4,M
Gregory Hudson,44.0,1.61,65.1,M
Barbara Nichols,62.0,1.94,73.5,F
David Johnson,60.0,1.54,109.3,M
Michael Fisher,30.0,1.72,77.1,M
Robert Mitchell,30.0,1.92,87.5,M
Jonathan Ellison,39.0,1.81,95.4,M
John Thompson,45.0,1.65,74.3,F
Kara Thomas,69.0,1.71,70.6,M
Tiffany Freeman,64.0,1.85,83.3,F
Taylor Taylor,62.0,1.99,65.0,M
Emma Griffin,39.0,1.95,69.9,F
Michelle Miller,60.0,1.67,54.3,F
Steven Pearson,36.0,2.0,71.3,M
Kathleen Shaw,25.0,1.5,72.4,F
Eric Velasquez,69.0,1.51,117.3,M
Brenda Rice,25.0,1.91,91.3,M
James Pena,59.0,1.6,105.1,F
Theresa Smith,43.0,1.53,53.2,M
Brian Schwartz,65.0,1.62,57.5,M
Samantha Wright,68.0,1.71,107.0,F
Bailey Mitchell,43.0,1.87,93.6,M
Lisa Mclaughlin,40.0,1.81,63.4,M
Barbara Mason,60.0,1.62,78.3,F
Mark Baker,30.0,1.75,87.7,F
Sarah Terry,45.0,1.96,109.1,M
Aaron Wilson,26.0,1.91,54.2,M
Christopher Wilson,37.0,1.66,91.8,F
Dean Bennett,36.0,1.99,100.2,M
Wendy Johnson,65.0,1.85,118.5,F
Cynthia Davis,56.0,1.53,106.5,M
Kristin Dougherty,68.0,1.52,69.3,F
Cheryl Lambert,29.0,1.58,99.7,M
Mark Davis,32.0,1.86,103.4,M
Trevor Harmon,48.0,1.59,101.1,F
Crystal Underwood,31.0,1.76,107.4,M
Adrian Simpson,28.0,1.55,113.3,F
Andrea Griffith,43.0,1.96,56.9,F
Christine Hall,59.0,1.67,57.3,F
Robert White,44.0,1.95,105.7,M
Scott Brown,28.0,1.97,67.7,M
Ryan Davila,55.0,1.5,54.1,F
Elizabeth Coleman,51.0,1.73,78.1,F
John Taylor,60.0,1.51,107.4,F
Justin Schmidt,36.0,1.95,58.9,M
Samuel Gomez,23.0,1.76,97.0,F
Steven Bennett,63.0,1.54,50.3,F
Natasha Leach,69.0,1.56,57.7,M
James Cole,55.0,1.69,74.6,F
Dennis Wong,66.0,1.97,55.9,M
Paul Wang,59.0,1.85,109.2,F
Matthew Martinez,45.0,1.93,110.5,F
Russell Harrell,18.0,1.68,102.9,F
Jeremy Mcguire,52.0,1.52,67.0,M
Robin Andrews,57.0,1.99,86.6,M
Eric Romero,25.0,1.51,62.9,M
Erin Harding,69.0,1.97,69.7,F
Nancy Hill,64.0,1.68,86.1,F
Jacob Chang,24.0,1.51,101.5,F
Tracy Hall,28.0,1.84,56.6,F
Scott Sharp,56.0,1.99,70.8,M
Lori Pope,21.0,1.98,114.9,F
Eric Gregory,42.0,1.58,80.0,F
Paul Bailey,29.0,1.59,115.7,M
William Zimmerman,43.0,1.78,119.4,F
Judy Kennedy,55.0,1.82,86.9,M
Anthony Johnson,63.0,1.87,70.2,F
Sean Melton,29.0,1.59,105.4,M
Sandra Watson,60.0,1.98,61.2,F
Christina Johnson,68.0,1.82,67.6,M
Danny Wilson,54.0,1.92,104.9,M
Yvonne Mays,63.0,1.77,80.4,F
Christopher Mercer,41.0,1.71,64.1,F
James Garcia,33.0,1.99,95.6,M
Aaron Wolfe,30.0,1.79,101.3,M
Kevin Thompson,42.0,1.93,58.8,F
Laurie Garrett,69.0,1.98,69.4,M
Alexander Munoz,21.0,1.84,65.5,F
Victor Griffith,28.0,1.77,76.6,F
Sarah Mercado,49.0,1.5,103.4,F
Tara Morales,66.0,1.52,100.0,F
Cristian Valentine,24.0,1.6,96.4,F
Fernando Grimes,63.0,1.59,50.4,F
Stephen Hopkins,28.0,1.63,60.0,M
Lauren Hill,45.0,1.65,65.6,F
Jeffrey Lee,58.0,1.68,69.0,M
Patricia Garcia DDS,40.0,1.71,60.2,F
Jeffrey Sullivan,62.0,1.55,78.7,F
Melissa Williams,40.0,1.52,55.3,F
Debra Mendoza,67.0,1.84,102.5,M
Donna Smith,45.0,1.77,105.1,F
John Bell,60.0,1.72,90.2,F
Brooke Flores,64.0,1.82,56.3,F
Stephanie Caldwell,43.0,1.91,112.3,F
Hector Morgan,42.0,1.71,117.6,M
Michael Adkins,46.0,1.82,64.2,M
Fernando Wood,36.0,1.98,99.3,F
Michelle Sullivan,50.0,1.92,108.9,F
Jacob Perez,53.0,1.71,87.8,M
Matthew Powell,31.0,1.82,72.6,F
Cheyenne Brady,31.0,1.59,83.5,M
Isaac Ball,52.0,1.78,85.9,M
Henry Hoover,47.0,1.99,78.0,M
Scott Gay,45.0,1.76,115.1,M
Robert Carter,34.0,1.96,102.1,M
Sean Evans,20.0,1.7,66.9,M
Patrick Spencer,33.0,2.0,91.0,M
Andrew Morris,63.0,1.79,98.2,F
Jennifer Hart,47.0,1.52,59.8,M
Daniel Hill,69.0,1.79,75.1,F
Dakota Wilson,46.0,1.64,113.4,F
Jordan Mitchell,62.0,1.52,89.7,F
Ryan Phillips,32.0,1.91,65.2,M
Charles Thompson,63.0,1.64,58.6,M
Tonya Vance,42.0,1.9,86.3,M
Julie White,68.0,1.64,88.3,F
Dr. James Monroe,55.0,1.6,73.4,F
Natasha Moore,59.0,1.99,94.1,F
Patricia Mack,64.0,1.68,54.8,F
Alyssa Morrison,69.0,1.8,60.2,M
Lisa Gutierrez,55.0,1.8,88.2,F
April Hartman,40.0,1.78,54.3,M
Michael Wood,42.0,1.96,111.7,F
Thomas Combs,59.0,1.84,60.0,M
Michelle Williams,24.0,1.7,97.2,F
Joyce Lopez,39.0,1.93,77.4,M
Jennifer Summers,34.0,1.59,78.0,F
Zachary Phillips,35.0,1.77,103.5,M
William Baker,66.0,1.98,85.0,M
Krista Moore,58.0,1.81,100.8,M
Denise Mann,27.0,1.91,85.4,F
Jane Hall,27.0,1.83,91.5,M
Lisa Hall,24.0,1.92,103.3,M
Jacqueline Booth,65.0,1.97,92.5,M
William Hoffman,67.0,1.64,93.1,M
Garrett Martin,55.0,1.58,105.2,M
Kendra Ramos,44.0,1.74,116.4,F
Angela Wilson,69.0,1.85,76.4,M
Christian Schwartz,50.0,1.61,90.4,F
Jean Bowers,18.0,1.5,56.0,M
Barbara Smith DDS,61.0,1.67,75.1,F
Marcus Clark,51.0,1.98,78.8,F
Shannon Jordan,21.0,1.85,108.5,F
Terri Morris,34.0,1.7,85.9,F
Robert Collins,21.0,1.6,101.2,F
Tony Davis,60.0,1.68,51.3,F
Lisa Mora,43.0,1.58,82.5,M
Jennifer Wiley,21.0,1.55,113.1,M
Luis Anthony,18.0,1.95,65.7,M
Thomas Cole,24.0,2.0,52.2,M
Sharon Holmes,47.0,1.58,80.3,F
Katherine Jackson,67.0,1.53,99.3,F
Christian Acevedo,26.0,1.66,81.8,F
Jessica May,52.0,1.73,82.2,M
Bryan Cruz,25.0,1.6,96.9,M
Stephen Williams,41.0,1.65,67.8,F
Anthony Lane,36.0,1.6,102.6,M
Mr. Maxwell Pope,53.0,1.89,60.7,F
Michael Casey,67.0,1.86,77.7,F
Tiffany Rice,69.0,1.82,95.9,M
Roger Collins Jr.,60.0,1.69,108.0,F
Kelly Farrell,44.0,1.95,105.4,M
David Leonard,49.0,1.98,100.5,M
Angela Ellis,31.0,1.59,75.1,M
Jennifer Cruz,35.0,1.61,58.6,M
Brandon Macias,45.0,1.76,65.2,F
Nicholas Tran,46.0,1.55,110.5,F
Shannon Andrade,33.0,1.72,110.0,F
Nicole Mendez,52.0,1.79,116.6,F
Suzanne Bates,64.0,1.76,55.3,M
Jennifer Hartman,48.0,1.67,87.6,M
Larry Bradford,21.0,1.77,95.4,F
Anne Moore,54.0,1.98,99.7,M
Howard Torres,34.0,1.6,95.1,M
Charles Bell,56.0,1.83,103.9,F
Nicholas Whitaker,65.0,1.52,75.2,F
Tammy Williams,63.0,1.53,62.6,M
Debra Henry,43.0,1.78,64.3,F
Nicole Faulkner,65.0,1.55,50.8,M
Joseph Kim,56.0,1.51,74.5,M
Mary Matthews,58.0,1.59,56.4,F
David Brown,21.0,1.78,72.5,F
Kristine Cross,47.0,1.85,94.0,F
Matthew Turner,47.0,1.6,112.6,M
Jasmine Hayes,39.0,1.83,108.8,F
Brandon Bowman,28.0,1.59,67.7,F
Jennifer Edwards,19.0,1.81,59.4,F
Albert Coffey,61.0,1.71,63.5,F
Robert Rubio,29.0,1.83,118.0,M
James Murphy,47.0,2.0,88.5,F
Carol Huynh,53.0,1.97,62.8,M
Joshua Moore,35.0,1.5,108.9,F
Lindsey Butler,43.0,1.94,77.7,F
Sharon Thompson,24.0,1.53,112.9,F
Cynthia Allen,18.0,1.98,68.2,M
Jessica Bradley,43.0,1.64,77.5,F
Susan Butler,40.0,1.69,85.3,F
Joseph Conner,43.0,1.55,112.5,F
Gary Kennedy,62.0,1.56,110.8,M
Edward Alvarez,23.0,1.86,90.2,F
Rebecca Woods,23.0,1.97,65.5,F
Kimberly Hill,61.0,1.81,78.2,M
Robert Mason,25.0,1.86,118.3,M
Tracy Lee,41.0,1.88,92.5,M
Tracy King,39.0,1.63,104.7,M
Angela Short,36.0,1.52,81.5,F
Sarah Golden,54.0,1.5,87.2,F
Sabrina Watson,35.0,1.68,80.0,M
Tyler Herrera,48.0,1.62,99.2,M
Mark Mendez,54.0,1.53,109.6,M
Sean Byrd,47.0,1.59,85.5,M
Charles Kelley,59.0,1.56,83.7,F
Eric Warner,50.0,1.96,73.8,M
Curtis Snyder,27.0,1.57,62.4,M
Jesse Hogan,54.0,1.77,115.7,F
Lindsay Juarez,29.0,1.8,72.1,F
Jennifer Johnson,47.0,1.77,106.0,M
Tony Thompson,44.0,1.55,100.1,M
Christopher Steele,56.0,1.66,105.4,M
Kelly Graham,26.0,1.53,115.6,F
Scott Johnson,38.0,1.7,93.6,F
Darren Haney,29.0,1.59,112.9,F
Cindy Hurst,46.0,1.78,61.7,M
Christopher Schroeder,50.0,1.85,93.9,M
Susan Davis,60.0,1.77,104.1,F
Timothy Bell,32.0,1.72,69.0,F
Noah Campbell,19.0,1.69,101.9,F
Harold Rodriguez,69.0,1.92,104.5,M
Joshua Buck,56.0,1.61,108.2,F
Lisa Perez,61.0,1.87,71.9,F
Elizabeth Jennings,35.0,1.88,97.7,F
Derek Larson,20.0,1.71,71.3,M
Richard Williams,24.0,1.65,101.7,F
Katie Holt,60.0,1.74,82.4,M
Julie Ray,35.0,1.55,91.8,M
Mark Schultz,61.0,1.52,79.1,M
Stacey Glenn,55.0,1.56,61.3,F
Kaitlyn Marquez,54.0,1.59,62.5,M
Elizabeth Turner,50.0,1.75,55.4,F
Edwin Sanchez,61.0,1.92,93.3,M
Jessica Roy,48.0,1.62,109.4,M
Eileen Esparza,28.0,1.97,51.5,M
Michael Wilkerson,21.0,1.98,54.6,F
John Scott,35.0,1.98,82.0,F
Christine Richardson,21.0,1.92,101.6,F
Justin Zhang,66.0,1.68,61.0,F
Jason Hutchinson,51.0,1.54,69.0,M
Daniel Silva,46.0,1.78,66.2,M
Jennifer Delacruz,41.0,1.78,77.9,M
Linda Coffey,39.0,1.92,65.7,M
Larry Dorsey,19.0,2.0,74.7,M
Elizabeth Burton,61.0,1.75,101.0,F
Joyce Freeman,23.0,1.67,92.8,M
Marc Lindsey,59.0,1.59,55.7,F
Megan Griffith,42.0,1.5,94.6,F
Latasha Lester,38.0,1.75,83.4,F
Victor Contreras,33.0,1.78,115.4,M
Jennifer Turner,48.0,1.91,70.3,F
Cindy Dean,31.0,1.75,100.8,F
Lee Santana,56.0,1.96,101.2,F
Mindy Grimes,45.0,1.81,65.5,F
Krystal Robinson,49.0,1.92,113.2,M
Sarah George,45.0,1.57,84.4,M
Monica Castillo,68.0,1.93,97.5,M
Andrew Wright,66.0,1.84,60.2,F
Dr. Kayla Lambert,26.0,1.59,68.0,F
April King,62.0,1.59,91.0,M
Leah Frank,39.0,1.96,72.3,M
Patrick Thomas,49.0,1.52,85.0,F
Sarah Hoffman,22.0,1.73,76.2,F
Connie Oconnell,40.0,1.66,94.8,M
Jennifer Tanner,22.0,1.83,84.1,M
Kayla Thomas,59.0,1.92,50.3,F
Lisa Solis,49.0,1.68,95.5,M
Jeffrey Meyer,27.0,1.71,79.5,M
Mitchell Villanueva,56.0,1.99,73.9,F
Elizabeth Sandoval,32.0,1.89,56.6,M
Laurie Wilson,24.0,1.95,65.4,M
Heidi Rivas,46.0,1.72,65.7,F
Nicole Boyle,64.0,1.62,115.5,M
Jennifer Gill,20.0,1.71,80.3,F
Amanda Dalton,36.0,1.86,52.9,M
Sharon Larson,27.0,1.55,59.7,M
Nicholas Brooks,45.0,1.64,55.5,F
Nathan Robinson,46.0,1.52,91.2,M
Ana Jones MD,32.0,1.72,63.1,M
Robert Bush,52.0,1.91,84.9,F
Timothy Watson,23.0,1.51,75.9,F
Angela Holmes,29.0,1.84,106.3,M
Matthew Bryant,64.0,1.97,72.4,M
Kristin Floyd,55.0,1.62,82.1,M
Chelsea Mcbride,30.0,1.85,100.5,F
Amy Bryant,46.0,1.99,80.3,M
Donna Wood,36.0,1.98,105.5,M
Aaron Todd,20.0,1.62,96.3,F
Maria Cummings,25.0,1.55,78.7,F
Ashley Collins,25.0,1.57,85.3,F
Kelly Watson,37.0,1.85,117.7,F
Daniel Strickland,64.0,1.86,96.3,M
Patricia Anderson,21.0,1.84,113.3,M
Robert Aguilar DDS,68.0,1.67,62.5,M
Christopher Horton,38.0,1.58,83.8,F
Adam Mitchell,20.0,1.79,113.6,M
Christopher Mendez,62.0,1.74,72.6,M
Erika Garcia,25.0,1.86,117.7,M
George Andrade,40.0,1.72,56.8,F
Claire Cardenas,33.0,1.67,113.2,M
Daniel Clark,30.0,1.65,81.2,M
Christian Foster,20.0,1.61,55.2,F
Charles Weaver,65.0,1.63,111.6,M
Laurie Cole,26.0,1.55,67.6,F
Louis Wagner,31.0,1.67,51.6,F
Dennis Cooper,30.0,1.52,59.5,M
Shannon Hays,24.0,1.59,96.1,F
Bethany Ryan,32.0,1.87,118.4,F
Tara Baker,24.0,1.66,57.8,F
Jessica Williams,55.0,1.83,82.3,M
Bailey Davis,51.0,1.86,62.6,F
Terry Johnson,58.0,1.79,102.2,M
Amy Scott,39.0,1.98,58.3,M
Larry Ortiz,41.0,1.51,66.8,F
Jasmin Smith,66.0,1.87,63.7,F
Elizabeth Rhodes,54.0,1.98,88.7,M
Shelly Orozco,61.0,1.93,111.1,F
Kristina Hoffman,18.0,1.58,85.8,M
Brian Butler,27.0,1.66,54.1,M
Alexander Roman,60.0,1.59,89.4,F
Denise Huff,33.0,1.8,105.8,F
William Cisneros,63.0,1.86,59.3,F
Jonathan Howard,25.0,1.66,55.1,F
Jacob Beasley,66.0,1.77,63.1,F
Luis Green III,42.0,1.85,102.2,F
David Carter,67.0,1.71,91.4,F
Gregory Norris,29.0,1.93,87.8,F
Shelby Griffin PhD,42.0,1.89,67.5,F
Joseph Chandler,34.0,1.53,73.3,F
David Lopez,43.0,1.81,117.6,M
Danny Kelly,63.0,1.62,66.8,F
Billy Garcia,65.0,1.78,113.1,F
Brooke Jackson,31.0,1.98,90.6,F
John Stone,58.0,1.94,58.6,M
Kyle Frank,53.0,1.7,82.7,F
Veronica Hayes,40.0,1.65,116.4,F
Christine Shah,60.0,1.62,79.3,F
Jennifer Frey,23.0,1.77,110.4,F
Madison Navarro,64.0,1.56,68.0,F
Andrew Church,22.0,1.77,90.0,M
Travis Alexander,60.0,1.5,109.1,F
Elijah Graves,42.0,1.66,114.4,F
Donald Levy,35.0,1.61,84.0,M
William Harris,30.0,1.99,94.8,M
Annette Flores,60.0,1.86,50.2,M
Thomas Cabrera,31.0,1.67,67.7,F
Paul Cox,45.0,1.55,69.5,F
David Thompson,35.0,1.76,56.5,M
Chase Crosby,45.0,1.61,69.6,F
Dana Barrett,68.0,1.77,72.5,F
Luke Berry,44.0,1.92,117.8,F
Danielle Delacruz,49.0,1.81,96.8,F
Ian Hanson,64.0,1.82,79.8,F
Carol Allen,26.0,1.77,119.2,M
Judith Tran,57.0,1.96,60.7,M
Douglas Pineda,49.0,1.97,83.3,M
Stephen Brown,37.0,1.76,95.3,F
Jessica Fleming,45.0,1.65,53.9,M
Hunter Conway,50.0,1.73,100.2,F
Eileen Hale,21.0,1.59,57.0,M
Erica Elliott,63.0,1.82,59.8,M
Kevin Wagner,51.0,1.75,61.2,M
Kyle Carter,65.0,1.55,115.0,M
Kelly Harper,20.0,1.6,97.8,F
Justin Hayes,43.0,1.74,95.9,M
Brenda Henry,25.0,1.94,88.9,M
Mark Stevens,23.0,1.78,70.5,M
Melissa Park,33.0,1.84,93.5,F
Carol Myers,41.0,1.67,78.7,M
Tanya Anderson,65.0,1.79,60.2,M
Thomas Ward,56.0,1.72,98.3,M
Peter Allen,47.0,1.83,59.1,M
Trevor Elliott,62.0,1.53,63.3,M
John Riggs,30.0,1.75,107.2,F
Angela Gomez,22.0,1.65,96.2,M
Haley Douglas,42.0,1.66,94.2,F
Thomas Lambert,37.0,1.98,79.3,F
Jeffrey Shah,35.0,1.59,77.7,M
Sarah Hoover,64.0,1.66,98.3,M
Krista Dunn,35.0,1.75,101.8,F
Brandon Russell,19.0,1.93,85.7,M
Brianna Mitchell,27.0,1.71,117.8,M
Linda Bailey,62.0,1.87,116.9,F
Joshua Mckinney,67.0,1.93,78.9,M
Matthew Jones,64.0,1.66,107.4,F
Juan Melendez,29.0,1.7,88.0,F
Andrew Haley,64.0,1.68,85.8,M
Kimberly Kline,30.0,1.92,53.8,M
Kathleen Ballard,67.0,1.52,90.2,F
Nicole Allen,64.0,1.65,113.0,F
Dean Hawkins,28.0,1.84,104.6,M
Dawn Black,36.0,1.78,105.0,F
Chelsea White,52.0,1.72,61.2,F
Tina Sanchez,56.0,1.77,75.1,M
Brenda Harris,43.0,1.6,66.3,M
Edward Jennings,63.0,1.72,72.1,F
Deborah Figueroa,31.0,1.75,,M
Richard Reese,62.0,1.95,75.5,F
Lisa Baker,61.0,1.63,89.2,F
Melissa Hernandez,41.0,1.93,80.7,M
Jordan Smith,58.0,1.82,70.1,F
Michael Lewis,18.0,1.51,56.7,F
Adam Barnes,68.0,1.86,112.4,F
Robert Ryan,60.0,1.52,50.8,M
Tiffany Moore,39.0,2.0,50.1,M
John Johnson,40.0,1.94,107.9,F
Lee Harrell,36.0,1.65,119.8,F
Mitchell Smith,35.0,1.63,100.9,F
Jenna Paul,29.0,1.69,51.1,M
Elizabeth Conner DDS,45.0,1.68,65.9,F
Timothy Austin,45.0,1.69,118.0,M
Brianna Boyd,50.0,1.66,106.6,F
Scott Bernard,36.0,1.81,89.7,F
Christine Aguilar,45.0,1.58,66.6,M
Denise Miller,69.0,1.92,51.0,M
Jerry Powers,66.0,1.91,51.5,M
Steven Garza,54.0,1.74,92.8,F
Raven Kidd,43.0,1.93,51.5,F
Larry Best,52.0,1.62,119.6,M
Robert Stevens,51.0,1.51,62.8,M
Krista Meyers,52.0,1.81,99.7,F
Sandra Myers,57.0,1.73,60.9,F
Mary Williams,33.0,1.78,87.8,M
Bryan Ray,55.0,1.95,55.6,F
Judy Liu,30.0,1.98,103.7,M
Sheila Larson,40.0,1.82,90.9,F
Sarah Haley,39.0,1.88,56.0,M
Rebecca Ross,33.0,1.54,109.4,F
Kathryn Gibson,45.0,1.58,88.3,F
Sierra Robinson,65.0,1.87,114.5,F
Jacob Wiley,52.0,1.72,114.2,M
Mr. Gregory Martin,62.0,1.72,114.4,M
Emily Middleton,63.0,1.65,55.4,M
Dawn Reyes,25.0,1.8,58.5,F
Kyle Jackson,61.0,1.59,119.1,F
Jared Reynolds,39.0,1.81,84.1,M
Matthew Schneider,38.0,1.59,66.7,F
Carolyn Anderson,43.0,1.53,103.9,M
Allen Rodriguez,57.0,1.67,68.5,F
Jamie Santana,38.0,1.62,100.9,F
Justin Proctor,42.0,1.94,108.6,F
Joshua Pace,58.0,1.53,104.9,M
Anthony Rice,18.0,1.59,69.2,M
Dr. Tony Mueller,23.0,1.77,78.1,M
Joseph Lopez,40.0,1.74,78.9,F
Ashley Wilson,68.0,1.52,84.4,F
Ryan Andrews,40.0,1.5,61.7,F
Morgan Cooper,60.0,1.99,81.7,F
Benjamin Carson,60.0,1.83,85.8,M
Denise Frey,40.0,1.68,87.2,M
Kevin Goodwin,49.0,1.74,107.4,F
Laura Cabrera,47.0,1.63,86.2,M
Sandra Crawford,30.0,1.67,66.2,F
Thomas Arias,60.0,1.82,96.4,F
David Mitchell,35.0,1.94,105.8,M
Dawn Scott,40.0,1.59,72.4,M
Misty Fisher,32.0,1.92,95.2,M
David Yang,50.0,1.56,60.3,F
Annette Calderon,38.0,1.61,73.9,F
Randy Perez,56.0,1.52,113.6,F
Edwin Santos,40.0,1.57,113.8,M
Nicholas Rodriguez,44.0,1.96,90.3,M
Tami Griffin,62.0,1.73,99.2,M
Tony Simmons,61.0,1.54,109.8,M
Wendy Dunn,35.0,1.98,117.1,M
Michael Walker,41.0,1.94,84.3,M
Ralph Taylor,68.0,1.88,89.3,M
Richard Tran,64.0,1.97,79.1,F
Megan Hogan,57.0,1.61,55.0,M
Terry Gilbert,68.0,1.92,79.6,M
Christina Nielsen,59.0,1.84,105.3,F
Thomas Harris,24.0,1.93,106.3,F
Joanna Garrett,67.0,1.9,112.5,M
John Sanchez,65.0,1.67,53.6,F
Mary Nelson,37.0,1.89,86.9,M
David Mcconnell,44.0,1.63,57.5,M
Christopher Mcgee,23.0,1.66,64.1,M
Taylor Joyce,44.0,1.55,113.0,F
Angela Fleming,26.0,1.97,84.8,F
Jennifer Thomas,62.0,1.65,103.1,M
Ricky Bray,48.0,1.76,54.5,F
Jack Watkins,38.0,1.7,79.2,M
Jacob Rodriguez,43.0,1.98,97.2,M
Allen Carter,57.0,1.67,59.3,F
Robert Golden,65.0,1.89,72.8,F
Rhonda Henderson,62.0,1.93,54.5,F
Laura Woods,30.0,1.72,95.6,M
Elizabeth Jennings,66.0,1.69,118.0,F
Jonathan Blankenship,40.0,1.87,107.9,F
Holly Holmes,37.0,1.96,118.2,F
Samuel Martinez,54.0,1.88,109.2,M
Michelle Boone,45.0,1.61,109.9,M
April Myers,34.0,1.94,90.4,M
Bryan Harmon,45.0,1.69,86.3,M
Brandon Steele,58.0,1.79,78.4,M
Rebecca Johnson,19.0,1.92,107.3,F
Jose Curtis,42.0,1.59,62.7,F
Melanie Ingram,67.0,1.89,53.9,M
Justin Johnston,58.0,1.8,116.4,F
Richard Hill,23.0,1.95,50.3,M
Craig Brown,28.0,1.59,118.4,M
Ashley Butler,55.0,1.71,101.0,M
William Bates,23.0,1.92,73.0,M
Thomas Mcguire,62.0,1.51,98.8,M
Benjamin Ward,28.0,1.56,107.3,M
Miss Nancy Hunter DVM,31.0,2.0,67.2,F
Melissa Hanna,19.0,1.64,104.0,F
Jake Kline,57.0,1.99,106.3,F
Steven Thomas,20.0,1.59,67.5,F
Juan Brown,52.0,1.68,52.9,F
Daniel Gibson,50.0,1.88,64.3,F
Lisa Rivers,41.0,1.83,64.0,M
James Green,36.0,1.79,54.6,M
Samantha Martin,35.0,1.76,100.8,M
Carla Hall,66.0,1.92,76.6,M
Nicole Miller,69.0,1.62,111.9,F
Larry Taylor,41.0,1.72,67.7,M
Mary Clark,62.0,1.58,81.7,F
Justin Olsen,52.0,1.8,94.7,F
Helen White,18.0,1.63,111.4,F
Nicole Villa,53.0,1.67,86.7,F
Lisa Diaz,42.0,1.74,76.1,F
James Smith,62.0,1.51,110.7,F
Angela Shaw MD,66.0,1.55,71.7,M
Whitney Mckay,60.0,1.84,55.6,M
Kristen Pacheco,51.0,1.71,81.2,M
Jackson Morales,42.0,1.93,105.0,M
Jason Solis,33.0,1.85,52.2,M
Bonnie Smith,51.0,1.5,91.0,M
Gina Patterson,46.0,1.81,91.6,M
Jay Welch,36.0,1.55,115.0,F
Mr. Kevin Miller,40.0,1.89,70.1,F
Alan Ramos,36.0,2.0,69.5,M
Cindy Moreno,42.0,1.77,80.8,M
Kimberly Myers,33.0,1.84,75.0,F
Brett Morgan,68.0,1.62,101.5,M
Valerie Barker,26.0,1.72,94.9,F
William Mcdonald,18.0,1.93,103.1,M
Alexis Bray,59.0,1.58,107.4,F
Joseph Bender,36.0,1.63,114.6,F
Christina Arnold,50.0,1.72,80.2,M
Pamela Mayer,51.0,1.86,118.9,M
Brian Rodriguez,33.0,1.69,65.1,F
Robert Graham,61.0,1.96,100.0,M
Jennifer Miller,57.0,1.55,87.4,M
Todd Ross,35.0,1.69,107.2,F
James Gonzalez,51.0,1.85,83.4,F
Savannah Moore,42.0,1.61,104.9,M
Rickey Thompson,62.0,1.83,115.1,M
Sarah Patterson,23.0,1.58,101.3,F
Catherine Mendez,38.0,1.53,104.3,F
Mallory Graham,23.0,1.56,54.7,F
Molly Perez,49.0,1.96,64.3,M
John Park,58.0,1.78,118.2,F
Calvin Johnson,65.0,1.9,98.5,M
Darryl Brown,60.0,1.67,89.3,F
Melissa Delgado,56.0,1.8,75.7,M
Christopher Johnson,48.0,1.75,53.1,M
Joshua Mahoney,59.0,1.97,75.8,F
Melissa Higgins,27.0,1.87,84.9,M
Linda Hayes,47.0,1.87,64.8,F
Paul Hendricks,69.0,1.52,62.1,M
Jasmine Hayes,35.0,1.77,85.6,M
Crystal Contreras DDS,41.0,1.73,91.0,M
Scott Mccarthy,69.0,1.96,66.8,F
Stuart Morrison,26.0,1.63,91.1,F
Gene Clark,48.0,1.63,113.0,M
Marissa Cooke,32.0,1.71,83.1,F
John Sullivan,21.0,1.62,110.0,M
Brianna Mayer,57.0,1.56,114.9,F
Jonathan Moore,26.0,1.93,56.5,F
Brenda Schultz,62.0,1.78,56.7,M
Diana Bowman,26.0,1.93,83.3,M
Stephen Gonzales,43.0,1.92,91.2,M
Bailey Hart,21.0,1.64,79.8,F
Timothy Barrett,34.0,1.77,72.9,M
Lauren Smith,33.0,1.54,94.9,M
Matthew Cameron,32.0,1.96,50.1,F
Rodney Henry,52.0,1.7,117.8,F
Briana Morris,69.0,1.7,66.2,M
Holly Rice,22.0,1.65,114.2,M
Teresa Ali,22.0,1.73,57.6,F
Jessica Hardy,37.0,1.63,66.7,F
Amy Weiss,32.0,1.69,66.4,F
Julia Rich,35.0,1.9,119.7,F
Crystal Anderson,64.0,1.92,50.3,M
Dr. Julie White,19.0,1.65,94.8,M
Patricia Pacheco,46.0,1.73,110.9,F
Tara Patel,30.0,1.94,97.1,M
Jacob Kelly,21.0,1.53,75.4,M
Kirsten Mckay,59.0,1.94,117.1,M
Dale Hendricks,62.0,1.61,112.5,F
Jamie Flores,27.0,1.84,80.4,M
Nathan Wallace,48.0,1.79,90.1,F
Amanda Fitzgerald,58.0,1.78,117.7,M
Michelle Oconnell,25.0,1.93,118.8,F
James Thompson,20.0,1.55,81.5,F
Laura Pruitt DVM,65.0,1.67,109.3,F
Heather Collins,63.0,1.77,71.1,M
Jonathan Powers,26.0,1.91,76.0,M
Derek Wright,47.0,1.61,61.5,M
Douglas Webb,28.0,1.9,64.6,M
Tanya Berg,52.0,1.7,96.0,M
Mr. Brent Charles,54.0,1.59,85.8,F
Christy Vega,59.0,1.88,66.2,M
James Johnson,30.0,1.55,78.2,M
Jeanne Ball,53.0,1.76,76.1,M
Angela Woodward,30.0,1.53,119.1,M
William Ellis,29.0,1.68,109.7,F
Robert Johnson,54.0,1.8,77.2,F
Samantha Hines,27.0,1.78,114.0,F
Melissa Malone,26.0,1.7,74.0,F
Frank Mullins,69.0,1.71,96.8,M
Ray Marshall,24.0,1.61,117.7,F
Jonathan Pierce,19.0,1.73,77.3,M
Elaine Garcia,40.0,,97.6,F
Andre Peck,56.0,1.93,70.7,F
Robert Jimenez,57.0,1.57,68.6,M
Tamara Rivera,56.0,1.51,90.2,M
Jennifer Morales,38.0,1.97,118.5,F
Paul Marshall,40.0,1.76,81.7,M
Patricia Andersen,46.0,1.77,115.6,M
Tony James,31.0,1.89,114.0,M
Robert Williams,43.0,1.66,67.8,F
Alicia Williams,68.0,1.74,78.1,F
Grace Ortiz,22.0,1.98,95.0,F
Mark Price,48.0,1.84,86.3,F
Kurt Copeland,42.0,1.58,56.7,M
Hannah Lopez,48.0,1.57,119.6,M
Aaron Richardson,67.0,1.6,102.7,M
Jessica Davis,37.0,1.88,80.6,M
Mr. Stephen Fox,61.0,1.65,93.3,F
Brian Brown,34.0,1.51,56.1,M
Cassandra Lawrence,62.0,1.97,84.7,F
Angela Clements,19.0,1.58,115.2,F
Amanda Kelly,42.0,1.5,112.8,F
Joel Anderson,30.0,1.62,73.6,M
Kenneth Odonnell,56.0,1.62,87.2,M
Calvin Weaver,45.0,1.71,98.8,F
Martha Mclean,59.0,1.96,73.8,F
Harold Vazquez,23.0,1.94,54.5,M
Matthew Good,20.0,1.73,85.4,F
John Lawrence,52.0,1.71,92.1,M
Shawn Patrick,35.0,1.78,50.4,F
Ryan Pena,28.0,1.62,56.7,F
Nancy Chambers,37.0,1.53,64.5,M
Gregory Sanchez,22.0,1.97,74.4,M
Anna Simpson,36.0,1.59,87.9,F
Kimberly Murray,39.0,1.6,70.6,F
Kelsey Sanchez,36.0,1.74,69.3,M
Keith Lowe,64.0,1.75,110.9,F
Jeffrey Garza,33.0,1.51,60.2,F
Olivia George,41.0,1.57,84.7,F
Catherine Mack,58.0,1.69,116.7,F
Ryan Anderson,21.0,1.84,93.8,F
Lauren Vasquez,32.0,1.61,100.2,F
Robert Montoya,42.0,1.71,80.2,M
Kristi Murray,61.0,1.78,51.4,F
Bryan Hall,52.0,1.94,95.2,M
Mathew Brown,31.0,1.66,94.2,F
Jason Bruce,66.0,1.57,57.7,F
Sandy Rose,36.0,1.74,82.4,M
Robert Hammond,55.0,1.87,114.1,M
Dr. Ruth Taylor PhD,53.0,1.55,64.4,M
Jesse Bates,24.0,1.71,82.3,M
William Baker,47.0,1.51,82.3,M
Susan Thornton,36.0,1.52,106.8,F
Meghan Sampson,66.0,1.74,107.7,M
Melissa Peterson,42.0,1.65,103.1,M
Kristin Davis,33.0,1.92,75.6,M
Paul Klein,64.0,1.8,55.0,F
David Garza,57.0,1.73,74.5,F
Maria Blake,68.0,1.7,97.6,F
Calvin Obrien,25.0,1.75,99.2,M
Robert Miller,35.0,1.52,117.6,F
Charles White DDS,45.0,1.95,81.8,F
Gregory Williams,33.0,2.0,94.3,F
Jeremy Harris,69.0,1.59,87.7,F
Johnny Walker,36.0,1.56,60.5,M
Nancy Sheppard,59.0,1.57,82.3,M
Sandra Johnson,34.0,1.83,88.1,M
Roy Acosta,62.0,1.83,116.6,M
Jennifer Howe,30.0,1.92,75.7,M
Joseph Simmons,24.0,1.88,118.6,M
Cole Robles,44.0,1.72,88.0,M
Jason Clark,27.0,1.81,67.0,M
Eugene Murray,51.0,1.84,63.4,F
Abigail Lin,53.0,1.76,59.9,F
Kristen Logan,42.0,1.74,81.7,M
Paul Bauer,23.0,1.82,51.5,M
Jason Dickson,41.0,1.78,81.2,F
Chad Schaefer,35.0,1.82,119.2,F
Elizabeth Lewis,40.0,1.81,96.9,F
Greg Schmitt,23.0,1.86,103.2,M
Nathaniel Whitaker,46.0,1.82,58.3,F
Heidi Guerrero,42.0,1.76,83.1,M
Joe Yates,34.0,1.84,70.0,F
Kimberly Spears,63.0,1.72,112.6,F
Ian Nichols,41.0,1.62,62.7,M
Jeffrey Perez,28.0,1.5,82.1,F
Caleb Elliott,43.0,1.78,91.2,M
Wendy Mosley,68.0,1.8,86.0,F
Michelle Harris,51.0,1.99,108.1,M
Ashley Torres,45.0,1.68,66.2,M
Anthony Martin,20.0,1.7,76.4,M
John Gomez,28.0,1.6,105.4,F
Melissa Randolph,55.0,1.54,87.0,M
Andrew Harris,31.0,1.89,78.1,F
James Simpson,68.0,1.62,52.1,F
Holly Nelson,43.0,1.8,102.7,M
David Wise,65.0,1.84,118.1,M
Sabrina Rodriguez,38.0,1.74,93.4,F
Anthony Clark,56.0,1.94,110.0,F
John Ward,47.0,1.72,86.2,M
Joshua Villarreal,25.0,1.64,66.2,F
Sherry Francis MD,68.0,1.95,51.0,M
Christopher Parks,37.0,1.93,95.7,M
Stephanie Adams,65.0,1.58,84.5,M
Ronnie Johnson,49.0,1.51,104.7,F
Heidi Owens,39.0,1.54,98.6,F
Tonya Ford,24.0,1.64,119.2,F
Victor Holt,26.0,1.99,85.7,F
James Frederick,62.0,1.78,79.9,M
Andrew Rivera,18.0,1.69,70.1,F
Matthew Wall,46.0,1.94,83.4,M
Robert Chase,25.0,1.73,111.1,M
Taylor Wagner,21.0,1.66,53.0,F
Deborah Jackson,52.0,1.97,118.5,F
Rachel Li,20.0,1.92,119.5,F
Jennifer Daniel,62.0,1.92,91.8,M
Toni Ellis,57.0,1.76,73.2,F
Michael Mclaughlin,24.0,1.89,65.6,M
Jamie Thomas,44.0,1.59,69.4,M
Tanya Bailey,18.0,1.79,53.5,F
Jonathan Lee,44.0,1.99,83.3,F
Lauren Phillips,33.0,1.65,54.0,F
Julie Delacruz,55.0,1.9,100.3,M
Kathy Wilson,24.0,1.75,76.0,M
Gabrielle Miller,61.0,1.52,64.0,F
Joshua Hayes,40.0,1.88,88.1,F
Daniel Bell,58.0,1.58,118.2,M
Chelsea Dunn,28.0,1.82,98.7,F
Anthony Lopez,59.0,1.54,84.4,F
Isaac Kelly,50.0,1.97,104.4,M
Rachel Johnson,67.0,1.65,101.6,M
Brandi Ball,53.0,1.61,112.4,F
James Calderon,54.0,1.56,64.3,M
Brittany Beck,58.0,1.97,110.1,F
Ashley Greene,34.0,1.86,71.1,M
Joyce Gray,52.0,1.87,115.9,M
Heather Stanley,65.0,1.75,69.7,M
Mark Torres,22.0,1.74,114.9,M
Daniel Lewis,65.0,1.56,117.5,F
Roberto Simmons,49.0,1.78,60.2,M
Jeremiah Evans,20.0,1.62,118.2,F
Kayla Martin,69.0,1.99,56.0,M
Patricia Moore,64.0,1.9,65.3,F
Dr. Bradley Phillips,52.0,1.71,81.1,M
Kristen Blanchard,69.0,1.58,119.6,M
Kathleen Rodriguez,31.0,1.89,84.2,F
Alicia Atkinson,65.0,1.56,88.5,M
Patricia Garcia,48.0,1.59,98.6,F
Stephanie Mejia,48.0,1.61,117.8,F
Ariel Patton,34.0,1.78,104.8,M
Angela Allen,41.0,1.89,65.7,M
Michelle Sullivan,69.0,1.66,71.2,F
Scott Kelly,40.0,1.54,56.8,M
Katherine Diaz,35.0,1.73,95.1,M
Amanda Howard,67.0,1.87,62.7,F
Brian Simpson,31.0,1.61,68.0,M
Edwin Bird,67.0,1.61,112.2,M
Francisco Martinez,32.0,1.97,72.9,M
Caroline Jones,32.0,1.98,89.7,M
Julie Barrera,23.0,2.0,77.8,M
Miss Pamela Sawyer,44.0,1.9,55.2,F
Anthony Williams,32.0,1.59,75.4,M
Ivan Hodges,67.0,1.61,78.6,M
Michael Dean,53.0,1.67,112.7,F
John Miller,25.0,1.66,72.7,M
Brian Pearson,32.0,1.98,76.5,F
Christopher Hayes,20.0,1.89,104.8,F
Robert Wong,64.0,1.86,103.1,M
Matthew Mccann,30.0,1.59,105.9,M
James Villa,58.0,1.95,116.8,F
Joseph Waters,51.0,1.91,105.7,M
Gerald Velez,41.0,1.58,78.5,F
Norman Maynard,57.0,1.94,107.5,M
Monique Smith,49.0,1.64,85.6,M
Phillip Dixon,49.0,1.54,69.4,F
Mark Hart MD,47.0,1.83,71.2,F
Robert Rodriguez,69.0,1.83,65.7,F
Joshua Le,66.0,1.55,60.1,F
Mary Torres,30.0,1.66,62.9,F
Mark Miller,18.0,2.0,54.4,F
Sergio Ferguson,51.0,1.84,112.2,F
Ryan Sanchez,32.0,1.87,115.2,F
Donald Smith,61.0,1.61,91.1,F
Juan Anderson,31.0,1.54,108.8,F
Samantha Williams,46.0,1.64,62.8,M
Michael Roberts,51.0,1.62,113.1,M
Jason Cervantes,35.0,1.62,85.4,F
Melanie Taylor,24.0,1.6,54.7,M
Melissa Dean,46.0,1.79,59.9,F
Chloe Armstrong,48.0,1.66,71.6,M
Eric Cox,42.0,1.91,53.0,M
William Hudson,55.0,1.59,71.7,M
Jennifer Hale,31.0,1.73,54.2,M
Heather Freeman,25.0,1.51,66.5,M
Gabriel Taylor,44.0,1.74,68.6,F
Karla Bird,19.0,1.53,119.6,M
Amanda Solomon,34.0,1.99,66.5,M
Jose Shaw,54.0,1.9,66.7,F
Johnny Davis,31.0,1.75,98.1,M
Lee Saunders,42.0,1.54,110.2,M
Elizabeth Tucker,47.0,1.8,77.1,M
Jeremy Moon,46.0,1.88,111.3,M
Jessica Ortega,37.0,1.6,73.8,M
Jason Kerr,38.0,1.78,63.8,M
Gary Mcmillan,39.0,1.91,73.1,M
Christine Whitaker,52.0,1.88,92.7,F
Gregory Mata,54.0,1.9,75.7,F
Anthony Hoffman,33.0,1.94,97.1,F
Michael Macdonald,67.0,1.97,66.6,M
Donna Jones,66.0,1.7,99.1,M
Jose Kelley,60.0,1.78,74.3,F
Darrell Guzman,34.0,1.9,81.9,F
Connie Fleming,33.0,1.85,89.0,F
Angela Gomez,19.0,2.0,98.0,M
Amanda Fuentes,21.0,1.51,66.7,F
Darlene Sanders,38.0,1.68,108.5,M
Jesse Garcia,56.0,1.64,100.5,F
Pamela Lopez,51.0,1.63,66.4,F
Ryan Sharp,47.0,1.61,118.2,M
Benjamin Hester,23.0,1.85,96.5,M
Christine Alexander,34.0,1.54,81.7,M
Susan Duncan,56.0,1.87,61.0,M
Darin Torres,42.0,1.85,87.3,M
Martin Little,22.0,1.63,61.5,M
Gary Valencia,22.0,1.63,80.1,F
Jared Walters,37.0,1.81,78.6,M
Lauren Benton,33.0,1.88,100.4,M
Christina Peterson,68.0,1.94,63.5,M
Dawn Waters,58.0,1.93,107.5,F
Alexa Miranda,54.0,1.98,72.8,F
Brittany Williams,57.0,1.79,81.1,M
Amanda Brown,26.0,1.95,104.1,M
John Hayes,22.0,1.9,93.8,M
Joel Cruz,59.0,1.95,71.6,M
Jacob Taylor,19.0,1.51,77.0,M
Brianna Smith,26.0,1.98,71.4,M
Shannon Odonnell,60.0,1.74,91.6,F
Amanda Jones,53.0,1.9,73.3,M
Ashley Ellis,39.0,1.56,100.8,M
Brian Cruz,39.0,1.7,90.6,M
Stephanie Moore,39.0,1.64,60.2,M
Sue Tyler,51.0,1.65,71.7,F
Ryan Smith,46.0,1.56,65.5,M
Jared Roy,55.0,1.9,77.3,F
Larry Allen,63.0,1.5,86.1,M
Erin Gordon,50.0,1.66,85.5,M
Kaitlyn Olsen,35.0,1.59,102.8,M
Jose Taylor,24.0,1.79,63.2,F
Christian Byrd,18.0,1.63,116.3,F
James Patrick,50.0,1.63,74.0,M
Sara Mayer,18.0,1.74,71.0,M
Dustin Herrera,41.0,1.83,98.0,M
Robert Woodward,21.0,1.56,106.4,M
Raymond Davidson,21.0,1.59,76.5,M
Christopher Dunn,35.0,1.62,102.3,M
Daniel Scott,44.0,1.99,111.9,M
Lindsey Wade,60.0,1.7,103.7,F
Anna Williams,49.0,1.8,52.4,F
Scott Nelson,50.0,1.62,107.9,M
Alexander Reilly,45.0,1.75,104.2,M
Michael Watkins,59.0,1.54,96.9,M
Joann Sexton,58.0,1.52,103.2,M
Elizabeth Williams,53.0,1.73,118.6,M
William Patton,23.0,1.7,80.2,M
Beverly Haley,33.0,1.57,54.7,F
Lisa York,51.0,1.84,82.3,F
Lauren Stephens,40.0,2.0,53.3,F
Justin Gallegos,67.0,1.7,70.6,M
Tamara Peterson,59.0,1.81,91.1,F
Cynthia Stephens,41.0,1.98,71.7,M
Antonio Hansen,66.0,1.92,98.0,F
Lori Lopez,30.0,1.73,107.5,M
Jessica Mayer,35.0,1.87,79.4,F
Mary Crosby,30.0,1.56,113.0,M
Brandon Frye,66.0,1.76,55.6,F
Nicole Figueroa DDS,54.0,1.64,108.8,F
James Beck,60.0,1.58,108.0,F
Drew Williams,56.0,1.71,72.5,M
Patrick Fox Jr.,59.0,1.57,70.9,M
Julie Mckenzie,34.0,1.85,71.4,M
John Perez,32.0,1.73,106.8,M
Lori Brown,35.0,1.77,108.2,M
Susan Clayton,40.0,1.57,73.1,F
Dean Hunt,68.0,1.57,91.5,M
Roger Davis,47.0,1.79,59.7,M
Matthew Weeks,51.0,1.99,82.8,M
Tamara Benson,21.0,1.55,119.9,F
Rachael Li,20.0,1.64,61.1,F
Eric Whitney,24.0,1.93,116.3,F
Mark Chavez,35.0,1.54,107.7,M
James Marks,59.0,1.94,118.1,M
Scott Harris,24.0,1.76,62.6,F
Paige Ware MD,57.0,1.7,64.9,M
Daniel Bailey,23.0,1.65,51.2,M
Matthew Wong,39.0,1.65,100.7,M
William Carter,18.0,1.65,95.1,M
Randy Wilcox,21.0,1.94,62.5,M
Karen West,63.0,1.86,105.4,F
Lindsay Dickson,66.0,1.83,70.9,F
Jessica Johnson,69.0,1.9,59.4,F
Sarah Lawson,67.0,1.63,79.6,M
Amy Berg,60.0,1.81,56.4,F
Warren Costa,46.0,1.73,68.4,M
Edward Miller,38.0,1.89,76.0,F
Craig Gonzalez,43.0,1.65,109.6,M
Lisa Evans,31.0,1.82,105.5,M
Erin Jones,26.0,1.94,81.0,F
Ian Klein,64.0,1.7,100.7,F
Eric Yates,29.0,1.53,89.8,F
Katherine Thomas,59.0,1.76,73.9,M
Caitlin Ballard,68.0,1.67,100.8,F
Michelle Fisher,68.0,1.84,97.8,F
Kristopher Guerrero,23.0,1.98,93.3,F
Mary Martin,37.0,1.74,93.3,F
Thomas Luna,41.0,1.73,97.8,M
Scott Singh,44.0,1.83,76.9,M
Shelby Reyes,55.0,1.55,110.8,M
Patricia Yates,25.0,1.63,61.4,F
Erica Mercado DDS,18.0,1.96,111.9,F
Aaron Sanchez,66.0,1.83,74.0,F
Kelly Waters,66.0,1.51,58.8,M
Kevin Brown,41.0,1.6,92.0,F
Nathan Medina,64.0,1.84,76.3,M
Kimberly Fields,24.0,1.88,107.1,F
Scott Jones,36.0,1.92,80.2,M
Carolyn Meadows,39.0,1.65,96.8,M
Gary Lee,52.0,1.97,71.6,F
Andrea Newman,47.0,1.78,64.7,F
Laurie Lopez,46.0,1.85,77.2,M
Donald Cantu,39.0,1.8,92.5,M
Rachel Smith,28.0,1.56,96.0,F
Kevin Brown,37.0,1.98,90.5,M
William Hutchinson,46.0,1.56,119.2,F
Jennifer Jordan,68.0,1.63,98.4,F
David Gomez,58.0,1.91,115.2,M
Ebony Walker,59.0,1.81,58.3,M
Johnathan Todd,51.0,1.92,54.3,F
Alicia Smith,18.0,1.76,71.8,M
James Foster,48.0,1.69,59.6,M
Casey Evans,47.0,1.96,86.8,F
Geoffrey Rodriguez,65.0,1.52,86.3,M
Lori Spears,35.0,1.93,90.3,M
Justin Moreno,34.0,1.62,102.2,M
James Warren,55.0,1.92,118.0,M
David King,31.0,1.57,111.5,F
Melissa Perez,40.0,1.79,58.3,M
Erin Freeman,42.0,1.94,73.7,M
Daryl Parsons,32.0,1.74,67.9,M
Joseph Marquez,63.0,1.87,62.4,M
Shane Barry,39.0,1.9,88.1,F
Marcus Harrison,20.0,1.87,88.7,F
Ronald Marshall,36.0,1.96,65.9,F
Debra Molina,61.0,1.72,99.8,M
Joseph Nichols,51.0,1.59,101.3,F
James Martinez,52.0,1.52,51.5,F
Alexander Sanchez,67.0,1.62,77.7,M
Michelle Johnson,18.0,1.57,112.3,M
Brandon Silva,69.0,1.78,86.4,F
Susan Ware,38.0,1.59,74.3,F
Dr. Christine Davila,46.0,1.52,67.8,M
Matthew Haynes,23.0,1.52,67.0,M
William Gonzalez,54.0,1.92,57.0,M
Michele Mccarthy,18.0,1.8,107.2,F
Sean Smith,68.0,1.68,56.1,M
Perry King,18.0,1.95,70.5,F
Alicia Miller,44.0,1.54,53.2,F
Vincent Greene,38.0,1.99,104.7,F
Alexander Fernandez,33.0,1.81,52.7,M
Sherri Bright,61.0,1.59,71.6,F
Shane Jones,57.0,1.84,90.1,F
Jessica Smith,43.0,1.88,78.7,F
Michael Hinton,33.0,1.71,69.8,F
Diana Johnson,45.0,1.93,69.3,M
Robert Cox,18.0,1.58,105.8,F
Lori Rosales,53.0,1.64,118.2,M
Stephen Moreno,27.0,1.55,74.4,M
David Davis,60.0,1.61,52.7,F
Natalie Wu,34.0,1.62,52.6,F
Andrew Alvarado,40.0,1.96,103.1,M
Faith Haas,24.0,1.54,88.7,M
Ryan Stephens,61.0,1.71,104.9,M
Amanda Johnson,24.0,1.77,98.8,M
Timothy Alexander,61.0,1.95,113.5,F
Alexis Figueroa,32.0,2.0,112.0,F
Heather Lang,51.0,1.88,105.2,F
Kathleen Pearson,63.0,1.99,83.3,F
Leslie Cordova,62.0,1.89,71.6,M
Victoria Hanna,21.0,1.98,85.5,M
Brian Greene,31.0,1.85,85.1,F
Carlos Stewart,31.0,1.54,92.7,F
James Smith,33.0,1.7,63.0,F
Breanna Ferguson,24.0,1.82,95.9,M
Darlene Hampton,49.0,1.68,82.0,F
Donna Brown,36.0,1.64,93.4,M
Dr. Mason Rogers,19.0,1.79,66.8,M
Caroline Davis,27.0,1.97,80.4,M
Mrs. Stephanie Flores,67.0,1.52,64.7,M
Lori Snyder,34.0,1.88,111.3,F
Carolyn Adams,54.0,1.86,84.2,M
Mr. Brian Silva,29.0,1.98,65.7,M
Sarah Pearson,23.0,1.97,52.9,F
Bradley Lynch,39.0,1.88,97.3,F
Norma Williamson,49.0,1.76,65.0,M
Erica Williams,58.0,1.6,119.3,F
Curtis Campbell,37.0,1.77,87.4,F
Anna Peterson,18.0,1.88,70.2,M
Erin Castillo,64.0,1.95,96.0,F
Gary Leonard,23.0,1.89,69.3,M
Tracie Wilson,36.0,1.6,107.4,M
Sonia Gregory,35.0,1.8,71.6,F
Emma Hartman,23.0,1.67,119.2,F
Willie Daniels,62.0,1.5,92.4,F
Stacy Cameron,50.0,1.6,109.1,M
Natalie Hill,40.0,1.56,55.1,F
James Chavez,40.0,1.92,74.4,M
Marc Sullivan,43.0,1.63,101.6,F
Danielle Thomas,30.0,1.64,95.9,M
Lisa Avery,24.0,1.98,63.6,F
Sean West,32.0,1.69,74.9,M
Roger Parker,61.0,1.5,68.4,F
David Hubbard,44.0,1.64,92.9,F
Zachary Small,43.0,1.56,74.1,F
Jennifer Patterson,50.0,1.55,71.6,F
Bryan Sparks,32.0,1.54,64.5,F
Amanda Patton,53.0,1.8,78.6,M
Adam Lucas,62.0,1.59,63.7,M
Courtney Hunt,44.0,1.68,117.4,F
Alyssa Flores,22.0,1.93,60.8,M
Dennis Jones,19.0,1.71,113.9,M
Melissa Lawson,50.0,1.96,80.0,F
Lisa Brown,33.0,1.75,76.5,F
Jeffrey Conley,40.0,1.7,66.2,M
David Knight,55.0,1.88,94.5,M
Pamela Brennan,33.0,1.54,98.0,F
Lisa White,31.0,1.54,82.7,F
Karen White,46.0,1.83,53.9,F
Alexandria Fuentes,43.0,1.74,114.3,M
Tiffany Woods,52.0,1.9,118.6,F
Jennifer Evans,32.0,1.96,80.2,M
Allen Cantrell,20.0,1.69,93.0,F
Christopher Nguyen,40.0,1.8,81.5,F
Andrea Anderson,46.0,1.75,72.5,M
Jessica Carter,51.0,1.99,55.4,F
Jeffrey Hall,50.0,1.92,81.9,M
Katherine Castaneda,58.0,1.96,107.3,M
Curtis Butler,58.0,1.63,51.2,M
Stacey Watts,40.0,1.89,90.7,F
Hannah Mckee,24.0,1.63,111.7,F
Julie Franklin,20.0,1.6,65.2,F
Ann Berger,49.0,1.97,62.8,M
Robert Jensen,48.0,1.51,104.1,F
Alyssa Morrison,35.0,1.98,67.9,F
Jennifer Johnson,60.0,1.57,63.4,F
Steven Randall,24.0,1.91,76.5,F
Jacqueline Shields,58.0,1.64,77.5,F
Jose Houston,18.0,1.68,111.2,M
Melinda Davis,31.0,1.61,93.3,F
Johnny Shepherd,69.0,1.79,78.4,F
Melissa Crawford,49.0,1.67,87.4,F
Lauren Beck,23.0,1.83,116.8,M
Amanda Phillips,56.0,1.51,57.9,F
Kelly Holden,27.0,1.53,64.5,M
Justin Vincent,24.0,1.55,117.4,M
Gary Franco,43.0,1.71,117.0,F
Antonio Hines,51.0,1.91,62.4,M
Jessica Steele,47.0,1.94,60.2,M
Daniel Schaefer,53.0,1.62,79.5,M
Arthur Fitzgerald,38.0,1.79,53.5,F
Paul Gonzalez,34.0,1.88,95.8,M
Vanessa Simpson,50.0,1.64,55.4,F
Jeffrey Rogers,27.0,1.7,54.1,F
Jay Allen,68.0,1.76,84.0,M
Elizabeth Mahoney,64.0,1.57,117.0,M
Manuel Martin,59.0,1.51,79.9,M
Christopher Garner,68.0,1.58,75.0,F
Jeffery Williams,29.0,1.81,119.9,F
Luis Pearson,33.0,1.54,87.2,M
Roberto Bell,58.0,1.59,76.3,M
Melissa Gray,49.0,1.67,77.0,F
Joseph Alvarado,32.0,1.54,63.6,F
Brenda Bailey,44.0,1.6,85.9,F
Marc Cunningham,45.0,1.96,80.7,M
Amanda Ortiz,34.0,1.51,69.0,M
Kyle Greene,63.0,1.83,61.2,F
Jeremiah Lee,67.0,1.69,71.8,F
Kelli Carter,19.0,1.84,85.6,M
Kayla Hernandez,53.0,1.79,54.1,F
Dean Bennett,67.0,1.61,60.8,M
Donald Moore,24.0,1.92,116.3,F
Denise Moses,30.0,1.75,88.0,F
Angela Hawkins,32.0,1.91,54.4,F
Alicia Brown,42.0,1.7,98.5,F
John Miller,40.0,1.99,54.3,M
Andrew Vasquez,39.0,1.89,101.7,F
Aaron Lee,43.0,1.98,102.5,F
David Ross,50.0,1.76,95.6,M
Emily Green,28.0,1.74,101.3,M
Matthew Wilson,27.0,1.88,56.2,M
Sarah Livingston,42.0,1.94,100.9,F
Melanie Cannon,54.0,1.98,59.6,M
Eric Perez,65.0,1.66,73.8,F
Ariana West,60.0,1.9,116.0,M
Mr. Joshua Holland,55.0,1.61,85.2,F
Adriana Smith,58.0,1.77,117.7,M
Keith Hudson,62.0,1.59,56.2,M
Christian Chan,41.0,1.67,83.4,M
Ronald Reed,57.0,1.97,54.4,F
Jacqueline Williams,63.0,1.57,94.1,F
Richard Smith,50.0,1.82,55.5,M
Kathleen Ashley,34.0,1.8,62.3,F
Kara Hester,41.0,1.56,68.1,F
Adam Fox,54.0,1.66,102.4,F
Danielle Rhodes,19.0,1.78,61.5,F
Johnathan Thompson,49.0,1.59,109.3,F
Mark Stokes,41.0,1.9,59.2,M
Linda Walker,26.0,1.99,52.5,F
Whitney Velez,21.0,1.61,77.7,M
Edward Morris,34.0,1.59,118.6,M
David Watts,34.0,1.73,57.7,M
Debra Davis,67.0,1.87,57.1,F
Ariana Rice,65.0,1.64,102.6,F
Amanda Knapp,47.0,1.51,71.9,M
Emily Dunn,57.0,1.77,100.2,M
Tracy Patel,28.0,1.98,64.0,M
Caitlin Reed MD,38.0,1.7,82.2,M
Rachel Smith,38.0,1.71,68.6,F
Elizabeth Lara,35.0,1.98,81.6,M
Deanna Kerr,46.0,1.85,103.8,M
Jeremy Montgomery,41.0,1.86,103.3,F
Melissa Galvan,27.0,1.78,86.1,M
Cynthia Davis,62.0,1.99,115.0,F
Walter Meyer,34.0,1.84,68.5,M
Taylor Taylor,35.0,1.95,66.8,F
Mackenzie Burton,59.0,1.85,93.0,F
John Bass,65.0,1.87,93.5,F
Anthony Thompson,37.0,1.65,53.3,M
John Gill,54.0,1.65,92.5,F
Kenneth Vasquez,62.0,1.89,76.2,M
Ashley Copeland,35.0,1.65,102.3,F
Adam Gutierrez,34.0,1.78,106.6,F
Monique Carr,26.0,1.62,88.7,F
Sheryl Allen,31.0,1.91,50.1,M
Geoffrey Jones,66.0,1.56,94.5,F
Linda Goodwin,46.0,1.91,102.4,F
Dr. Alicia Gillespie,48.0,1.8,67.4,F
Mrs. Heather Bates,21.0,1.59,82.5,F
Jamie Wilson,35.0,1.77,117.6,M
Andrew Calderon,37.0,1.64,70.9,M
Valerie Stone,64.0,1.66,65.6,F
Joshua Avila,60.0,1.68,64.8,F
Amy Lewis,61.0,1.53,89.1,F
Brian Nash,26.0,1.99,116.5,F
Jennifer Parks,30.0,1.52,92.6,M
Michelle Brooks,32.0,1.83,71.2,F
Emily Cook,44.0,1.69,94.7,F
Laura Garcia,32.0,1.82,93.7,M
Joe Jenkins,45.0,1.68,91.8,F
Brian Vang,54.0,1.84,61.2,F
Jenny Berg,36.0,1.86,94.4,M
Cristian Wilson,43.0,1.85,80.1,F
Mark Anderson,69.0,1.56,51.3,M
Emily Black,43.0,1.83,87.8,F
Jessica Ross,42.0,1.64,119.2,M
Timothy Gates,43.0,1.51,74.5,M
Amanda Ruiz,43.0,1.71,117.6,F
Linda Gay,63.0,1.72,56.7,F
Sandra Shepard,45.0,1.73,101.3,F
Nicole Schwartz,66.0,1.85,58.0,F
Janice Bush,35.0,1.65,69.2,M
Johnathan Sanders,49.0,1.66,90.0,F
Jennifer Mcclain,20.0,1.53,91.5,F
Shawn Garcia,19.0,1.84,104.3,F
Amy Baldwin,50.0,1.78,93.1,M
Dr. Wendy Hunt,59.0,1.67,91.6,M
Erin Sparks,36.0,1.85,113.9,M
James Blair,34.0,1.77,81.7,M
Tara Beck,61.0,1.73,65.8,M
Debra Joseph,50.0,1.76,61.3,F
Chad Dixon,29.0,1.82,78.0,F
Jessica Hodge,66.0,1.83,99.9,F
Lorraine Hernandez,20.0,1.64,53.0,M
Daniel Sullivan,60.0,1.57,59.0,F
Ruth Jones,66.0,1.58,57.4,M
Matthew Anthony MD,43.0,1.82,91.0,M
Diana Thompson,52.0,1.94,67.0,M
Kevin Houston,25.0,1.7,61.6,M
Kevin Smith,69.0,1.58,91.5,M
Michael Guzman,53.0,1.88,103.3,F
Richard Hubbard,24.0,1.92,73.3,F
Mark Barber,63.0,1.94,90.5,F
Toni Hall,63.0,1.8,56.9,F
Jessica Newman,53.0,1.93,115.5,M
Jon Robinson,33.0,1.51,73.6,F
Carla Dalton,41.0,1.55,119.8,F
Mandy Smith,18.0,1.55,118.5,M
Andrea Hess,66.0,1.86,104.5,M
Jennifer Anderson,42.0,1.53,51.4,M
Stephanie Barnes,27.0,1.75,88.0,F
Jacob Elliott,33.0,1.74,56.1,F
James Anderson,33.0,1.66,112.7,F
Jessica Davis MD,25.0,1.94,105.3,M
Kelly Hensley,46.0,1.59,118.1,M
Donna Davenport,56.0,1.68,92.6,M
Amy Jackson,45.0,1.89,86.6,M
Daniel Moore,23.0,1.52,86.3,M
Eric Smith,33.0,1.84,77.1,M
Bryan Pace,37.0,1.91,82.8,F
William Rivers,33.0,1.97,94.5,M
Sara Chavez,24.0,1.94,115.3,M
Greg Buck,58.0,1.66,91.7,M
Maureen Tucker,31.0,1.79,110.0,M
Ian Johnson,60.0,1.54,110.4,M
Jose Dennis,43.0,1.63,86.3,M
Douglas Powell II,43.0,1.55,74.3,M
Colin Smith,31.0,1.66,94.8,M
Joanna Murphy,24.0,1.94,81.2,M
Richard Colon,50.0,1.67,55.7,F
Gloria Hunt,43.0,1.78,76.4,F
Veronica Mason,62.0,1.72,119.6,F
Katherine Young,37.0,1.73,53.4,F
Luis Lopez,20.0,1.98,98.8,M
Jacob Braun,69.0,1.65,108.9,F
Luis Warren,21.0,1.81,95.4,F
Valerie Walton,43.0,1.71,89.9,M
Wayne Anderson,28.0,1.53,99.5,M
James Lynch,19.0,1.74,80.1,M
Karen Smith,31.0,1.91,56.4,M
Kathy Dunn,61.0,1.55,117.4,F
Eric Flores,47.0,1.53,80.3,M
Mitchell Dickson,66.0,1.58,96.6,M
Michael Lopez,29.0,1.88,87.2,M
Mr. Jerry Leblanc,43.0,1.86,53.8,F
Brandon Harvey,61.0,1.78,116.7,F
Leslie Cummings,50.0,1.73,105.5,M
Jason James,30.0,1.94,60.4,F
Ann Mason,31.0,1.88,118.7,M
Timothy Wilcox,41.0,1.91,101.6,F
Alan Hicks,51.0,1.91,83.1,M
Daniel Zamora,61.0,1.82,92.8,F
Marc Long,43.0,1.73,57.5,F
Chad Lewis,38.0,1.93,89.2,F
Samuel Berg,45.0,1.96,55.2,M
Matthew Hamilton,65.0,1.51,88.1,F
Gail Lopez,53.0,1.53,88.7,F
Susan Taylor,57.0,1.98,111.2,F
Anna Castillo,19.0,1.64,100.8,M
Kara Mccall,59.0,1.94,67.5,F
Amy Cooper,26.0,1.69,112.2,M
Thomas Collins,40.0,1.56,90.1,M
Carlos Dennis,32.0,1.54,92.4,M
Sheri Ball,30.0,1.58,61.8,M
Denise Peters,40.0,1.62,110.0,M
Joshua Romero,34.0,1.74,115.2,F
Bonnie Walker,65.0,1.85,104.2,M
Kevin Crawford,19.0,1.99,115.9,F
Kathryn Hall,37.0,1.72,71.2,F
Tracy Romero,37.0,1.76,110.3,M
Joe Oliver,63.0,1.76,84.2,M
Jared Sullivan,20.0,1.77,61.5,M
Anthony Benson,29.0,1.76,96.8,F
Kristen Walker,57.0,1.5,97.9,F
Jennifer Gonzalez,19.0,1.5,70.1,F
Michael Martin,53.0,1.55,51.9,F
Clinton Perez,31.0,1.55,64.0,F
Danielle Ramirez,33.0,1.85,78.0,F
Melissa Moore,36.0,1.6,61.7,F
Anthony David,51.0,1.95,63.6,F
Alex Abbott,61.0,1.96,77.4,F
Darrell Norman,63.0,1.99,117.3,M
Jacqueline Sullivan,23.0,1.97,103.5,F
Betty Case,30.0,1.64,72.4,M
Stacy Payne,53.0,1.75,116.6,M
Mr. Roger Mayer,39.0,1.59,95.2,F
Sara Nicholson,35.0,1.9,81.9,F
Nicolas Martin,29.0,1.94,82.8,F
Zachary Bailey,69.0,1.93,78.8,F
Madison Medina MD,47.0,1.72,66.3,F
Nicholas Sims,68.0,1.88,77.1,F
Paula Miller,57.0,1.55,87.0,M
Chase Wilson,24.0,1.52,87.0,M
Jose Hansen,49.0,1.88,103.3,F
Jason Hernandez,65.0,1.71,75.1,M
Russell Smith,36.0,2.0,100.2,M
Mr. Jerry Smith MD,23.0,1.55,90.5,M
Mark Banks,37.0,1.93,117.3,M
Debra Mosley,44.0,1.74,77.0,M
Jonathon Nolan,60.0,1.91,113.1,M
Christopher Moore,54.0,1.91,107.4,F
Nicholas Long,65.0,1.96,94.6,M
Tommy Gilbert,24.0,1.65,95.8,M
Patricia Brown,22.0,1.97,55.9,M
Karen Hill,28.0,1.58,116.5,M
Alex Ellis,32.0,1.54,57.5,F
Kirsten Hall,20.0,1.72,89.4,M
Tammy Brown,22.0,1.91,73.1,F
Christine Cunningham,40.0,1.74,80.1,M
Mrs. Sandra Davis,54.0,1.91,92.7,F
Jerry Shaw,26.0,1.86,113.6,M
Rachael Joyce,32.0,1.6,82.0,M
Melissa Morris,20.0,1.97,119.1,M
Sheena Gould,46.0,1.53,91.5,F
Kyle Jones,23.0,1.95,61.2,F
David Solis,34.0,1.65,63.3,F
Kenneth Peters,43.0,1.75,100.1,F
Amanda Mitchell,38.0,1.71,53.5,M
Joseph Swanson,25.0,1.59,83.6,M
Mark Gonzalez,38.0,1.68,60.4,F
Laura Burgess,28.0,1.6,80.3,M
Angela Briggs,55.0,1.6,102.5,M
Jonathon Foster,25.0,1.59,82.1,M
Jesse Cannon,59.0,1.74,61.4,F
Joseph Dorsey,41.0,1.9,67.6,F
Michael Welch,52.0,1.78,75.7,M
Russell Davis,31.0,1.95,54.9,F
Cody Clark,31.0,1.82,90.9,F
Evan Horton,27.0,1.84,92.5,F
Phillip Long,29.0,1.83,54.4,F
Maria Romero,55.0,1.72,78.2,M
Leslie Shea,61.0,1.84,79.0,F
Douglas Hart,63.0,1.53,73.4,F
Shannon Freeman,51.0,1.93,89.0,M
Abigail Reed,58.0,1.89,74.2,F
Joe Ali,27.0,1.62,79.1,M
Mark Beck,34.0,1.88,105.8,M
Gregory Watkins,34.0,1.51,61.3,F
Melissa Garcia,20.0,1.61,93.3,M
Virginia Ibarra,48.0,1.53,85.4,M
David Rodriguez,68.0,1.89,71.4,F
Jose Kennedy,18.0,1.88,100.9,F
Christopher Gonzales,29.0,1.91,88.6,F
Kathleen Roberts,56.0,1.5,83.4,M
Chad Walker,21.0,1.75,96.7,M
Mrs. Nicole Woods,59.0,1.85,106.2,M
Marc Reed,30.0,1.58,118.1,M
Melissa Matthews,51.0,1.82,94.1,M
Donald Wells,59.0,1.54,111.2,M
Sean Flores,38.0,1.59,50.1,F
Robin Webb,39.0,1.74,87.1,M
Gregory Bell,21.0,1.83,65.0,M
Christopher Brown,35.0,1.57,56.6,F
Kayla Manning,22.0,1.59,87.2,M
Leah Martin,36.0,1.6,102.3,M
Cassidy Myers,19.0,1.62,78.9,M
Scott Williams,29.0,1.61,96.9,F
Travis Cook,34.0,1.7,84.3,F
John Chapman,27.0,1.83,80.6,F
Michelle Bennett,51.0,1.72,70.3,F
Justin Kent,23.0,1.89,76.8,M
Brandon Wall,25.0,1.86,74.5,M
Vanessa Henderson,68.0,1.56,95.2,F
Sheri Jordan,28.0,1.52,58.1,M
Eric Jones,29.0,1.94,56.5,M
Catherine Cooper,26.0,1.54,96.2,M
Jason Bartlett,19.0,1.57,88.2,F
Dakota Schmidt,25.0,1.51,80.1,M
Krista Fitzgerald,28.0,1.81,60.7,F
Alice Goodwin,53.0,1.79,78.8,M
George Simon,27.0,1.99,105.3,M
Samantha Pitts,38.0,1.94,112.3,F
George Jackson,37.0,1.71,99.2,F
Stacy Underwood,65.0,1.69,54.2,M
Mary Hatfield,25.0,1.65,96.9,F
Kathryn Owens,53.0,1.58,66.9,F
Jason Patterson,46.0,1.57,72.1,M
David Sanchez,59.0,1.57,63.7,F
Christopher Palmer,29.0,1.56,104.3,F
Christian Ferguson,31.0,1.62,95.4,F
Joseph Hoffman,65.0,1.65,92.8,F
Paula Padilla,67.0,1.98,96.8,F
Hunter Morales,38.0,1.79,66.6,F
Scott Beard,39.0,1.99,81.1,M
Rodney Hampton,38.0,1.69,94.3,F
Steven Butler,61.0,1.73,94.6,F
Cynthia Adams,67.0,1.66,105.4,M
Jordan Brown,47.0,1.59,70.1,F
Joshua Leon,56.0,1.57,103.9,F
Hannah Martinez,37.0,1.97,80.8,M
Connie Owens,41.0,1.99,96.9,M
Jessica Zuniga,40.0,1.52,81.9,F
Judith Evans,24.0,1.58,116.4,F
Brooke Hartman DVM,26.0,1.71,62.6,M
Lindsey Randall,18.0,1.59,97.3,F
Darlene Cannon,43.0,1.68,90.4,F
Mrs. Nicole Green MD,55.0,1.56,62.1,M
Steven Neal,55.0,1.73,54.6,M
Hannah Reilly,61.0,1.64,105.9,M
Wesley Smith,39.0,1.68,61.0,F
Elizabeth Dixon,61.0,1.55,63.1,M
Michael Gibson,27.0,1.71,118.5,F
Jeffery Sullivan,23.0,1.99,100.2,M
Courtney Curry,34.0,1.66,67.5,M
Katie Wiley,68.0,1.94,91.4,F
Mrs. Sara Glass,67.0,1.92,87.4,M
Diane Phillips,55.0,1.98,109.1,F
Michael White,41.0,1.9,101.1,F
Stephanie Brown,68.0,1.83,108.2,F
Jordan Wells,27.0,1.93,64.8,F
Oscar Jones,25.0,1.54,94.8,F
Tara Jones,38.0,1.73,52.8,M
Samantha Bonilla,23.0,1.99,54.8,M
Paul Simmons,38.0,1.88,99.9,F
Anthony Ramirez,56.0,1.98,51.7,F
Mr. Clifford Garcia,41.0,1.89,90.6,F
Brenda Brooks,50.0,1.94,108.8,F
Melissa Bennett,35.0,1.85,76.6,M
Ashley Miller,45.0,1.88,53.1,M
Alexis Williams,69.0,1.76,100.0,M
Cassidy Johnson,49.0,1.96,115.1,M
Jeremy Edwards,29.0,1.91,100.2,M
Matthew Warren DDS,65.0,1.92,90.5,M
Donna Carr,59.0,1.84,66.1,F
Linda Brewer,44.0,1.65,51.1,M
William Lopez,27.0,1.52,98.6,M
Timothy Lester,63.0,1.97,66.2,F
Charles White,69.0,1.79,110.1,F
Andrew Turner,59.0,1.65,82.6,F
Emily Hull,49.0,1.57,87.1,F
Dr. Carol Sanchez,59.0,1.91,102.8,F
Kathy Perez,43.0,1.92,104.6,M
William Martin,42.0,1.91,95.0,F
Amber Leon,28.0,1.82,115.7,F
Danielle Phillips,40.0,1.68,118.8,F
Tristan Bell,51.0,1.65,116.3,M
Christina Smith,69.0,1.5,107.7,F
Christina Lang,57.0,1.92,99.4,F
Anne Smith,40.0,1.54,96.4,M
Steven Anderson,46.0,1.82,57.3,F
Randall Carpenter,48.0,1.75,69.0,M
Eric Lang,24.0,1.76,50.4,M
Michael Reyes,57.0,1.96,59.6,F
Bianca Smith,50.0,1.52,80.7,M
Charles Moore,38.0,1.89,60.3,F
Christine Thompson,19.0,1.53,113.1,F
Gina Mejia,35.0,1.52,106.4,F
Megan Robertson,64.0,1.71,55.0,M
Travis Stevenson DVM,50.0,1.53,67.4,M
Sandra Richards,54.0,1.89,107.3,M
Andrea Matthews,51.0,1.76,106.2,M
Elizabeth Clements,37.0,1.51,116.2,M
Melissa Glover,52.0,1.52,119.8,F
Nathan Atkins,68.0,1.81,118.3,F
Kevin Perez,67.0,1.9,78.7,F
Ryan Cervantes,35.0,1.72,67.5,M
Kyle Smith,63.0,1.78,103.1,M
Megan Mckinney,41.0,1.9,70.9,M
Deborah Buckley DDS,25.0,1.81,106.4,F
Kenneth Erickson,47.0,1.61,87.4,F
Brad Douglas,61.0,1.81,105.6,M
Alyssa Cantrell,27.0,1.81,69.3,F
Timothy Morris,40.0,1.87,85.6,M
Ryan Austin,69.0,1.81,89.5,F
William Avila,66.0,1.98,116.0,M
Jill Rush,28.0,1.6,68.7,M
Melissa Hayden,19.0,1.98,115.6,F
Julie Howard,43.0,1.77,106.3,F
Jennifer Mason,53.0,1.84,101.2,M
Sandra Carroll,50.0,1.55,105.1,F
Thomas Campbell,64.0,1.69,92.4,F
Carol Davis,30.0,1.88,67.1,F
Shaun King,57.0,1.85,63.3,M
Michael Pitts,42.0,1.52,110.6,F
Douglas Castillo,21.0,1.77,100.8,F
Luis Munoz,59.0,1.54,64.9,F
Laura Bass,36.0,2.0,93.1,F
Dave Trujillo,35.0,1.95,81.3,M
Rebecca Perez,54.0,1.51,61.1,M
Timothy Huber,47.0,1.93,87.2,M
Christopher Davis,36.0,1.96,69.7,F
Dr. Brandy Robinson,40.0,1.68,56.7,M
Meghan Key,33.0,1.86,82.7,F
Harold Meadows,18.0,1.72,91.3,M
Adrian Wilson,29.0,1.83,53.3,M
Timothy Weaver,41.0,1.67,78.1,F
Savannah Watkins PhD,51.0,1.66,68.0,F
William Hayes,25.0,1.71,52.1,F
Allen Foster,,1.57,58.8,M
Joseph Williams,65.0,1.92,59.7,F
Melissa Roberson,22.0,1.67,62.8,F
Kim Mccullough,43.0,1.7,106.2,F
Tony Hutchinson,47.0,1.95,80.8,M
Melissa Davis,30.0,1.75,60.3,F
Marissa Matthews,36.0,1.77,57.0,M
Adam Garcia,46.0,1.98,70.9,M
Elizabeth Burgess,20.0,1.94,105.9,F
Anthony Mccullough,43.0,1.58,75.5,F
Robert Flowers,57.0,1.74,61.2,F
George Riggs,29.0,1.99,78.3,F
Nicole Jones,19.0,1.69,88.9,M
Steven Moreno,28.0,1.69,52.1,F
Cassie Kim,61.0,1.6,93.9,F
Dale Andrade,45.0,1.56,77.7,M
Michael Edwards,35.0,1.87,50.7,M
Rickey Contreras,30.0,1.89,97.2,F
Michelle Miller,54.0,1.98,99.9,F
Jon Owens,39.0,1.89,94.0,F
Jared Hunt,29.0,1.62,73.9,F
Michelle Hinton,19.0,1.52,87.1,F
Robin Fisher,54.0,1.99,77.1,M
Tom Higgins,24.0,1.67,99.0,M
Scott Jones,43.0,1.66,90.9,M
Kevin Osborn,43.0,1.95,55.7,F
Kayla Rodriguez,41.0,1.79,95.0,F
Matthew Ross,29.0,1.61,98.1,F
Bryan Johnson,33.0,1.94,75.9,F
Carl Salinas,40.0,2.0,111.3,M
Cory Mayer,57.0,1.54,109.0,M
Rebecca Juarez,26.0,1.93,62.3,F
Diane Morris,49.0,1.7,113.3,F
Brittany David,32.0,1.76,80.9,F
Seth Ellis,54.0,1.96,100.7,M
Michele Holloway,30.0,1.99,107.0,M
Taylor Archer,22.0,1.63,85.4,F
Michael Horn,28.0,1.61,77.9,F
Amanda Gomez,27.0,1.54,114.1,M
Margaret Perez,69.0,1.78,66.2,F
Hailey Elliott,30.0,1.51,68.0,M
Sarah Lopez,58.0,1.71,75.3,F
Leslie Hurley,63.0,1.54,110.2,M
Austin Allen,67.0,1.7,115.7,F
Chris Wood,32.0,1.52,65.4,M
David Diaz,59.0,1.92,110.5,M
Melissa Gallegos,24.0,1.6,68.1,F
Catherine Le,57.0,1.66,117.9,M
Ashley Calhoun,45.0,1.94,91.8,F
Joseph Daugherty,49.0,1.87,50.5,M
Lori Meyer,52.0,1.61,52.4,F
Steve Kirk,32.0,1.54,60.3,F
Karen Rodriguez,65.0,1.86,63.1,M
Heather Harvey,53.0,1.7,103.7,F
Cynthia Cooper,38.0,1.88,65.6,F
Carolyn Jackson,23.0,1.72,117.8,F
Paul Sloan,18.0,1.67,94.5,F
Laura Martinez,21.0,1.73,98.5,M
Amy Cunningham,28.0,1.87,65.2,M
David Lewis,61.0,1.95,112.5,F
James Weaver,43.0,1.52,96.7,M
Billy Pierce,54.0,1.76,110.5,F
Dennis Price,40.0,1.52,117.0,F
David Houston,46.0,1.73,58.8,F
Christopher Ochoa,38.0,1.94,56.8,M
Craig Taylor,65.0,1.68,106.2,F
Christopher Maxwell,62.0,1.97,110.6,F
Eric Hernandez,62.0,1.82,90.9,M
Daniel Boyle,66.0,1.97,75.6,F
Danielle Jacobson,44.0,1.88,95.7,M
Melissa King,56.0,1.55,71.4,M
Mark Campbell,57.0,1.62,66.7,M
Amy Peck,30.0,1.7,84.2,F
Jonathan Ochoa,40.0,1.59,65.1,F
Stephanie Leach,33.0,1.75,83.9,F
Brian Hayes MD,47.0,1.74,117.0,F
Olivia Johnson,21.0,1.98,108.8,F
Michelle Kramer,57.0,1.72,115.9,F
Christine Brown,33.0,1.89,106.4,F
Sandra Collins,48.0,1.97,74.8,F
Jesse Miller,59.0,1.94,106.8,F
Mr. Andrew Simmons DDS,42.0,1.6,114.6,F
Michael Harrison,61.0,1.75,116.3,F
Nathaniel Lawrence,29.0,1.67,97.8,F
Cindy Smith,43.0,1.7,64.8,M
Austin Hood,54.0,1.68,52.8,M
Michael Richards,65.0,1.91,60.3,F
Elizabeth Miller,50.0,1.73,117.6,F
Aaron Reyes,45.0,1.76,82.3,M
Brian Henry,26.0,1.99,109.8,M
Brian Parker,29.0,1.53,82.6,F
Vanessa Oliver,22.0,1.74,96.3,F
Brittany Johnston,69.0,1.89,51.7,F
Phyllis Rogers,45.0,1.58,67.5,F
David Frank,52.0,1.81,80.5,F
Samuel Harvey,22.0,1.62,94.1,M
Marie Hill,51.0,1.93,62.0,F
David Miller,63.0,1.66,103.5,M
Brianna Ellison,51.0,1.66,75.5,M
Mary Jenkins,30.0,1.8,107.2,F
Matthew Wright,56.0,1.59,56.9,F
Dale Colon,59.0,1.64,97.6,M
Christopher Valentine,62.0,1.71,70.5,F
Courtney Garcia,65.0,1.68,105.7,M
Anne Kim,31.0,1.76,78.2,M
Lori Osborne,28.0,1.8,96.6,F
Timothy Gordon,59.0,1.78,115.4,F
David Harper,55.0,1.83,51.4,F
Haley Figueroa,21.0,1.65,50.8,M
Sara Hill,50.0,1.56,103.9,M
Kimberly Garcia,24.0,1.88,95.2,M
George Thompson,58.0,1.93,70.5,F
Jennifer Smith,25.0,1.63,84.6,M
Joseph Lutz,54.0,1.7,52.9,F
Megan Washington,68.0,1.75,63.5,F
Kathleen Coleman,27.0,1.77,79.7,M
Lisa Berry,60.0,1.83,108.4,F
Jaime Wagner,32.0,1.52,83.6,M
Heidi Oconnell,55.0,1.86,91.0,F
Autumn Jones,32.0,1.53,111.2,F
Pamela Douglas,22.0,1.73,71.6,M
Tina Mcdaniel,46.0,1.91,99.0,F
Charles Taylor,36.0,1.73,110.3,M
Keith Wilson,68.0,1.57,64.2,F
Colleen Hahn,27.0,1.99,75.0,M
Robert Holland,29.0,1.94,118.6,M
Gregory Anderson,21.0,1.89,118.8,F
Jacqueline Suarez,48.0,1.71,65.6,F
Douglas Garcia,35.0,1.59,54.7,M
Bryce Roberson,33.0,1.97,69.0,M
Jennifer Griffith,57.0,1.77,77.8,M
Andrea Moran,53.0,1.93,80.9,M
Raymond Estrada,42.0,1.67,93.3,F
Larry Anderson,40.0,1.67,113.0,F
Rachel Erickson,29.0,1.99,73.1,F
Emma Jackson,51.0,1.76,109.5,F
Lisa Hoover,53.0,1.57,56.5,F
Austin Hernandez,54.0,1.61,52.9,M
Randy Thompson,20.0,1.74,85.3,M
Thomas Burns,26.0,1.52,54.2,F
William Roth,35.0,1.73,77.5,F
Sarah Boyer,60.0,1.71,112.8,M
Nicole Sanchez,52.0,1.89,66.9,F
Jessica Cunningham,51.0,1.68,99.4,F
David Newton,58.0,1.99,71.2,M
Melissa Molina,31.0,1.59,53.1,F
John Rodriguez,21.0,1.8,89.0,F
David Todd,46.0,1.54,108.4,F
Anna Pittman,58.0,1.87,78.7,F
Valerie Palmer,62.0,2.0,93.2,M
Robert Lee,67.0,1.91,113.0,F
Katie Phillips,32.0,1.78,105.3,F
Brian Orr,45.0,1.74,63.6,M
Stefanie Spencer,59.0,1.92,101.3,M
Francisco Bailey,33.0,1.97,85.1,M
Brian Carney,29.0,1.99,102.2,F
Matthew Sims,69.0,1.7,84.6,M
Tina Ray,22.0,2.0,59.0,M
Holly Ball,51.0,1.58,89.9,F
Brent Brewer,59.0,1.63,84.4,M
Adrian Carr,18.0,1.54,86.3,F
Laura Long,56.0,1.64,111.5,F
Andrea Shelton,49.0,1.88,112.6,F
Sarah Adams,43.0,1.93,81.7,M
Mrs. Debra Obrien,34.0,1.89,81.9,F
Christine Carpenter,65.0,1.82,86.1,M
Ricky Barnes,44.0,1.76,86.4,M
Terry Burns,41.0,1.85,116.5,F
Ariana Brown,52.0,1.7,95.5,F
Paul Roberts DVM,63.0,1.92,69.4,M
Richard Foster,59.0,1.84,87.2,F
Jordan Nguyen,56.0,1.85,93.9,M
Jack Martinez,43.0,1.77,94.8,M
Juan Blankenship,66.0,1.94,91.0,M
Jeffrey Dickerson,55.0,1.63,62.4,M
Jesse Estes,40.0,1.69,52.4,M
Judy Paul,39.0,1.89,73.6,M
Michael Gomez,21.0,1.75,79.9,F
Emily Garcia,66.0,1.94,54.3,M
Ashley Wiggins,26.0,1.67,107.0,M
Alexandra Pearson,21.0,1.68,74.1,F
Aaron Greene,24.0,1.94,114.0,F
Amber Norton,40.0,1.73,60.8,M
Jason Maldonado,19.0,1.76,54.0,M
Lauren Marks,66.0,1.67,83.8,M
Jeremiah Gray,41.0,1.64,63.2,F
Hannah Ritter,57.0,1.83,115.6,M
Richard Mullins,48.0,1.56,50.7,M
Brian Lewis,64.0,1.94,78.9,F
Michael Pierce,48.0,1.89,114.9,F
Robert Walters,64.0,1.6,76.9,F
Cynthia Lopez,57.0,1.85,56.5,M
Richard Castro,65.0,1.8,71.2,F
Derek Bell,68.0,1.59,84.9,M
Tara Mathis,60.0,1.64,63.0,F
Melissa Rodriguez,51.0,1.7,82.7,F
Theresa Hall,41.0,1.85,108.5,M
Mary Cooper,66.0,1.82,111.1,M
Michael Jones,43.0,1.77,53.4,F
George Johnson,33.0,1.88,61.3,M
Lauren Nelson,64.0,1.88,69.3,M
Kayla Hamilton,30.0,1.81,91.6,F
Dawn Jefferson,32.0,1.89,75.3,M
Holly Young,44.0,1.67,109.1,M
Cynthia Frye,21.0,1.94,100.2,F
Wanda Hernandez,33.0,1.81,57.0,M
Crystal Vang,47.0,1.91,93.7,M
Kim Baker,61.0,1.77,57.9,M
Justin Garcia,47.0,1.61,67.9,F
Kurt Silva,53.0,1.77,62.5,M
Sarah Martin,20.0,1.69,62.1,M
Jessica Ibarra,39.0,1.85,93.1,M
Sara Roach,66.0,1.74,89.5,M
Kristina Palmer,39.0,1.92,62.3,M
Jennifer Cowan,67.0,1.84,119.3,F
Mark Francis,67.0,1.84,79.5,M
Wayne Mason,66.0,1.61,56.8,F
Lauren Butler,29.0,1.99,58.4,M
Crystal Ortega,38.0,1.92,90.9,F
Maria Ward,21.0,1.89,118.5,M
Christopher Walker,48.0,1.67,90.0,F
Sarah Butler,61.0,1.77,116.4,M
Douglas Anderson,48.0,1.57,81.1,M
Erica Miller,40.0,1.77,80.5,M
Maria Stanley,37.0,1.57,85.0,M
Kathleen Andrade,32.0,1.78,98.8,F
Michelle Brown,40.0,1.82,75.7,M
Caroline Holt,45.0,1.7,110.5,M
Rebecca Walker DVM,33.0,1.75,52.0,M
Henry Barnes,54.0,1.94,80.8,M
Dr. Denise Andrade,38.0,1.55,85.8,F
Natasha Carr,32.0,1.9,92.5,M
Peter Higgins,34.0,1.59,69.3,M
Jennifer Robinson,67.0,1.52,79.9,M
Andrew Berg,54.0,1.59,83.9,M
Stephanie Drake,30.0,1.88,98.1,F
Amy Nguyen,36.0,1.7,104.1,M
Anna Stephens,47.0,1.94,101.6,F
Martin Dalton,62.0,1.76,73.9,M
Craig Phillips,35.0,1.51,120.0,F
Kayla Reed,31.0,1.86,109.4,F
Brent Dawson,53.0,1.56,68.2,M
Jill Watts,53.0,1.89,63.7,M
Janet Miller,37.0,1.58,72.0,M
Alexandra Vasquez,69.0,1.67,81.7,M
Eileen Clarke,36.0,1.88,109.6,F
Elizabeth Willis,62.0,1.98,104.5,F
Craig Henderson,61.0,1.69,109.6,F
Sonia Chambers,24.0,1.91,69.0,F
Joanna Buck,61.0,1.6,91.5,M
Ryan Turner,21.0,1.9,69.8,M
Selena Tyler,51.0,1.83,57.6,F
Christopher Murphy,19.0,1.6,97.9,M
Jacob Powell,22.0,1.65,60.0,F
Casey Cunningham,27.0,1.57,96.7,F
Andrew Armstrong,49.0,1.69,95.4,F
Ashley Bright,59.0,1.6,106.7,M
Charles Chase,58.0,1.82,59.8,F
Michael Houston,30.0,2.0,104.8,F
Jeremiah Brown,56.0,1.51,119.9,F
Emily Pena,22.0,1.77,109.6,M
Henry Hutchinson,27.0,1.79,102.6,M
Jessica Brown,27.0,1.96,96.4,F
Brittany Phillips,55.0,1.75,79.5,M
Jeffery Greer,44.0,1.77,101.1,M
Tammy Velasquez,68.0,1.74,100.7,M
Anita Webb,38.0,1.63,94.2,M
Mark Williamson,25.0,1.53,105.7,F
Sarah Harris,18.0,1.7,81.4,F
Kelli Zimmerman,45.0,1.53,58.5,F
Daniel Rodriguez,66.0,1.78,89.1,F
Robert Sawyer,56.0,1.65,68.6,M
Doris Harvey,31.0,1.77,76.9,F
Edward Simmons,38.0,1.57,51.2,M
Adam Wilkins,47.0,1.97,76.8,F
Christopher Taylor,38.0,1.95,106.6,F
Lauren Long,66.0,1.59,88.0,M
Amy Morris,26.0,1.67,50.7,F
Emily Raymond,34.0,1.81,82.9,M
Tracey Olsen,22.0,1.55,70.4,F
Adrienne Hill,48.0,1.68,83.4,F
Kristen Powers,69.0,1.63,78.3,M
Rebecca Simpson,57.0,1.96,115.2,F
Robert Waters,55.0,1.93,52.9,M
Steven Campbell,60.0,1.79,97.9,M
Andrew Bell,36.0,1.76,109.6,F
Steven Murphy,53.0,1.97,117.1,F
Danielle Martinez,67.0,1.97,62.4,M
Sharon Wright,50.0,1.98,87.2,F
Anthony Bell,30.0,1.56,53.1,F
Diana Allen,31.0,1.58,84.9,M
Mr. Victor Green,50.0,1.84,58.8,M
Richard Mercado,46.0,1.77,108.7,F
Joy Hart,60.0,1.51,58.0,M
Amy Johnson,66.0,1.53,85.9,F
Heather Rojas,53.0,1.94,86.5,F
Brady White,61.0,1.93,118.0,F
Jeffrey Salazar,27.0,1.68,95.8,M
Steven Welch,48.0,1.95,70.1,M
Adam Jordan,23.0,1.8,66.9,F
Kyle Cox,18.0,1.9,59.0,M
Dr. James Guerrero,24.0,1.71,103.0,M
Tyler Lawson,44.0,1.56,98.4,M
Ryan Warner,38.0,1.72,92.7,M
Robert Schmidt,45.0,1.73,52.9,M
Chelsea Moore,33.0,1.78,103.4,F
Erik Butler,63.0,1.55,94.9,M
Caitlin Porter,40.0,2.0,117.5,M
Jonathon Williams,69.0,1.62,91.1,M
Christopher Medina,37.0,1.6,71.3,F
David Price,55.0,1.76,76.7,F
Kristin Jennings,42.0,1.77,62.3,M
Andrew Taylor,45.0,1.72,100.6,F
Christina Velazquez,22.0,1.89,99.5,M
Brandon Cox,38.0,1.76,64.0,F
Troy Cooper,35.0,1.8,61.1,F
John Harris,64.0,1.86,55.4,M
Denise Carter,23.0,1.51,113.8,F
Alison Sexton,46.0,1.79,66.3,M
Sabrina Barnes,36.0,1.94,74.1,M
William Espinoza,50.0,1.51,69.6,F
Anthony Perez,18.0,1.7,79.0,F
Roberta Cortez,62.0,1.96,100.0,F
Carolyn Anderson,20.0,1.68,110.9,M
Christopher Hunt,59.0,1.73,62.8,M
Christine Martinez,38.0,1.99,98.0,M
Michael Miller,52.0,1.6,74.7,F
David Meyers,58.0,1.53,118.6,F
Francis Suarez,57.0,1.93,70.9,F
Michelle Payne,20.0,1.93,50.5,F
Benjamin Zuniga,42.0,1.74,86.1,M
Shannon Scott,62.0,1.76,60.6,F
James Lynch,55.0,1.92,53.1,M
Joshua Hodges,62.0,1.87,98.9,M
Holly Garrison,37.0,1.63,101.3,M
Matthew Taylor,69.0,1.51,82.2,F
John Mays,61.0,1.74,97.4,F
Michelle Howell,62.0,1.93,87.7,F
Christina James,51.0,1.95,94.1,F
Daniel Atkins,38.0,1.98,91.8,F
Mike Jackson,65.0,1.94,96.6,F
Mark Robles,40.0,1.79,64.0,F
Brian Thompson,23.0,1.72,68.8,F
Joshua Mckinney,68.0,1.89,80.8,F
Amber Weiss,30.0,1.87,81.2,F
Angel Rocha,66.0,1.77,104.2,F
Joseph Dawson,40.0,1.54,75.7,F
Sean Brown,26.0,1.96,61.4,F
Cheryl Gonzalez,34.0,1.73,67.6,F
Michael Howard,19.0,1.68,65.0,M
Mrs. Kathryn Weiss,36.0,1.81,101.2,M
Victor Hinton,36.0,1.84,82.9,M
Becky Russo,24.0,1.61,99.6,F
Jonathan Cortez,59.0,1.92,79.1,M
Joel Doyle,59.0,1.64,112.3,F
Stacy Waters,37.0,1.59,118.8,F
Toni Mejia,26.0,1.7,96.9,M
Julia Turner,34.0,1.87,110.5,F
Michelle Adams,44.0,1.98,85.6,F
Rachel Reid,64.0,1.9,115.4,F
Charles Lucas,19.0,1.97,108.2,F
Ricardo Acosta,53.0,1.57,119.4,M
Jennifer Hughes,36.0,1.54,93.6,F
Adam Jones,34.0,1.78,104.5,M
Courtney Davis,22.0,1.65,88.0,M
David Lewis,56.0,1.91,68.1,F
Matthew Chavez,35.0,1.84,74.8,M
Jennifer Roberson,24.0,1.99,112.6,F
Nathan Harper MD,34.0,1.63,53.9,F
Kevin Cameron,56.0,1.74,91.4,M
Vincent West,53.0,1.75,76.1,M
Madison Wilson,57.0,1.62,77.1,M
Jean Calhoun,62.0,1.8,111.9,F
Kara Singh,21.0,1.72,109.8,M
Mary Walker,55.0,1.72,91.9,M
Kyle Rodgers,42.0,1.68,69.1,M
Christian Henson,22.0,1.51,83.3,F
Patrick Howard,47.0,1.76,78.6,F
Kevin Clark,29.0,1.67,74.8,M
Stephanie Barton,21.0,1.5,57.2,M
Patricia Steele,41.0,1.65,88.0,M
Robert Cross,46.0,1.64,71.1,F
James Blair,26.0,1.7,96.3,F
Holly Miranda,21.0,1.57,72.3,F
Ronnie Miller,68.0,1.75,80.2,F
Rebecca Ryan,41.0,1.85,53.7,F
Amanda Fitzgerald,31.0,1.82,119.5,M
Anthony Montgomery,22.0,1.9,85.5,M
Megan Townsend,35.0,1.73,51.7,F
Michael Henderson,59.0,1.76,87.9,F
Renee Jackson,36.0,1.91,110.9,M
Devin Garcia,29.0,1.71,104.1,M
Aaron Thomas,35.0,1.85,99.1,M
Edward Simmons,34.0,1.72,59.8,M
Miss Jeanne Mata DDS,47.0,1.71,96.0,
Luis Grant,41.0,1.88,103.6,M
Janice Hill,28.0,1.59,90.1,M
Edward Adams,52.0,1.67,112.5,M
Ronald Manning,40.0,1.61,69.4,M
Mark James,34.0,1.68,67.0,M
Shari Carter,18.0,1.62,110.9,M
Raymond Keller,32.0,1.79,93.8,F
Joshua Mclean,49.0,1.9,50.1,F
Danielle Lopez,26.0,1.89,74.7,F
Jessica Lang,32.0,1.68,110.0,M
Miss April Johnson,45.0,1.99,51.9,M
Dr. Jeremiah Dixon,41.0,1.8,50.2,F
Jennifer Johnson,52.0,1.7,69.7,F
Victoria Lane,39.0,1.92,114.0,M
Joseph Rodriguez,44.0,1.86,113.1,M
Rachel Munoz,36.0,1.87,86.3,M
Christopher Murray,62.0,1.6,88.7,F
Alyssa Garcia,29.0,1.73,73.2,M
Kimberly Curtis MD,37.0,1.93,67.1,M
Mary Fisher,18.0,1.75,107.1,M
Chelsea Lutz,38.0,1.84,57.4,M
Stephanie Rocha,66.0,1.79,84.1,F
Kimberly Smith,62.0,1.92,94.4,F
Benjamin Garcia,18.0,1.64,57.3,M
David Brown,27.0,1.79,86.4,F
Manuel Rodriguez,64.0,1.56,90.4,F
Jack Blair,49.0,1.85,102.0,M
Vanessa Wyatt,56.0,1.87,66.4,F
Ann Mclaughlin,39.0,1.52,70.5,M
David Ortiz,35.0,1.84,89.9,M
Richard Estrada,65.0,1.71,118.8,F
Tiffany Evans,63.0,1.56,65.2,M
John Romero,49.0,1.71,119.0,M
Laura Perez,44.0,1.6,100.0,M
Jessica Ross,45.0,1.71,107.8,M
Mrs. Tiffany Williams,35.0,1.69,56.3,F
James Wood,56.0,1.87,71.0,M
Richard Patton,66.0,1.89,54.0,F
Courtney Morse,46.0,1.8,76.0,F
Alexis Chang,35.0,1.51,118.7,F
Peter Williams DDS,61.0,1.97,57.4,M
Rebecca Acevedo,25.0,1.84,89.4,F
Holly Vazquez,48.0,1.52,50.4,F
Michael Lawson,51.0,1.91,99.9,F
Max Smith,24.0,1.6,63.8,F
Anthony Tran,53.0,1.79,59.1,F
Diana Price,35.0,1.73,73.6,F
Hailey Johnson,55.0,1.71,104.0,F
Jennifer Foster,26.0,1.94,57.5,M
Aaron Hernandez,26.0,1.72,66.1,M
Dr. Chelsea Adams,63.0,1.54,50.6,F
Michael Watson,25.0,1.97,117.8,F
Terrance Thomas,68.0,1.96,91.5,M
Patrick Brown,52.0,1.84,100.4,F
April Palmer,35.0,1.73,95.6,F
Melissa Villanueva,22.0,1.55,60.1,M
William Burton,31.0,1.9,91.6,F
Joshua Bender,45.0,1.54,59.2,F
Shawn Thomas,47.0,1.53,78.1,F
Jessica Lucas,21.0,1.77,89.8,F
Susan Barnes,56.0,1.58,89.1,M
James Thompson,37.0,1.5,58.3,F
Alyssa Bates,42.0,1.71,52.4,F
Karen Johnson,45.0,1.57,105.9,M
Theresa Woodard,29.0,1.58,100.8,M
Rachel Anderson,19.0,1.54,55.7,F
Tammy Sanders,60.0,1.6,58.9,F
Michael Ford,31.0,1.86,112.5,F
Robert Gonzalez,39.0,1.9,103.8,F
Michael Miller,48.0,1.73,119.7,F
Paul Andrade,40.0,1.75,67.8,F
Jeffery Bailey,65.0,1.52,84.1,F
Melissa Cantrell,37.0,1.53,66.6,M
Dennis Moreno,55.0,1.63,93.6,M
Amy Martinez,21.0,1.77,58.1,F
Scott Franklin,32.0,1.87,58.9,F
Tracy Ruiz,41.0,1.8,55.0,F
Jason Cannon,42.0,1.7,98.6,F
William Castillo,18.0,1.56,84.6,F
Sonya Ayala,24.0,1.89,93.2,F
Allison Bennett,48.0,1.68,111.6,M
Daniel Lee,29.0,1.87,101.8,M
Daniel Adkins,59.0,1.76,82.3,F
Juan Mccormick,22.0,1.87,118.9,F
Timothy Brewer,61.0,1.95,81.9,F
Isabel Ramos,67.0,1.96,57.9,M
Brian Ryan,59.0,1.77,119.5,M
Kathleen Nunez,55.0,1.76,51.6,M
Cynthia Martinez,29.0,1.63,88.5,F
George Welch,56.0,1.97,71.6,M
Austin Brady,35.0,1.73,85.2,F
Jason Kelley,19.0,1.56,89.1,F
Mrs. Regina Strickland,27.0,1.72,66.8,F
John Martin,32.0,1.56,89.0,F
Thomas Woods,47.0,1.75,102.9,M
Joel Jackson,61.0,1.78,68.7,F
Christina Brown,34.0,1.67,76.8,F
Nicholas Sanchez,21.0,1.54,68.8,M
Dr. Sharon Diaz PhD,24.0,1.97,107.4,F
Debra Long,58.0,1.89,100.7,F
Kyle Braun,48.0,1.92,111.0,F
Christine Brewer,68.0,1.68,61.9,M
Deborah Woodard,56.0,1.88,55.2,F
Mary Massey,51.0,1.74,58.4,F
Jill Jennings,23.0,1.6,61.3,M
Heidi Brown,67.0,1.56,87.3,F
Alexander Nunez,55.0,1.67,118.0,F
Hunter Andrews,62.0,1.57,75.0,F
Wanda Smith,68.0,2.0,117.1,F
Andre Greer,51.0,1.52,52.7,M
Kelsey Richards,61.0,1.72,114.9,M
Brett Moran,32.0,1.73,62.7,F
Rachel Cruz,31.0,1.65,113.9,M
Megan Smith,23.0,1.79,53.9,F
Robert Anderson,67.0,1.57,116.4,F
Sean Walton,54.0,1.89,64.1,M
Michael Little,67.0,1.67,71.2,F
Joshua Wilkerson,49.0,1.8,84.4,F
Katherine Klein,20.0,1.86,76.7,F
Tammy Gonzalez,20.0,1.94,96.7,F
William Franklin,39.0,1.92,118.2,M
Jody Chang DDS,39.0,1.8,92.4,M
Pamela Woodard,27.0,1.69,100.5,M
Sue Graham,68.0,1.75,56.2,M
Clifford Jacobs,20.0,1.88,93.9,M
Brian Harding,29.0,1.94,81.8,F
Mark Jones,46.0,1.55,112.0,M
Vanessa Wiggins,65.0,1.69,77.2,M
Brandon Henson,34.0,1.89,97.6,F
Amber Sanchez,24.0,1.72,66.0,F
Miguel Larson,30.0,1.67,68.2,F
Elizabeth Whitney,19.0,1.71,76.3,F
Cindy Summers,21.0,1.8,71.3,F
Catherine Mcclain,27.0,2.0,67.8,M
Paul Santiago,56.0,1.75,53.5,M
Taylor Sanchez,41.0,1.6,108.6,M
Tiffany Blanchard,34.0,1.58,54.5,F
Regina Boyd,69.0,1.52,112.1,M
Toni Kennedy,23.0,1.78,58.8,F
April Donovan,36.0,1.77,54.6,M
Chad Rogers,22.0,1.6,89.4,F
Joshua Bowman,49.0,1.85,85.2,M
Amanda Cross,27.0,1.87,84.4,M
Kendra Jordan,26.0,1.63,90.2,F
Andrew Blackwell,44.0,1.67,70.1,F
Denise Morton,30.0,2.0,96.4,F
Keith Davis,36.0,1.69,85.2,M
Thomas Jones,38.0,1.88,73.4,F
Alyssa Randolph,41.0,1.73,107.9,F
Christopher Jones,55.0,1.9,100.9,F
David Johnson,21.0,1.88,77.6,M
Emily Johnson,41.0,1.83,109.3,F
James Dominguez II,52.0,1.93,114.4,M
Jessica Smith,20.0,1.97,87.6,M
Anna Gonzalez,21.0,1.79,65.0,M
Elizabeth Rodriguez,54.0,1.62,114.1,F
Daniel Meyers,57.0,1.7,63.3,M
Austin Cardenas,65.0,1.88,53.4,F
Patricia Scott,52.0,1.83,72.9,F
Richard Pope,48.0,1.59,100.9,F
Robert Anderson,61.0,1.53,114.6,M
David Hayes,42.0,1.84,94.6,M
Brianna Arroyo,57.0,1.63,116.6,M
Mrs. Natasha Bender,30.0,1.75,56.5,F
Stephanie Wright,21.0,1.87,54.3,F
Joel Owens,63.0,1.78,92.3,M
Casey Rodriguez,31.0,1.54,117.6,M
Anna Smith,30.0,1.59,85.2,F
Rebecca Thompson,44.0,1.61,53.6,F
Robert Cisneros,23.0,1.63,65.5,F
Danny Allen,34.0,1.78,67.1,F
Michael Martinez,53.0,1.75,73.6,M
Michael Wells,57.0,1.6,53.1,M
Luke Hess,66.0,1.53,113.3,F
Mr. Melvin Rush,52.0,1.59,86.1,M
Nicole Riley,34.0,1.99,97.0,M
Ellen Novak,58.0,1.73,54.7,F
Shannon Hunter,19.0,1.93,53.8,F
Stephanie Johnson,30.0,1.92,91.1,M
Philip Elliott,69.0,1.76,112.1,F
Derek Wright,19.0,1.85,87.0,M
Willie Patton,69.0,1.6,111.4,F
Ricardo Nelson,45.0,1.84,106.8,M
Daniel Lopez,60.0,1.64,55.3,F
Travis Rowland,43.0,1.92,64.1,M
David Hill,39.0,1.54,96.0,F
Samantha Adams,64.0,1.89,81.0,F
Jacob Trevino,60.0,1.55,70.3,F
Lindsay Martinez,20.0,1.94,79.3,F
Ana Williams,52.0,1.65,81.2,F
Ronald Russell,29.0,1.83,113.7,M
Christopher Noble,41.0,1.74,57.2,M
Mason Cruz,22.0,1.68,69.6,F
Kimberly Rangel,37.0,1.82,87.6,M
Valerie Garcia,56.0,1.97,98.9,M
Courtney Pruitt,56.0,1.52,94.1,F
Dwayne Nelson,30.0,1.96,115.9,M
Courtney Brooks,58.0,1.8,105.7,M
Jeffery Nunez,62.0,1.9,89.0,M
Bonnie Davis,29.0,1.69,65.0,M
Kevin Combs,30.0,1.74,81.6,F
Joanna Brown,27.0,1.93,98.5,M
Kelly Hernandez,50.0,1.71,108.7,M
Albert Butler,57.0,1.77,117.2,M
Jessica Harris,33.0,1.51,92.4,M
Robert Gonzales,62.0,1.58,86.9,F
James Barber,52.0,1.82,51.2,M
Gregory Stewart,20.0,1.86,55.0,F
Taylor Snow,22.0,1.79,60.9,F
Janice Snow,43.0,1.57,53.8,F
Rachel Smith,28.0,1.72,78.1,F
Joseph Stevenson,24.0,1.68,73.6,F
Deborah Trujillo,27.0,1.75,94.6,M
Paul Johnson,59.0,1.94,87.5,M
Darryl Church,69.0,1.89,91.7,F
James White,51.0,1.54,83.0,F
Matthew Holland,20.0,1.95,69.4,M
Brandon Graham,25.0,1.74,116.7,M
Anthony Martin,48.0,1.87,56.0,F
Martin Russell,28.0,1.57,115.7,M
Tamara Chase,62.0,1.84,71.8,M
James Taylor,24.0,1.62,85.9,F
James Fernandez,62.0,1.72,57.6,F
Jennifer Mills,19.0,1.51,55.0,F
Emily Sandoval,23.0,1.58,80.1,F
Joanne Sanchez,58.0,1.55,101.9,F
Ryan Jones,49.0,1.62,68.9,M
Susan Lee,37.0,1.55,89.4,F
Martin Hughes,51.0,1.85,69.5,M
Mark Quinn,67.0,1.51,77.2,F
Alexander Martinez,33.0,1.81,113.5,F
Betty Townsend,42.0,1.57,109.9,F
Philip Ramirez,29.0,1.97,86.1,F
Katrina Martinez,24.0,1.97,66.7,F
Spencer Davis,56.0,1.61,63.5,F
Taylor White,34.0,1.81,116.8,M
Carl Smith,62.0,1.51,64.2,F
Melissa Thomas,28.0,1.97,106.6,F
Stephen Robinson,23.0,1.76,75.8,M
Amy Davis,40.0,1.52,119.0,M
Jonathan Gonzalez,44.0,1.67,75.8,F
Heather Greer,63.0,1.54,74.6,M
Brittany Morales,23.0,1.7,94.6,M
Jeremy Hall,55.0,1.83,117.3,F
Carly Forbes,19.0,1.73,118.3,F
Robert Davis,39.0,1.69,99.5,M
Jenna Harris,37.0,1.56,102.8,F
Sarah Wolfe,42.0,1.62,89.4,M
Claudia Parker,32.0,1.55,102.9,M
Andrew Gay,66.0,1.9,110.2,M
David Wood,46.0,1.57,84.0,M
Theresa Padilla,25.0,1.8,93.4,F
,54.0,1.67,87.6,F
William Castro,66.0,1.61,89.4,F
Edward Ortega,69.0,1.82,112.3,F
Jeffrey Gonzalez,50.0,1.73,74.9,F
Theresa Krause,39.0,1.7,64.6,F
Jill Burton,67.0,1.8,81.9,F
Denise Hammond,64.0,1.75,64.6,F
Jodi Robinson,22.0,1.65,84.9,F
Amanda Cameron,56.0,1.78,113.2,F
Carla Bond,35.0,1.83,93.2,F
Alison Wall,55.0,1.51,109.9,F
Nicole Allen,54.0,1.73,61.6,M
Ashley Jacobs,47.0,1.53,113.1,F
Noah Griffith,68.0,1.59,92.1,F
Laurie Cox,48.0,1.78,52.2,F
Charles Jenkins,27.0,1.93,94.3,F
Michael Lucas,32.0,1.94,116.6,F
Jill Sanders,59.0,1.53,55.5,M
Victoria Blevins,65.0,1.71,90.8,M
Brandon Martin,61.0,1.79,114.1,F
Kelly Banks,35.0,1.57,50.7,F
Shannon King,40.0,1.88,94.2,F
Grace Rodriguez,50.0,1.87,83.2,M
Joseph Marks,33.0,1.95,74.3,F
Elizabeth Rodriguez,55.0,1.5,93.9,F
Stephanie Bautista,52.0,1.61,53.7,M
Brandy Elliott,51.0,1.91,102.7,M
Joshua Rojas,45.0,1.84,50.3,F
Kathleen Mcintyre,19.0,1.95,71.5,F
Holly Reynolds,47.0,1.53,85.3,M
Heather Freeman,30.0,1.8,76.4,F
John Orr,58.0,1.78,71.5,F
Jason Hopkins,33.0,1.52,108.2,M
Anthony Payne,22.0,1.76,115.4,F
Steven Ward,45.0,1.8,111.2,M
Jessica Hensley DVM,56.0,1.6,86.6,F
Anthony Matthews,62.0,1.64,111.9,F
Meredith Lucas,37.0,1.82,114.5,M
Lisa Kent,41.0,1.73,78.6,M
Jasmine Bell,44.0,1.93,69.8,M
Earl Kennedy,47.0,1.67,56.9,M
Elizabeth Lee,62.0,1.63,83.5,M
Pamela Cooper,44.0,1.99,116.2,M
Yvonne Hancock,43.0,1.96,89.3,M
Isaiah Stevens,24.0,1.51,96.7,M
Michael Hull MD,59.0,1.89,57.9,M
Patricia Davidson,64.0,1.56,60.0,F
Andrea Jarvis,55.0,1.51,82.5,F
Alex Hernandez,22.0,1.64,116.6,M
Courtney Morris,40.0,1.63,75.3,F
Janice Lee,45.0,1.91,111.4,M
Ashley Oliver,51.0,1.86,58.4,M
Mary Rollins,32.0,1.99,93.2,F
Chad Boyd,49.0,1.86,92.0,M
Tammy Quinn,43.0,1.71,110.2,M
Caleb Burns,65.0,1.85,50.2,M
Ronald Scott,48.0,2.0,63.3,M
Amber Bass,36.0,1.86,65.4,F
Michael Lee,26.0,1.88,116.5,M
Chloe Ruiz,46.0,1.97,60.8,F
Jeffrey Lee,68.0,1.56,52.6,F
Thomas Brown,56.0,1.85,87.4,M
Desiree Zhang,21.0,1.93,87.0,F
Tara Torres,20.0,1.98,109.1,F
Mario Jackson,46.0,1.61,116.4,F
Sylvia Hanson,69.0,1.75,87.7,F
Benjamin Rivas,28.0,1.84,115.1,M
Valerie Anderson,50.0,1.62,100.8,M
Adrian Robinson,55.0,1.8,68.5,M
Eric Ellis,28.0,1.63,115.0,F
Audrey Gonzalez,44.0,1.67,96.7,F
Amanda Walker,50.0,1.72,79.0,M
Katelyn Chavez,38.0,1.76,97.6,F
Maurice Woods,56.0,1.72,78.1,F
Jason Hernandez,48.0,1.75,58.0,M
Lisa Payne,55.0,1.65,100.3,F
Gina Simon,63.0,1.58,107.7,F
Stephanie Long,19.0,1.52,101.0,M
Sean Terry,44.0,1.6,66.0,M
Patricia Evans,53.0,1.79,117.0,M
Jennifer Armstrong,28.0,1.89,51.8,M
Daniel Stephens,64.0,1.58,73.3,M
Amy Page,35.0,1.55,68.2,M
Larry Martin,18.0,1.87,53.4,M
Lindsey Walker,52.0,1.65,78.4,F
Peter Martinez,52.0,1.98,93.6,M
Michael Moran,48.0,1.86,111.8,F
Allison Schmidt,45.0,1.66,119.3,M
Jessica Mcdaniel,56.0,1.64,106.6,F
Ashley Evans,18.0,1.76,82.8,F
Austin Adams,42.0,1.54,100.7,F
Leslie Austin,60.0,1.56,109.1,F
Jay Howard,55.0,1.59,82.6,F
Diane Mckinney,37.0,1.89,105.0,M
Mark Mcclure,20.0,1.76,83.8,M
Bryan Simpson,68.0,1.51,77.1,M
Darlene Johnson,19.0,1.84,86.8,F
Colin Cameron,35.0,1.71,97.3,F
Louis Parks DVM,61.0,1.76,100.9,F
Dawn Carr,27.0,1.61,75.0,M
Connie Salinas,22.0,1.78,90.0,F
Aaron Wilson,26.0,1.99,113.7,F
Terry Brooks,19.0,1.54,118.3,M
Tammy Mcmahon,51.0,1.64,65.9,M
Lucas Banks,55.0,1.62,63.5,M
Stephanie Taylor,48.0,1.62,97.4,F
Lisa Hayes,27.0,1.69,79.0,F
Casey Torres,67.0,1.91,51.7,M
Tyler Jones,29.0,1.96,74.3,F
Ann Smith,53.0,1.6,106.5,F
Yolanda Cunningham,38.0,1.77,105.8,F
Charles Kennedy,66.0,1.82,84.6,F
William Rogers,64.0,1.76,83.1,M
Mr. John Hogan,23.0,1.72,90.6,F
Tyler Arnold,65.0,1.6,65.4,F
Philip Hodges,66.0,1.74,86.8,M
John Doyle,20.0,1.7,50.8,F
Bryan Schneider,27.0,1.9,83.3,F
Russell Parker,22.0,1.88,73.5,M
Jason Carter,63.0,1.57,97.2,F
James Hull,43.0,1.54,94.7,M
Mary Webster,38.0,1.95,76.7,F
Adam Terrell,62.0,1.77,50.5,F
Miss Misty Garcia,43.0,1.93,67.7,F
Philip Hamilton,55.0,1.53,94.3,M
Anthony Cox,61.0,1.76,55.1,F
Chad Wade,43.0,1.77,57.5,F
Amanda Miller,25.0,1.93,95.3,M
Bonnie Hill,22.0,1.55,102.9,F
Daniel Morales,32.0,1.62,72.5,F
Joseph Bryant,33.0,1.7,84.3,F
Bobby Chung,18.0,1.93,116.2,M
Dawn Peterson,33.0,1.97,116.2,M
Barbara Butler,54.0,2.0,71.5,M
Lisa Mcdonald,20.0,1.98,106.7,F
Brooke Hammond,69.0,1.5,91.6,M
Ronald Oneal,64.0,1.52,118.3,F
Kelli Blanchard,48.0,1.57,83.4,M
Catherine Smith,30.0,1.67,104.2,M
April Glover,33.0,1.91,103.8,F
Ernest Roach,60.0,1.95,84.8,M
Shannon Johnson,38.0,1.59,105.7,M
Amy Matthews,19.0,1.81,68.3,F
Richard Bennett,44.0,1.96,58.6,F
Benjamin Aguilar,55.0,1.73,79.8,F
Jennifer Warner,43.0,1.55,116.1,F
Jessica Guerrero,55.0,1.73,85.1,F
Gina Cruz,63.0,1.69,94.5,F
Deborah Ball,42.0,1.79,93.7,F
Mitchell Barnes,28.0,1.72,59.3,F
Zachary Hunter,25.0,1.51,77.3,M
Christina Yoder,25.0,2.0,99.5,F
Crystal Hampton,50.0,1.77,118.0,M
Richard Boyle,24.0,1.74,61.8,F
Frances Rojas,55.0,1.98,78.7,F
Robert Trujillo,38.0,1.58,56.7,M
Samantha Martin,25.0,1.59,67.0,M
Patricia Lloyd,68.0,1.9,76.4,M
Valerie Gonzalez MD,38.0,1.63,87.8,F
Jessica Meyers,37.0,1.9,66.1,F
Teresa Fields,25.0,1.64,65.9,F
Frank Saunders,63.0,1.52,104.4,F
Eric Figueroa,48.0,1.76,117.4,M
Jennifer Davis,67.0,1.6,72.7,F
Jeremy Hall,46.0,1.88,98.2,M
Destiny Powers DVM,65.0,1.82,68.1,F
Charles Baldwin,26.0,1.96,115.0,F
Michelle Bush,32.0,1.89,97.1,M
Alex Carpenter,47.0,1.59,106.2,F
Christine Oconnell,43.0,1.9,53.5,M
Danielle Davis,27.0,1.82,91.9,F
Nicole Gillespie,46.0,1.83,86.9,F
Steven Garcia,33.0,1.92,70.5,F
Daniel Barton,53.0,1.79,68.4,F
Madison Phillips,37.0,1.73,90.6,F
Elizabeth Bell,62.0,1.82,99.5,M
Sheri Ball,54.0,1.65,52.3,F
Carmen Adams,39.0,1.59,89.7,F
Joshua Smith,24.0,1.81,61.9,F
Amy Baker,40.0,1.62,59.8,F
Christy Wilson,58.0,1.54,93.6,M
Mark Luna,57.0,1.5,71.8,F
Robert Carrillo,46.0,1.8,80.9,M
Sean Fischer,33.0,1.68,75.2,M
Elizabeth Nelson,55.0,1.88,95.4,M
Stephen Wade,45.0,1.69,82.9,M
James Singh,65.0,1.74,117.4,M
Craig Dillon,55.0,1.7,74.7,F
Susan Patterson,48.0,1.83,101.8,M
Timothy Rogers,31.0,1.68,68.0,M
Kevin King,50.0,1.98,85.6,M
Jennifer Levy,26.0,1.97,88.7,M
Isaac Bishop,44.0,1.92,73.0,M
Amy Navarro,41.0,1.96,83.0,M
Samuel Foster,30.0,1.72,69.5,F
Brittany King,43.0,1.77,50.4,F
Angela Johnson,46.0,1.87,65.1,M
Stephen Mata,68.0,1.85,99.0,M
Rebecca Rogers,66.0,1.95,104.0,M
Lisa Garrett,60.0,1.86,69.6,M
Sonia Taylor,45.0,2.0,78.6,M
Kimberly Woodward,45.0,1.67,52.6,F
Matthew Lee,25.0,1.92,66.6,F
Pamela Mcmahon,40.0,1.85,104.5,F
Dr. Kimberly Smith,46.0,1.85,92.4,F
Jonathan Simpson,22.0,1.66,64.4,F
Thomas Garner,59.0,1.89,68.0,F
Samuel Winters,24.0,1.95,107.2,M
Diana Bailey,59.0,1.61,64.6,M
Sean Singleton,53.0,1.81,73.4,F
Joshua Cooper,58.0,1.7,96.5,M
Nicolas Duncan,44.0,1.99,89.3,F
Carmen Rogers,63.0,1.74,82.3,F
Charles Cervantes,19.0,1.61,113.0,F
Troy Wright,42.0,1.69,65.4,M
Kathryn Bentley,26.0,1.83,101.9,M
Bruce Holmes,44.0,1.54,61.1,F
Jonathan Richard,18.0,1.8,93.1,M
Rebecca Griffin,40.0,1.97,110.9,F
Jennifer Williams,27.0,1.93,82.1,M
Michael Newman,59.0,1.53,100.7,M
Daniel Hunt,69.0,2.0,107.4,F
Danny Oliver,42.0,1.85,59.5,F
Virginia Ochoa,20.0,1.58,99.4,F
David Ayers,23.0,1.51,114.4,F
Cathy Francis,23.0,1.59,90.3,M
Mr. Edward Davis,19.0,1.92,63.0,F
Charles Lang,35.0,1.51,58.9,M
Justin Day,40.0,1.62,68.2,F
Ashley Stark,19.0,1.88,57.2,M
Glenda Jones,29.0,1.79,85.9,F
Mitchell Hull,39.0,1.89,54.9,F
Todd Williams,54.0,1.87,65.6,F
Allison Burch,37.0,1.53,80.8,M
Glenn Rogers,56.0,1.95,83.2,M
Crystal Phillips,41.0,1.61,89.6,F
Jeffrey Greene,65.0,1.78,99.4,M
Christian Chen,37.0,1.82,53.3,F
Jennifer Vargas,18.0,1.58,55.6,M
David Bryant,18.0,1.99,54.3,F
Beth Hatfield,34.0,1.74,79.6,F
Michael Griffith,18.0,1.53,52.9,M
Michelle Moore,69.0,1.97,102.2,M
Kristie Klein,62.0,1.79,65.6,M
Lisa Graham,47.0,1.85,115.7,F
Kathryn Wilson,58.0,1.76,84.0,M
Miranda Byrd,64.0,1.92,81.2,M
Alexander Jordan,20.0,1.52,104.6,M
Howard Jones,63.0,1.63,99.9,M
Jamie Stafford,28.0,1.73,92.5,M
Thomas Smith,41.0,1.54,115.5,F
Eric Reed,39.0,1.85,79.6,F
Dana Reid,61.0,1.7,106.6,M
Ruben Sandoval,62.0,1.64,76.6,F
Mark Carter,43.0,1.5,108.7,M
Danielle Montoya,30.0,1.86,68.2,M
Samuel Smith,18.0,1.92,70.2,F
Nicholas Gordon,41.0,1.7,97.5,F
Matthew Davies,27.0,1.78,64.9,F
David Nash,52.0,1.61,66.0,F
James Washington,41.0,1.81,71.4,F
Devon Martinez,45.0,1.51,97.5,F
Richard Carter,53.0,1.74,112.3,F
Bruce Koch,33.0,1.82,97.2,M
Matthew Collins,57.0,1.96,107.9,M
Nicole Mitchell,33.0,1.69,88.0,M
Shannon Horn,34.0,1.88,54.8,F
Aaron Roberts,68.0,1.8,57.0,M
Keith Kim,32.0,1.96,88.8,M
Taylor Smith,33.0,1.7,72.9,M
Marcus Mcdonald,32.0,1.66,65.4,M
Dr. Jenna Pacheco,51.0,1.94,82.6,F
Audrey Silva,28.0,1.52,96.7,M
Sandra Sullivan,18.0,1.57,76.9,M
Matthew Kaiser,32.0,1.54,106.2,M
Chad Chen,43.0,1.92,101.7,M
Travis Meza,68.0,1.51,101.4,M
James Hawkins,21.0,1.93,119.0,F
Anthony Haney,60.0,1.73,70.7,M
Joseph Bishop,22.0,1.5,95.1,M
Emily Adams,52.0,1.7,109.9,M
Herbert Buchanan,30.0,1.59,90.6,M
Angela Potts,27.0,1.81,105.3,M
Heather Rice,28.0,1.84,79.0,M
Mr. Michael Price,35.0,1.74,91.3,F
Charles Sanchez,51.0,1.52,53.9,M
Jason Hurley,56.0,1.83,119.0,M
Jennifer Robbins,58.0,1.92,106.0,F
Maria Miller,59.0,1.86,110.8,F
Natasha Velasquez,67.0,1.91,98.6,M
Shannon Rush,40.0,1.6,63.0,M
Elizabeth Osborne,24.0,1.94,52.2,F
Tanya Martin,56.0,1.66,110.5,M
Bradley Berg,20.0,1.51,77.7,F
Wendy Wallace,29.0,1.92,68.5,M
Eric Green,24.0,1.97,89.3,M
Carol Contreras,66.0,1.83,79.5,M
Donna Meyer,43.0,1.62,95.6,F
Matthew Klein,50.0,1.63,83.9,F
Daryl Edwards,54.0,1.73,98.8,F
Andrew Trujillo,65.0,1.95,109.7,F
Lisa Thomas,32.0,1.57,63.7,M
Erin Sanders,19.0,1.91,73.1,M
John Cantu,58.0,1.65,80.6,F
Erica Patterson,24.0,1.9,117.3,F
Catherine Mason,49.0,1.96,75.6,F
Kelly Sawyer,21.0,1.71,76.7,F
Calvin Harris,37.0,1.68,95.7,M
Diana Moore,67.0,1.9,79.3,F
Anthony Morgan,53.0,1.76,116.6,M
Stephen Roberson,49.0,1.84,112.6,F
Benjamin Cooper,45.0,1.81,85.9,M
Gregory Daniels,30.0,1.58,95.1,F
Jody Ferguson,18.0,1.92,54.1,M
Samuel Waters,52.0,1.6,98.7,M
Jennifer Williams,65.0,1.97,99.5,M
Kayla Nelson,47.0,1.63,,M
Matthew Robinson MD,53.0,1.87,65.4,M
Amy Gross,42.0,1.64,114.1,M
Kendra Matthews,33.0,1.66,79.9,M
Emily Adams,36.0,1.66,95.8,M
Melissa Clark,18.0,1.87,52.3,M
April Miranda,22.0,1.78,79.0,F
Kelly Church,68.0,1.94,107.2,F
Jordan Parker,39.0,1.65,77.1,M
Jonathan Franklin,41.0,1.85,92.2,F
Abigail King,60.0,1.88,64.7,F
Jacob Taylor,62.0,1.58,79.2,M
Christopher May,69.0,1.7,114.9,M
Raymond Clark,54.0,1.74,89.7,F
Natalie Walker,53.0,1.68,113.1,M
Emily Hernandez,53.0,1.66,113.1,M
Laura Carter,21.0,1.84,116.1,M
Victoria Gilbert,53.0,1.61,112.7,F
Steven Burke,69.0,1.85,50.2,F
Tony Pierce,35.0,1.97,115.4,F
Richard Owens,67.0,1.78,59.6,M
Shane Sullivan,33.0,1.81,52.8,M
Joseph Lang,58.0,1.53,53.9,M
Natalie Mcknight,35.0,1.93,74.4,M
Joshua Hernandez,39.0,1.64,93.5,M
Jessica Krueger,19.0,1.81,78.2,F
Melanie West,38.0,1.99,51.8,M
Suzanne Cochran,53.0,1.8,83.4,F
Beth Perez,61.0,1.86,80.9,M
Sharon Bennett,56.0,1.72,103.0,F
Eric Ryan,64.0,1.53,69.6,M
Kimberly Anderson,56.0,1.9,65.2,M
Jacob Ross,46.0,1.52,67.9,M
Brian Patterson,43.0,1.85,71.3,M
Peter Mayo,38.0,1.51,91.9,F
Holly Harper,34.0,1.93,83.0,M
Oscar Walton,33.0,1.58,73.6,F
Jacob Harris,48.0,1.76,76.2,F
Jennifer Wagner,68.0,1.8,76.0,F
Cody Rodgers,26.0,1.73,118.1,M
Marc Santos,48.0,1.67,66.3,M
Rebecca Gonzalez,31.0,1.73,107.3,F
Austin Moore,66.0,1.66,99.6,M
Kurt Johnson,54.0,1.72,50.4,F
Kelsey Ochoa,19.0,1.68,119.5,F
Carrie Gibson,69.0,1.78,103.0,M
Christopher Gomez,65.0,1.62,97.8,M
David Steele,63.0,1.99,78.4,F
William Davis,31.0,1.75,88.9,F
Linda Baker,50.0,1.6,67.7,M
Kimberly Wilson,52.0,1.74,52.5,M
Deanna Diaz,56.0,1.93,108.5,M
Samuel Garcia,64.0,1.51,112.8,F
Benjamin Hess,68.0,1.84,61.4,F
Colton Kirby,37.0,1.77,105.1,F
Meagan Eaton,19.0,1.58,101.9,M
Jacqueline Castaneda,68.0,1.91,62.5,F
Jordan Barrett Jr.,58.0,1.68,79.5,F
Yolanda Moore,36.0,1.65,79.6,F
Katrina Davis,54.0,1.91,103.2,M
John Tucker,35.0,1.82,108.6,F
Amber Lowe,33.0,1.95,56.6,M
Jasmine Green,21.0,1.81,89.4,F
Robin Scott,29.0,1.87,103.3,F
Carolyn Bush,46.0,1.92,105.0,M
Alexis Lewis,24.0,1.53,60.4,M
Leslie Palmer,31.0,1.89,86.8,M
Cynthia Johnson,29.0,1.81,110.0,F
Charles Grant,52.0,1.53,72.3,M
Henry Evans,22.0,1.75,79.8,F
Samuel Solomon,34.0,1.54,106.3,F
Richard Thompson,59.0,1.87,56.3,M
Donald Baker,49.0,1.77,110.2,M
Justin Pope,27.0,1.98,71.8,M
Sara Davidson,60.0,1.59,50.1,M
Hannah Porter,34.0,1.8,66.4,F
Thomas Martin,22.0,1.61,56.3,F
Nicole Robinson,62.0,1.81,56.5,M
Tony Collins,59.0,1.86,98.5,M
Stephen Lee,26.0,1.86,65.0,F
Christopher Daniel,66.0,1.91,115.4,F
Shelby Mann,50.0,1.93,86.2,M
Andrew Hanson,53.0,1.54,82.2,F
Kristen Perkins,53.0,1.67,80.4,F
Gail Reid,35.0,1.84,98.5,F
Julie Larson,26.0,1.75,81.7,F
Matthew Davis,46.0,1.6,59.0,F
Jordan Ross,67.0,1.78,111.6,F
Dylan Espinoza,31.0,1.7,80.0,F
Susan Myers,42.0,1.7,55.2,F
Antonio Sanchez,32.0,1.9,87.1,M
Michelle Shaw,23.0,1.7,95.3,F
Angela Reynolds MD,59.0,1.51,69.3,M
Alejandro Fuentes,46.0,1.53,106.0,M
Dr. Elizabeth Fields,32.0,1.93,96.9,M
Kristina Higgins,46.0,1.98,95.5,M
Martin Thompson,21.0,1.84,79.5,M
Jeremy Russell,35.0,1.68,117.3,F
Rachel Ortega,67.0,1.97,69.2,M
Pamela Porter,66.0,1.83,90.4,F
Maria Joseph,61.0,1.92,71.6,M
Allison Rivera,56.0,1.88,102.1,F
Tracy Garcia,33.0,1.69,53.3,F
Kenneth Bird,28.0,1.74,53.2,M
Nicole Lynn,31.0,1.59,106.8,F
Billy Brown,20.0,1.65,80.4,M
Robert Martin,68.0,1.89,73.9,F
Kristin Ward,67.0,1.95,92.5,F
Stacy Garrett,59.0,1.86,99.1,M
Marcus Lin,55.0,1.73,64.1,F
Noah Stevens,62.0,1.54,63.0,F
Ryan Stephens,59.0,1.53,117.1,F
Mariah Taylor,35.0,1.69,91.3,F
Mackenzie Ellis,37.0,1.73,77.3,F
Gavin Wallace,65.0,1.8,106.1,F
Daniel Cunningham,42.0,1.5,86.8,M
Brian Taylor,55.0,1.99,66.9,F
Amy Jefferson,30.0,1.68,64.5,M
James Gordon,21.0,1.92,77.8,F
Michael Foster,31.0,1.77,110.2,M
Pamela Chavez,50.0,1.57,54.3,F
Jessica Miller,45.0,1.9,65.3,M
Lucas Ramirez,69.0,1.85,112.5,F
Kristen Tanner,54.0,1.76,58.5,M
Andrea Davis,25.0,1.76,94.1,M
Tamara Garcia,61.0,1.54,64.9,M
Sandra Cruz,51.0,1.83,92.4,F
Stanley Adams,61.0,1.96,76.8,F
Allison Terrell,22.0,1.55,57.1,F
Rhonda Dennis,22.0,1.63,90.8,M
Jeremiah Bradford,48.0,1.95,97.8,F
David Jones,62.0,1.64,97.6,M
Derek Merritt,26.0,1.83,94.6,F
Kenneth Cohen,59.0,1.77,85.0,M
James Johnson,49.0,1.8,86.4,M
Anthony Robles,50.0,1.71,94.5,M
David Ward,20.0,1.65,98.3,F
Joshua Ortiz,47.0,1.52,95.8,M
Jennifer Taylor,67.0,1.87,91.1,F
Philip Mccullough,29.0,1.87,60.9,M
Christine Scott,46.0,1.84,64.7,F
Kim Williams,20.0,1.82,68.2,M
Kyle Kelley,43.0,1.62,114.4,M
James Swanson,47.0,1.51,103.2,M
Abigail Matthews,26.0,1.9,88.7,F
Caitlin Martin,43.0,1.75,67.6,M
Kerry Carter,19.0,1.65,57.8,M
Jason Romero,20.0,1.55,112.9,F
Rebecca Powell,63.0,1.53,112.5,F
Jeremy Bass,21.0,1.67,57.7,M
Gregory Simpson,42.0,1.9,105.8,F
John Jones,68.0,1.96,81.3,F
Brittany Wright,30.0,1.95,72.7,M
Ryan Fisher,56.0,1.96,101.7,F
Timothy Carpenter,61.0,1.95,93.0,M
Bethany Edwards,52.0,1.76,104.6,M
Travis Phillips,40.0,1.61,55.2,M
Michael Perez,26.0,1.9,72.3,F
Michael Ryan,19.0,1.61,72.4,F
Scott Gibbs,58.0,1.63,73.1,M
Jill Johnson,61.0,1.62,85.2,M
Stephanie Anderson,48.0,1.76,69.8,F
Traci Miller,61.0,1.66,81.1,F
Gerald Ayers,64.0,1.58,75.7,M
Timothy Spencer,19.0,1.73,101.5,M
Eric Gibson,49.0,1.94,92.2,M
Jeffrey Guzman,35.0,1.79,95.8,F
Amanda Harper,30.0,1.94,64.7,M
Michael Miller,63.0,1.6,72.8,F
Andrew Hodges,22.0,1.58,51.5,M
Terry Mathews,59.0,1.79,57.6,F
Travis King,61.0,1.73,68.6,F
Jessica Porter,27.0,1.83,54.6,M
Bradley Neal,60.0,1.9,92.2,F
Christopher Martinez,42.0,1.88,119.9,F
James Schaefer,51.0,1.97,57.1,M
Joseph Blake,54.0,1.7,107.5,F
Cynthia Payne,47.0,1.6,58.3,F
Adam Turner,24.0,1.78,96.9,M
Rachel Pratt,23.0,1.56,95.0,F
Michael Ramsey,20.0,1.64,113.2,F
Michelle Fisher,30.0,1.6,58.0,M
Peter Williams,20.0,1.7,72.1,M
Ian Aguilar,43.0,1.56,56.4,M
Christina Griffin,41.0,1.52,78.5,F
Kevin Williams,23.0,1.83,113.8,M
Anna Stewart DVM,60.0,1.81,104.7,M
Michelle Sanchez,66.0,1.85,100.6,M
Kimberly Nguyen,59.0,1.83,87.3,M
Erica Myers,29.0,1.56,111.8,M
Alexander Campbell,66.0,1.65,81.5,M
Tina Jefferson,53.0,1.56,60.5,M
Felicia Patterson,19.0,1.92,108.6,F
Theresa Williams,28.0,1.87,69.6,F
William Stephens,56.0,1.6,53.8,M
John Guerrero,51.0,1.67,58.8,M
Chad White,43.0,1.98,92.6,F
Bradley Garner,35.0,1.8,92.5,M
Gabriel Torres,38.0,1.9,68.2,F
Kevin Smith,53.0,1.63,100.9,M
Anne Jones,57.0,1.61,104.2,F
Glenn Moore,69.0,1.89,114.4,M
Michael Reilly,63.0,1.84,90.9,F
Miss Kristin Gonzalez MD,61.0,1.84,104.6,F
Teresa Carter,39.0,1.78,102.7,M
Elizabeth Coleman,47.0,1.78,68.0,F
Alejandro Goodwin,67.0,1.87,71.7,F
Paul King,60.0,1.64,83.5,M
Daniel Brown,47.0,1.68,51.3,F
Xavier Friedman,25.0,1.94,70.8,F
Kyle Cruz,51.0,1.65,83.2,F
Sierra Rodriguez,64.0,1.77,57.6,F
Anthony Bowers,26.0,1.85,58.8,M
David Arnold,68.0,2.0,82.4,F
Joseph Meyer,37.0,1.72,101.2,F
Lorraine Herman,57.0,1.71,108.4,F
Christopher Jordan,42.0,1.92,88.2,F
Sarah Beck,36.0,1.9,83.2,M
John Shannon,22.0,1.87,76.9,F
Diane Atkins,28.0,1.73,63.5,M
Tara Lindsey,32.0,1.66,60.3,M
Andrew Brooks,25.0,1.8,105.4,F
Latasha Ryan,36.0,1.94,82.6,M
Denise Jones,40.0,1.94,105.3,F
Brianna Hughes,44.0,1.55,99.3,F
Mark Madden,57.0,1.71,63.6,F
Wayne Reed,49.0,1.73,85.7,M
Megan Davis,43.0,1.99,81.1,M
Chelsea Lang,44.0,1.84,79.7,F
Michael Johnson,36.0,1.7,88.0,M
Danielle Armstrong,67.0,1.51,118.7,M
Destiny Cummings,59.0,1.78,106.9,M
Sara Miller,46.0,1.55,113.3,M
Daniel Huerta,56.0,1.92,52.1,F
Brandon Crawford,58.0,1.88,59.8,F
Heather Price,50.0,1.73,55.9,F
Charles Brown,36.0,1.71,68.4,M
Cynthia Bender,54.0,1.95,80.9,F
Whitney James,36.0,1.64,94.9,F
Karen Johnson,50.0,1.62,85.1,F
Michael Johnston,64.0,1.97,113.2,M
Tammy Zhang,33.0,1.9,115.8,M
Joshua Harris,40.0,1.91,61.4,M
Alexander Jimenez,24.0,1.6,109.7,F
Mark Davis,43.0,1.57,83.7,F
Christine Arnold,49.0,1.51,81.7,F
Amy Daniels,29.0,1.62,104.9,M
Andrew Schroeder,25.0,1.89,56.5,F
Gloria Johnson,22.0,1.62,111.8,M
Daniel Wood,59.0,1.86,97.0,M
Richard Duncan,45.0,1.63,111.3,M
Alicia Bridges,22.0,1.7,119.6,F
Nicholas Davidson,66.0,1.99,86.3,M
Melissa Frey,43.0,1.62,56.5,F
Jonathan Grant,22.0,1.69,61.7,M
Jerry Murray,39.0,1.65,72.7,F
Ashley Rangel,32.0,1.55,57.2,M
Dawn Gates,30.0,1.74,107.1,F
Dr. Mary Rios,45.0,1.69,70.8,F
Jonathan Solomon,50.0,1.85,118.3,M
Bradley Price,60.0,1.91,99.2,F
Brian Wright,40.0,1.77,62.1,F
Michael Fowler,50.0,1.52,83.3,M
Elizabeth Holmes,60.0,1.81,82.7,M
Andrea Deleon,35.0,1.53,84.5,F
Evelyn Vargas,67.0,1.81,87.5,M
Daniel Schneider,47.0,1.84,52.2,F
James Phillips,43.0,1.6,98.0,M
Jessica Bishop,33.0,1.91,84.1,M
Jessica Khan,30.0,1.96,105.4,M
John Porter,56.0,1.91,107.1,F
Stephanie Graham,50.0,1.65,66.1,M
Micheal Haynes,43.0,1.79,53.4,F
Elizabeth Faulkner,65.0,1.96,99.2,F
Cole Morris,18.0,1.66,118.4,M
Matthew Lopez,66.0,1.91,81.3,M
Justin Austin,55.0,1.5,68.2,M
Ryan Chaney,19.0,1.5,61.0,M
Lisa Ashley,66.0,1.88,70.1,M
Maria Nelson,23.0,1.88,73.0,F
Michelle Pollard,63.0,1.89,79.7,M
Angel Chang,67.0,1.97,95.9,F
Michelle Roberts,55.0,1.56,69.1,F
Jeremy Jackson,59.0,1.62,53.6,M
Sheryl Ross,41.0,1.95,76.1,M
Kelli Watkins,35.0,1.59,109.9,F
Michael Williams,44.0,1.84,84.9,F
Stephanie Mcdonald,58.0,1.77,117.5,M
Roger Hill,25.0,1.54,85.3,F
Laura Hill,45.0,1.64,69.3,F
Michael Lee,27.0,1.76,63.5,F
Eric Ramirez,34.0,1.93,98.6,M
James Stone,46.0,1.85,87.5,F
Thomas Dean,23.0,1.81,92.3,F
Michelle Love,31.0,1.75,102.9,F
Anita Ball,39.0,1.65,100.8,M
Kelly Thornton,23.0,1.56,53.0,M
Megan Hill,43.0,1.7,106.2,F
Heidi Shaw,56.0,1.51,87.3,F
Tina Marks,29.0,1.61,77.4,F
Jason Wu,52.0,1.72,87.6,M
Edward Hudson,31.0,1.71,92.9,M
Derek Lewis,39.0,1.52,60.5,F
Victoria Williams,68.0,1.79,79.2,F
Sydney Martin,40.0,1.77,73.5,F
Alex Adams,65.0,1.54,74.5,F
Amanda Phillips,24.0,1.97,56.4,F
Zachary Cole,57.0,1.55,61.2,F
Sheri Mason,67.0,1.93,61.3,F
Ethan Perez,42.0,1.5,76.1,M
Lynn Nelson,30.0,1.94,112.6,M
Calvin Clark,38.0,1.51,64.4,M
Matthew Perez DDS,58.0,1.88,79.1,F
Jennifer Thomas,27.0,1.68,71.8,M
Kevin Maldonado,26.0,1.87,105.1,F
Theresa Jones,32.0,1.7,53.5,M
Cynthia Russo,69.0,1.54,63.8,M
Jennifer Mcdowell,19.0,1.88,64.7,M
James Davidson,42.0,1.54,119.5,M
Jennifer Curtis,30.0,1.96,90.0,M
Elizabeth Patterson,51.0,1.53,59.7,F
Brad Franklin,68.0,1.74,69.1,F
Joshua Hall,51.0,1.86,61.7,M
Mr. Dakota Casey MD,52.0,1.7,58.7,F
Andrew Bryan,55.0,1.61,105.8,M
Joseph Black,20.0,1.88,84.7,M
Timothy Crane,59.0,1.89,94.2,M
Melinda Sanders,23.0,1.96,73.2,F
Juan Davis,65.0,1.69,88.8,M
Ryan Case,66.0,1.75,68.0,M
Cody Henry,36.0,1.68,71.6,F
Diane Thompson,20.0,1.63,95.7,M
Carolyn Bryan,35.0,1.88,60.5,F
Ashley Larsen,56.0,1.67,93.2,F
Robert Berry,26.0,1.71,109.7,F
Jennifer Snyder,69.0,1.7,58.4,F
Alicia Willis,29.0,1.86,112.8,F
Dawn Ramos,22.0,1.96,55.6,F
Erica Washington,20.0,1.83,74.4,F
Matthew Lawrence,28.0,1.74,92.7,F
Barry Fowler,47.0,1.89,89.2,F
Amanda Valencia,21.0,1.82,56.7,F
Susan Adams,22.0,1.53,105.9,F
Kimberly Roy,18.0,1.55,118.1,F
Vanessa Rodriguez,44.0,1.52,62.7,F
Ryan Lopez,45.0,1.73,112.7,F
Mary Ho,46.0,1.91,89.0,F
Cynthia Porter,35.0,1.66,115.5,F
Jasmin Jones,29.0,1.69,62.3,F
Thomas Hartman,30.0,1.95,105.4,M
Natalie Walker,58.0,1.92,54.2,M
Angela Wade,19.0,1.83,111.8,F
Daniel Hill,54.0,1.63,97.2,F
David Yang,62.0,1.56,75.9,M
Diane Morales,33.0,1.51,63.3,M
Mr. Jared Thomas,65.0,1.55,107.2,F
Anthony Clark,41.0,1.65,92.2,F
Steven Johnson,52.0,1.78,75.2,M
Joshua Rivera,39.0,1.53,81.1,F
Steven Tate,53.0,1.57,107.9,M
Kathy Anderson,28.0,1.59,73.7,F
Alan Collins,63.0,1.82,56.3,M
Dakota Reid,46.0,1.81,113.8,F
David Wyatt,52.0,1.78,77.1,F
Debra Johnson,65.0,1.63,74.4,M
Blake Carter,32.0,1.69,64.3,F
Adam Myers,48.0,1.55,112.8,M
Scott Kelley,59.0,1.61,65.2,M
Kevin Thompson,58.0,1.95,94.6,M
Cindy Morton,60.0,1.99,111.7,F
Tyler Ferguson,33.0,1.82,52.4,M
Elizabeth Adams,27.0,1.96,108.0,F
Timothy King,66.0,1.82,78.7,M
Ashley Schneider,49.0,1.52,96.1,M
Eugene King,68.0,2.0,76.1,M
Brian Garrett,19.0,1.55,98.7,M
Mark Santana,41.0,1.84,67.8,F
Linda James,40.0,1.63,51.5,F
Jacob Lynch,19.0,1.7,116.3,F
Megan Miller,55.0,1.82,51.1,F
Megan Nguyen,48.0,1.72,107.7,F
Christina Shaw,68.0,1.63,61.8,F
Richard Howe,57.0,1.67,77.5,M
Tracy Morgan,43.0,1.67,107.6,F
Paul Larson,46.0,1.98,64.4,F
David Williams,20.0,1.9,110.6,F
Karen Santiago,31.0,1.73,84.8,F
Lisa Simmons,42.0,1.6,75.6,F
James Webb,65.0,1.91,96.4,F
Matthew Navarro,18.0,1.58,73.9,M
James Chapman,20.0,1.61,74.3,M
Chelsea Davidson,43.0,1.68,101.3,F
Kimberly Reyes,35.0,1.94,71.7,M
Susan Hicks,26.0,1.57,64.1,F
Thomas Johnson,55.0,1.56,106.5,M
Matthew Barnes,40.0,1.75,106.4,F
Wendy Smith,38.0,1.64,84.8,M
Ryan Hurst,18.0,1.78,86.9,M
Rachel Moore,38.0,1.73,98.7,F
Sean Richardson,44.0,1.72,85.6,F
Brittany Parks,59.0,1.56,79.2,M
Stephen Blankenship,23.0,1.57,119.6,F
Morgan Padilla,61.0,1.91,60.3,F
Mark Alexander,53.0,1.94,91.5,F
Karen Anthony,45.0,1.62,112.0,F
Brandon Mcdowell,62.0,1.56,98.1,F
Justin Sanchez,34.0,1.53,111.7,F
Jessica Brown,57.0,1.8,73.5,M
Sarah Henderson,69.0,1.86,69.0,F
Dr. Melissa Parker,20.0,1.69,109.6,F
Martin Myers,29.0,1.84,77.6,M
Drew Dawson,56.0,1.86,99.7,M
Douglas Robinson,29.0,1.97,60.3,M
Abigail Sutton,19.0,1.53,102.9,F
Nancy Jackson,63.0,1.6,88.4,M
Joseph Horn,39.0,1.53,68.8,M
Molly Buckley,40.0,1.93,84.6,M
Jordan Hutchinson,47.0,1.9,98.8,M
Krista Welch,22.0,1.79,50.8,M
Patricia Becker,26.0,1.54,94.6,M
Mary Wright,38.0,1.64,87.9,M
Colleen Brooks,28.0,1.65,65.4,M
Patrick Avila,22.0,1.78,102.7,F
Natalie Fisher,52.0,1.63,71.2,F
Carol Wilson,44.0,1.54,69.4,M
Jonathan Moore,66.0,1.87,83.0,F
Sean Rivera,19.0,1.65,97.3,F
Tamara Wilson,41.0,1.73,115.0,F
Frank Perry,48.0,1.56,59.9,M
Christopher Gonzalez,50.0,1.9,77.8,M
Robert Griffith,56.0,1.78,54.7,F
Natalie Morales,47.0,1.95,103.1,M
Donald Bowman,63.0,1.75,81.3,F
Aaron Beltran,54.0,1.97,99.5,M
Jamie Chapman,68.0,1.95,72.6,F
James Nielsen,45.0,1.79,109.1,M
Brian Miller,48.0,1.97,87.4,M
Ryan Perkins,28.0,1.66,116.1,F
Pamela Miller,40.0,1.68,55.5,F
Benjamin Gray,19.0,1.52,86.0,F
Clayton Williams,57.0,1.79,103.7,F
Tracy Burgess,58.0,1.86,92.0,M
Ashlee Lawrence,44.0,1.89,51.6,M
Michaela Long,52.0,1.57,118.1,F
Corey Morales,19.0,1.72,70.9,F
Christopher Santos,56.0,1.59,67.4,M
Timothy Moore,54.0,1.83,84.0,M
Mario Morris,38.0,1.58,88.0,M
Jade Baker,22.0,1.95,103.6,M
Fernando Gonzalez,69.0,1.62,77.5,F
Michelle Cook,62.0,1.65,80.8,F
Jennifer Harris,38.0,1.93,87.4,M
Michelle Cain,46.0,1.73,77.6,M
April Harris,37.0,1.51,114.0,F
Julia Lopez,55.0,1.75,109.6,F
Shannon Clark,37.0,1.54,81.8,M
Jacob Gomez,67.0,1.99,50.0,F
Logan Alvarado,42.0,1.79,113.1,F
Crystal Jones,19.0,1.63,58.7,M
Becky Lopez,49.0,1.78,67.1,F
Jacob Parker,43.0,1.54,60.7,M
Edward Green,23.0,1.9,62.6,M
Pamela Wilkins,58.0,1.96,106.2,M
Desiree Price DDS,20.0,1.94,90.6,F
Ricardo Hebert,50.0,1.67,116.9,F
Caroline Larsen,18.0,1.66,66.2,F
Kiara Barrera,68.0,1.52,84.0,M
Michael Hicks,22.0,1.83,118.4,F
Stacy Jimenez,30.0,1.77,107.9,F
Christopher Wade,36.0,1.73,101.0,M
Dylan Fisher,29.0,1.95,63.2,F
Jennifer Estrada,65.0,1.58,103.9,F
Hannah Ayala,42.0,1.5,74.3,M
Joyce Burton,68.0,1.54,87.1,F
Brandon Jackson,52.0,1.61,92.6,F
Christina Clark,29.0,1.52,92.7,F
Jordan Lang,47.0,1.75,100.9,F
Nicholas Hall,22.0,1.66,96.3,F
Theresa Johnson,51.0,1.59,54.8,F
Maria Williams,39.0,1.88,82.0,M
Sandra Ray,56.0,1.6,96.5,M
Nicole Cole,30.0,1.84,70.7,M
Jose Martinez,64.0,1.67,71.9,F
Mr. Michael Morales,20.0,1.76,58.7,M
Ellen Black,37.0,1.97,79.3,M
Charles Simmons DDS,48.0,1.52,119.1,M
Robert Johnson,22.0,1.75,70.0,F
Brooke Ayers,41.0,1.93,87.2,M
Matthew Flowers,57.0,1.79,102.0,F
Katie Hoffman,50.0,1.64,50.9,M
Ryan Davis,25.0,1.7,113.0,M
Rachel Powell,41.0,1.84,77.1,M
Robert Huber,67.0,1.95,110.8,M
John Espinoza,37.0,1.52,52.7,F
Claudia Sullivan,33.0,1.54,60.2,M
Tiffany Figueroa,67.0,1.66,72.6,M
Amy Morales,69.0,1.62,74.2,M
Jennifer Jones,29.0,1.63,109.3,F
Mr. Barry Riley,30.0,1.61,50.8,M
Gary Woods,62.0,1.6,94.9,M
Kevin Edwards,59.0,1.57,59.2,F
Samantha Mcguire,56.0,1.97,107.6,F
Christopher Williams,42.0,1.57,104.5,M
Madison Byrd,63.0,1.6,85.0,M
Kayla Graham,49.0,1.62,64.9,M
Edward Robles,41.0,1.97,94.4,M
Jason Tyler,65.0,1.88,60.9,F
Michael Ortiz DDS,64.0,1.89,63.3,M
Brian Hancock,61.0,1.55,93.9,M
Christopher Brown,26.0,1.92,119.4,M
Victoria Morales,57.0,1.7,112.4,F
Donna Martinez,67.0,1.63,91.5,F
Eric Cummings,40.0,1.79,87.7,M
Lisa Harrington,67.0,1.91,119.9,F
Elaine Baker,30.0,1.89,88.3,M
John Dixon,49.0,1.94,79.4,M
Christopher Sosa,67.0,1.96,113.7,F
Jose Moss,32.0,1.62,66.4,F
Dylan Fry,53.0,1.71,56.8,F
Tyler Hernandez,66.0,1.51,94.4,M
Brenda Smith,22.0,1.94,56.7,F
Andrew Marshall,39.0,1.58,76.1,M
Pamela Lara,33.0,1.93,79.7,F
Shannon Blanchard,58.0,1.66,88.3,M
Sarah West,27.0,1.68,119.4,M
Kristin Daniel,41.0,1.52,65.5,M
Emily Simon,35.0,1.66,76.3,F
Traci Howell,66.0,1.94,59.3,F
Jennifer Davis,35.0,1.51,92.5,F
Emily Harris,24.0,1.7,100.9,M
Jennifer Butler,21.0,1.52,83.7,F
Seth Johnson,43.0,1.69,67.2,F
Raymond Humphrey,22.0,1.59,93.5,F
Kathleen Ortega,33.0,1.63,87.7,F
Kristi Hernandez,52.0,1.94,62.0,M
Diana Holmes,43.0,1.72,78.4,F
Brandon Garcia,35.0,1.64,80.5,M
Melissa Ballard,46.0,1.79,118.8,M
Joel Spencer,40.0,1.57,109.5,M
Ashley Morgan,31.0,1.63,101.4,M
Julie Leon,32.0,1.77,112.2,M
Christopher Small,66.0,1.62,101.5,F
Teresa Smith,50.0,1.84,113.2,F
Nathan Greene,42.0,1.75,53.8,M
Rebecca Miller,38.0,1.89,81.9,F
Amy Carter,34.0,1.97,102.3,M
Jennifer Hill,40.0,1.56,90.8,M
Tammy Warren,60.0,1.67,62.3,M
William Rangel,34.0,1.66,73.8,M
Joshua Davidson,31.0,1.58,72.2,F
Lindsey Jacobson,46.0,1.91,68.3,M
William Proctor,37.0,1.88,74.0,F
Carmen Smith,47.0,1.74,86.0,F
Scott Santana,36.0,1.77,109.8,F
Breanna Guerrero,56.0,1.53,101.9,F
Shannon Gomez,30.0,1.78,108.5,M
Jackie Martin,35.0,1.9,111.9,F
Brandi Meyer,40.0,1.79,79.1,M
Alexis Melton,63.0,1.63,74.2,F
Jacqueline Villarreal,50.0,1.83,54.0,M
Jonathan Gonzalez,56.0,1.68,115.1,M
Francisco Rodriguez,57.0,1.77,54.6,F
Charles Mendoza,35.0,1.74,101.9,F
Tonya Duffy,26.0,1.69,76.5,F
Beverly Stephens,50.0,1.86,116.4,M
Katrina Smith,49.0,1.94,79.4,F
Gina Nelson,34.0,1.5,107.2,F
Larry Meyer,36.0,1.97,69.8,F
Laura Peterson,44.0,1.76,70.9,M
Kimberly Dominguez,23.0,1.85,91.7,F
Debra Sullivan,52.0,1.93,119.9,F
David Hall,54.0,1.73,86.2,M
Ryan Herman,51.0,1.92,115.5,F
Sarah White,37.0,1.59,105.0,M
Patricia Jenkins,42.0,1.58,105.7,M
Robin Aguilar,21.0,1.83,80.5,M
Mary Mora,27.0,1.94,77.1,M
Dawn Turner,27.0,1.95,63.4,M
Chad Cole,41.0,1.82,117.5,M
Joshua Cochran,38.0,1.76,117.2,M
Christopher Campbell,28.0,1.67,102.3,M
Beth Romero,44.0,1.99,70.7,
Matthew Gonzales,33.0,1.66,67.2,M
Mary Turner,43.0,1.87,119.2,M
Nathan Smith,47.0,1.77,54.7,M
Lisa Harris,66.0,1.8,109.0,M
Christine Sanchez,33.0,1.7,74.9,M
Jason Mcpherson,24.0,1.98,79.3,F
Kelly Cortez,33.0,1.79,108.2,M
Robert Miller,52.0,1.97,56.3,F
Eric Robertson,33.0,1.5,74.8,F
Tracy Baird,57.0,1.79,116.6,F
Shari Miller,29.0,1.86,98.9,F
Rebecca Lee,52.0,1.87,102.8,F
James Williams,66.0,1.95,103.0,F
Jordan Evans,38.0,1.5,54.2,M
Jonathan Nicholson,67.0,1.5,64.2,F
Cindy Johnson,60.0,1.74,84.4,M
Curtis Underwood,53.0,1.51,75.8,M
Jose Williams,65.0,1.99,78.8,F
Cathy Curry,34.0,1.61,104.7,M
Scott Pena,49.0,1.74,51.0,M
Michael Walker,58.0,1.53,96.2,F
Tammy Garza,23.0,1.76,50.0,M
Kevin Ramirez,41.0,1.69,54.4,F
Briana Harper,44.0,1.52,78.6,F
Taylor Stewart,37.0,1.67,108.9,F
Alison Wagner,42.0,1.7,60.1,F
Jessica Chavez,19.0,1.99,88.8,F
Jacob Johnson,26.0,1.6,97.5,M
Brett Butler,45.0,1.77,66.1,F
George Reyes,55.0,1.99,85.9,F
Robert Reed,20.0,1.9,113.8,M
Jason Figueroa,37.0,2.0,85.9,F
Jamie Watson,23.0,1.98,61.0,F
Grace Greer,56.0,1.74,93.9,F
Christopher Roberts,50.0,1.85,91.5,F
Shane Moore,18.0,1.56,51.9,F
Misty Howell,54.0,1.72,56.3,F
Bridget Figueroa,23.0,1.9,61.0,F
James Underwood,62.0,1.75,59.5,M
Sally Lozano,51.0,1.85,68.2,F
Jennifer Chandler,64.0,1.87,81.8,M
Benjamin Norton,32.0,1.63,76.0,F
Stuart Weber,62.0,1.94,112.3,F
Thomas Collins,43.0,1.73,92.8,F
Hannah Patterson,31.0,1.61,111.3,M
Patricia Ibarra MD,24.0,1.93,86.9,M
Sarah Love,63.0,1.71,56.3,M
Anna Wilson,48.0,1.88,82.4,F
Angela Morales,41.0,1.77,107.5,F
Matthew Duke,48.0,1.69,63.6,M
Paul Murphy,46.0,1.9,56.4,M
Anthony Smith,59.0,1.79,73.1,F
Jamie Carter,49.0,1.7,77.2,F
Eric Cain,34.0,1.55,71.4,F
Alicia Castillo,31.0,1.95,59.5,M
Jason Martin,57.0,1.52,67.6,M
Kevin Liu,53.0,1.93,97.8,F
Timothy Patrick,65.0,1.68,77.0,F
Debra Benson,41.0,1.82,94.3,F
Todd Johnson,62.0,1.96,87.5,M
Melissa Rivers,44.0,1.58,88.4,F
Nicholas Smith,42.0,1.78,67.4,M
Angel Harris,49.0,1.88,86.5,M
Lisa Wu,69.0,1.88,51.7,M
Timothy Mcdonald,35.0,1.76,80.2,F
Ronald Miller,63.0,1.81,90.1,F
Dr. Lisa Smith,35.0,1.88,62.7,M
Bianca Frye,54.0,1.92,68.0,M
Joseph Gregory,43.0,1.88,65.4,F
Joshua Munoz,26.0,1.68,54.9,M
Warren Melton,52.0,2.0,74.4,F
Natalie Roberson,25.0,1.72,118.5,F
Rebecca Lindsey,37.0,1.51,74.8,F
Michael Walters,59.0,1.68,82.2,F
Catherine Martinez,39.0,1.56,95.7,M
Joshua Klein,36.0,1.56,95.4,F
Thomas Davis,47.0,1.64,116.5,M
Melissa Khan DDS,45.0,1.53,110.0,M
Tracy Williams,52.0,1.84,105.6,M
Michelle Joseph,60.0,,116.6,F
John Rogers,28.0,1.6,66.2,F
Devon Doyle,48.0,1.55,93.2,M
Max Brown,66.0,1.53,112.1,F
Michael Rivera,65.0,1.63,93.7,F
Anthony Austin,56.0,1.79,118.4,F
Alison Trevino,53.0,1.98,57.0,F
Theresa Myers,47.0,1.94,80.8,F
Kaitlyn Hunter,40.0,1.94,118.4,M
Timothy Diaz,36.0,1.59,76.6,F
John Mitchell,29.0,1.63,101.8,F
Alec Gonzales,32.0,1.54,52.1,M
Scott Rasmussen,48.0,1.89,98.6,F
Jamie Mejia,60.0,1.53,115.4,M
Donna Browning,54.0,1.78,76.8,M
Theresa Shaffer,54.0,1.62,51.5,F
Katie Gomez,32.0,1.62,52.0,M
Tina Ware,46.0,2.0,112.4,M
Luke Kelly,67.0,1.88,100.6,F
Lauren Keller,60.0,1.92,57.5,M
Teresa Brown,43.0,1.79,53.8,F
Gregory Rasmussen,61.0,1.94,106.3,M
Tracy Roberts,19.0,1.82,106.7,F
Jessica Berg,37.0,1.97,58.4,M
Nicholas Day,32.0,1.64,71.1,F
Pamela Woods,69.0,1.8,104.6,F
Joseph Chavez,21.0,1.85,86.8,M
Paul Lee,39.0,1.7,117.0,M
Robert Wilson,67.0,1.94,83.7,F
Randy Clark,55.0,1.99,97.4,M
Joel Perez,40.0,1.75,85.7,M
Laurie Smith,43.0,1.7,116.0,M
Alejandra Randolph,68.0,1.74,77.9,F
Tracey Hayes,28.0,1.93,66.1,F
Krista Johnson,45.0,1.82,72.9,F
Calvin Ross,19.0,1.52,109.7,M
Elizabeth Mora,25.0,1.77,84.9,M
Brandon Taylor,46.0,1.51,74.8,M
Laura Vargas,28.0,1.89,88.1,F
Mr. Randy Parker,54.0,1.66,59.3,F
Michael Payne,35.0,1.74,50.4,F
Kimberly Murphy,67.0,1.9,69.6,F
David Cooper,31.0,1.52,92.4,M
Tiffany Stephens,27.0,1.58,99.8,M
Ashley Smith,52.0,1.7,107.9,M
Emily Moore,26.0,1.61,114.9,F
Daniel Delacruz,52.0,1.67,78.8,M
Dwayne Barajas,28.0,2.0,101.8,M
Emily Tucker,61.0,1.91,55.2,F
Angela Newton,29.0,1.94,54.0,F
Brianna Young,20.0,1.97,58.7,M
Leslie Garcia,56.0,1.67,81.4,F
Lisa Gallagher,31.0,1.65,64.8,M
Todd Hart,45.0,1.62,70.1,M
Jose Bonilla,28.0,1.92,95.4,F
Cynthia Bray,56.0,1.84,75.1,F
Heather James,42.0,1.62,89.0,M
Casey Colon,38.0,1.69,78.9,F
Laura Moreno,27.0,1.75,61.8,F
Anna Ayala,60.0,1.76,55.2,M
David Singh,32.0,1.94,66.5,M
William Perez,36.0,1.69,54.0,M
Dennis Pearson,65.0,1.95,93.3,F
Jesus Garcia,39.0,1.72,105.7,F
Monique Black MD,38.0,1.87,73.8,F
Michael Watson,69.0,1.97,77.1,M
Jennifer Wallace,61.0,1.95,107.1,F
Luke Allen,49.0,1.53,65.6,M
Tiffany Burke,67.0,1.6,58.3,F
Tanner Flores,40.0,1.74,85.1,M
Sarah Mccoy,30.0,1.72,95.2,F
James Carroll,22.0,1.82,92.0,M
Justin Singh,21.0,1.97,100.0,M
Courtney Johnson,45.0,1.56,54.0,M
Lisa Oneal,31.0,1.73,80.0,M
Peter Wood,25.0,1.6,66.7,F
Angela Hale,26.0,1.95,103.1,F
Leslie Brooks,68.0,1.98,111.1,F
Nathan Singleton,52.0,1.74,69.7,F
Jonathan Rodriguez,54.0,1.55,56.7,F
Belinda Martinez,38.0,1.89,67.7,M
Ryan Nicholson,35.0,1.85,57.3,F
Robert Dunn,50.0,1.68,72.6,F
Laurie Bennett,25.0,1.94,87.7,M
Philip Henson,68.0,1.99,118.2,F
Terri Peters DVM,66.0,1.78,78.0,F
Shaun Ruiz,34.0,1.78,65.4,F
Paul Jensen,60.0,1.65,61.7,M
Alexandra Martin,48.0,1.79,62.1,M
Ralph Burch,51.0,1.72,63.5,F
Jeff Jackson,23.0,1.65,103.4,M
Gregory Clark,39.0,1.53,54.3,F
Richard Wu,31.0,1.63,119.8,M
Sarah Soto,20.0,1.6,86.6,M
Michael Hunt,29.0,1.77,88.1,F
Matthew Martinez,53.0,1.8,75.0,M
Eric Cline,29.0,1.8,98.3,F
Steven Davies,62.0,1.69,83.0,M
Keith Chen,19.0,1.71,73.0,F
Edward Bonilla,19.0,1.92,68.6,M
Cameron Wright,32.0,1.74,114.8,F
Devon Jackson,40.0,1.99,70.4,F
Jennifer Barron,46.0,1.72,80.5,F
Nathaniel Perez,34.0,1.82,74.5,F
Michelle Atkinson,49.0,1.53,56.0,M
Gabriel Smith,24.0,1.83,63.0,F
Douglas King,47.0,1.93,63.3,M
Mario Patterson,45.0,1.97,98.6,M
William Robbins,31.0,2.0,78.5,F
David Hill,61.0,1.64,104.7,F
Carly Clark,47.0,1.79,99.6,F
Rebecca Hawkins,34.0,1.73,63.4,F
Kathryn Downs,49.0,1.78,89.4,M
Lindsay Donovan,63.0,1.58,102.0,F
Christopher Shepard,23.0,1.93,94.3,F
Robin Williams,68.0,1.95,92.0,F
Joanna Murphy,41.0,1.72,101.8,F
Kelly Wilson,23.0,1.64,54.0,M
Linda Lopez,44.0,1.57,101.2,M
Courtney Calhoun,35.0,1.84,69.1,M
William Massey,41.0,1.66,90.0,F
Sandra Johns,54.0,1.95,67.0,M
Cynthia Francis,41.0,1.84,108.7,F
Nicholas Rogers,55.0,1.82,83.6,M
Jorge Thomas,51.0,1.78,95.0,F
James Bell,57.0,1.52,105.6,M
Dr. Kathleen Patrick PhD,64.0,1.97,112.7,F
Mrs. Brenda Howe,32.0,1.81,101.2,F
